frame_index,unix_ms,read_ms,is_dup,x0_mv,y0_mv,r_mv,theta_deg,noise_mv,pll_a,pll_b,overload_a,overload_b
0,1780759680471,14.833,0,-2.950608e-7,-6.070940e-7,6.749993e-7,-115.921,9.145415e-7,0,0,0,0
1,1780759680522,14.486,0,-2.702776e-7,-5.911484e-7,6.500050e-7,-114.570,9.143245e-7,0,0,0,0
2,1780759680574,14.215,0,-2.628040e-7,-5.824119e-7,6.389597e-7,-114.287,9.141372e-7,0,0,0,0
3,1780759680625,14.426,0,-2.564630e-7,-5.575111e-7,6.136708e-7,-114.703,9.139116e-7,0,0,0,0
4,1780759680675,11.972,0,-2.634375e-7,-5.315249e-7,5.932268e-7,-116.364,9.137452e-7,0,0,0,0
5,1780759680724,14.188,0,-2.716567e-7,-5.016866e-7,5.705145e-7,-118.435,9.134913e-7,0,0,0,0
6,1780759680774,14.515,0,-2.825664e-7,-4.695757e-7,5.480375e-7,-121.037,9.132562e-7,0,0,0,0
7,1780759680825,12.010,0,-3.097340e-7,-4.466351e-7,5.435238e-7,-124.741,9.129765e-7,0,0,0,0
8,1780759680874,14.059,0,-3.310444e-7,-4.142490e-7,5.302760e-7,-128.630,9.125167e-7,0,0,0,0
9,1780759680924,12.068,0,-3.654842e-7,-3.957227e-7,5.386791e-7,-132.725,9.121057e-7,0,0,0,0
10,1780759680974,13.232,0,-3.924077e-7,-3.677827e-7,5.378178e-7,-136.855,9.114622e-7,0,0,0,0
11,1780759681023,11.873,0,-4.211406e-7,-3.573938e-7,5.523493e-7,-139.681,9.109044e-7,0,0,0,0
12,1780759681073,13.221,0,-4.474492e-7,-3.596549e-7,5.740753e-7,-141.208,9.102823e-7,0,0,0,0
13,1780759681122,12.253,0,-4.618828e-7,-3.633041e-7,5.876441e-7,-141.812,9.093575e-7,0,0,0,0
14,1780759681172,13.257,0,-4.805453e-7,-3.870963e-7,6.170635e-7,-141.147,9.086082e-7,0,0,0,0
15,1780759681220,12.978,0,-4.866010e-7,-4.048733e-7,6.330110e-7,-140.238,9.075616e-7,0,0,0,0
16,1780759681271,13.239,0,-4.943321e-7,-4.369282e-7,6.597503e-7,-138.527,9.067477e-7,0,0,0,0
17,1780759681322,13.307,0,-4.916242e-7,-4.653017e-7,6.769047e-7,-136.576,9.056257e-7,0,0,0,0
18,1780759681373,13.251,0,-4.828131e-7,-4.967491e-7,6.927251e-7,-134.185,9.047651e-7,0,0,0,0
19,1780759681424,13.352,0,-4.677818e-7,-5.270866e-7,7.047270e-7,-131.589,9.039001e-7,0,0,0,0
20,1780759681474,13.983,0,-4.352066e-7,-5.466727e-7,6.987531e-7,-128.523,9.027585e-7,0,0,0,0
21,1780759681524,12.341,0,-4.142875e-7,-5.798823e-7,7.126693e-7,-125.543,9.019247e-7,0,0,0,0
22,1780759681573,14.344,0,-3.830527e-7,-5.979881e-7,7.101543e-7,-122.642,9.008544e-7,0,0,0,0
23,1780759681623,14.605,0,-3.499902e-7,-6.120395e-7,7.050429e-7,-119.763,9.000985e-7,0,0,0,0
24,1780759681674,12.125,0,-3.153437e-7,-6.193617e-7,6.950184e-7,-116.983,8.993815e-7,0,0,0,0
25,1780759681723,13.550,0,-2.808257e-7,-6.187288e-7,6.794766e-7,-114.412,8.984747e-7,0,0,0,0
26,1780759681774,13.923,0,-2.582887e-7,-6.236240e-7,6.749962e-7,-112.498,8.978395e-7,0,0,0,0
27,1780759681825,13.938,0,-2.321776e-7,-6.137185e-7,6.561684e-7,-110.722,8.970375e-7,0,0,0,0
28,1780759681874,12.379,0,-2.145261e-7,-6.095857e-7,6.462323e-7,-109.388,8.964716e-7,0,0,0,0
29,1780759681924,13.556,0,-1.988461e-7,-5.848899e-7,6.177669e-7,-108.777,8.959354e-7,0,0,0,0
30,1780759681975,13.970,0,-1.900374e-7,-5.629693e-7,5.941790e-7,-108.653,8.952607e-7,0,0,0,0
31,1780759682025,14.575,0,-1.804657e-7,-5.438822e-7,5.730408e-7,-108.356,8.947782e-7,0,0,0,0
32,1780759682074,14.013,0,-1.732227e-7,-5.209086e-7,5.489553e-7,-108.394,8.941565e-7,0,0,0,0
33,1780759682124,14.558,0,-1.817837e-7,-5.084516e-7,5.399706e-7,-109.673,8.936946e-7,0,0,0,0
34,1780759682173,13.513,0,-1.896165e-7,-4.847775e-7,5.205417e-7,-111.363,8.930767e-7,0,0,0,0
35,1780759682223,12.121,0,-2.076239e-7,-4.745917e-7,5.180202e-7,-113.628,8.926029e-7,0,0,0,0
36,1780759682272,14.103,0,-2.224653e-7,-4.599227e-7,5.109008e-7,-115.813,8.921032e-7,0,0,0,0
37,1780759682322,14.621,0,-2.430120e-7,-4.477188e-7,5.094182e-7,-118.492,8.914036e-7,0,0,0,0
38,1780759682371,13.426,0,-2.634693e-7,-4.542792e-7,5.251530e-7,-120.113,8.908416e-7,0,0,0,0
39,1780759682423,13.295,0,-2.772154e-7,-4.542788e-7,5.321819e-7,-121.393,8.900434e-7,0,0,0,0
40,1780759682474,13.418,0,-3.038556e-7,-4.676796e-7,5.577207e-7,-123.012,8.894041e-7,0,0,0,0
41,1780759682522,12.754,0,-3.178846e-7,-4.709128e-7,5.681633e-7,-124.021,8.887247e-7,0,0,0,0
42,1780759682571,12.200,0,-3.315057e-7,-4.902128e-7,5.917808e-7,-124.068,8.877719e-7,0,0,0,0
43,1780759682621,13.337,0,-3.388421e-7,-5.075432e-7,6.102574e-7,-123.728,8.870163e-7,0,0,0,0
44,1780759682670,14.572,0,-3.402310e-7,-5.224296e-7,6.234499e-7,-123.074,8.859632e-7,0,0,0,0
45,1780759682719,13.400,0,-3.450365e-7,-5.467255e-7,6.464975e-7,-122.256,8.851473e-7,0,0,0,0
46,1780759682770,14.332,0,-3.369638e-7,-5.625541e-7,6.557528e-7,-120.921,8.843218e-7,0,0,0,0
47,1780759682819,13.045,0,-3.290995e-7,-5.953718e-7,6.802750e-7,-118.932,8.832303e-7,0,0,0,0
48,1780759682868,12.043,0,-3.020579e-7,-6.149055e-7,6.850896e-7,-116.161,8.824315e-7,0,0,0,0
49,1780759682917,14.304,0,-2.769455e-7,-6.384925e-7,6.959680e-7,-113.449,8.814270e-7,0,0,0,0
50,1780759682966,13.281,0,-2.511331e-7,-6.565946e-7,7.029824e-7,-110.931,8.807276e-7,0,0,0,0
51,1780759683016,14.354,0,-2.186560e-7,-6.643513e-7,6.994091e-7,-108.218,8.798897e-7,0,0,0,0
52,1780759683066,14.449,0,-1.932831e-7,-6.762451e-7,7.033248e-7,-105.951,8.793408e-7,0,0,0,0
53,1780759683117,14.459,0,-1.657379e-7,-6.703740e-7,6.905580e-7,-103.887,8.788442e-7,0,0,0,0
54,1780759683167,13.336,0,-1.521190e-7,-6.705022e-7,6.875415e-7,-102.782,8.782628e-7,0,0,0,0
55,1780759683216,12.289,0,-1.400123e-7,-6.575282e-7,6.722699e-7,-102.021,8.778721e-7,0,0,0,0
56,1780759683265,14.120,0,-1.319474e-7,-6.430056e-7,6.564041e-7,-101.596,8.774156e-7,0,0,0,0
57,1780759683314,13.268,0,-1.190685e-7,-6.266656e-7,6.378770e-7,-100.758,8.771120e-7,0,0,0,0
58,1780759683362,12.579,0,-1.066329e-7,-5.971190e-7,6.065654e-7,-100.125,8.768457e-7,0,0,0,0
59,1780759683411,11.792,0,-1.072468e-7,-5.820320e-7,5.918303e-7,-100.440,8.765223e-7,0,0,0,0
60,1780759683460,14.074,0,-1.093367e-7,-5.528506e-7,5.635586e-7,-101.187,8.762848e-7,0,0,0,0
61,1780759683510,14.490,0,-1.183233e-7,-5.363727e-7,5.492687e-7,-102.440,8.759664e-7,0,0,0,0
62,1780759683561,11.692,0,-1.297559e-7,-5.159989e-7,5.320634e-7,-104.115,8.757217e-7,0,0,0,0
63,1780759683610,13.518,0,-1.471846e-7,-4.979890e-7,5.192845e-7,-106.465,8.754684e-7,0,0,0,0
64,1780759683659,13.212,0,-1.691245e-7,-4.880796e-7,5.165508e-7,-109.112,8.750804e-7,0,0,0,0
65,1780759683710,13.267,0,-1.883670e-7,-4.708105e-7,5.070943e-7,-111.806,8.747394e-7,0,0,0,0
66,1780759683758,12.683,0,-2.123506e-7,-4.809060e-7,5.257027e-7,-113.825,8.742056e-7,0,0,0,0
67,1780759683807,12.290,0,-2.311832e-7,-4.942937e-7,5.456849e-7,-115.066,8.737393e-7,0,0,0,0
68,1780759683857,13.316,0,-2.537391e-7,-5.239516e-7,5.821588e-7,-115.840,8.730290e-7,0,0,0,0
69,1780759683906,12.060,0,-2.684880e-7,-5.518586e-7,6.137049e-7,-115.944,8.724185e-7,0,0,0,0
70,1780759683955,13.940,0,-2.781218e-7,-5.865472e-7,6.491451e-7,-115.369,8.717515e-7,0,0,0,0
71,1780759684006,13.565,0,-2.870681e-7,-6.349134e-7,6.967949e-7,-114.330,8.707953e-7,0,0,0,0
72,1780759684058,13.351,0,-2.835528e-7,-6.682256e-7,7.258978e-7,-112.993,8.700687e-7,0,0,0,0
73,1780759684108,13.638,0,-2.812183e-7,-7.156299e-7,7.689017e-7,-111.453,8.690862e-7,0,0,0,0
74,1780759684156,13.446,0,-2.673551e-7,-7.466886e-7,7.931095e-7,-109.700,8.683397e-7,0,0,0,0
75,1780759684208,13.248,0,-2.507407e-7,-7.762321e-7,8.157249e-7,-107.902,8.675952e-7,0,0,0,0
76,1780759684259,13.224,0,-2.300793e-7,-8.070301e-7,8.391866e-7,-105.913,8.665962e-7,0,0,0,0
77,1780759684308,14.628,0,-2.035337e-7,-8.195753e-7,8.444701e-7,-103.947,8.658770e-7,0,0,0,0
78,1780759684358,12.529,0,-1.786207e-7,-8.329780e-7,8.519141e-7,-102.103,8.649887e-7,0,0,0,0
79,1780759684408,13.532,0,-1.466037e-7,-8.272640e-7,8.401537e-7,-100.049,8.643991e-7,0,0,0,0
80,1780759684460,13.247,0,-1.168584e-7,-8.239144e-7,8.321603e-7,-98.073,8.639011e-7,0,0,0,0
81,1780759684508,12.392,0,-8.567055e-8,-8.093012e-7,8.138230e-7,-96.043,8.633686e-7,0,0,0,0
82,1780759684559,13.360,0,-5.729753e-8,-7.945416e-7,7.966049e-7,-94.125,8.630541e-7,0,0,0,0
83,1780759684607,12.804,0,-3.491436e-8,-7.757619e-7,7.765472e-7,-92.577,8.627295e-7,0,0,0,0
84,1780759684656,14.410,0,-1.277686e-8,-7.431907e-7,7.433006e-7,-90.985,8.625476e-7,0,0,0,0
85,1780759684705,13.748,0,-4.426671e-9,-7.206549e-7,7.206685e-7,-90.352,8.623485e-7,0,0,0,0
86,1780759684755,14.371,0,-3.769156e-9,-6.781520e-7,6.781624e-7,-90.318,8.622111e-7,0,0,0,0
87,1780759684806,14.644,0,-7.873402e-9,-6.476511e-7,6.476989e-7,-90.697,8.620657e-7,0,0,0,0
88,1780759684857,12.264,0,-1.215593e-8,-6.142479e-7,6.143682e-7,-91.134,8.618426e-7,0,0,0,0
89,1780759684906,13.920,0,-2.668647e-8,-5.883277e-7,5.889327e-7,-92.597,8.616515e-7,0,0,0,0
90,1780759684957,13.713,0,-4.618208e-8,-5.717378e-7,5.735999e-7,-94.618,8.612998e-7,0,0,0,0
91,1780759685005,13.520,0,-6.310361e-8,-5.466336e-7,5.502639e-7,-96.585,8.609437e-7,0,0,0,0
92,1780759685055,11.956,0,-8.603180e-8,-5.446751e-7,5.514276e-7,-98.976,8.604990e-7,0,0,0,0
93,1780759685105,13.234,0,-1.016109e-7,-5.355396e-7,5.450939e-7,-100.743,8.597522e-7,0,0,0,0
94,1780759685156,13.362,0,-1.143323e-7,-5.418945e-7,5.538244e-7,-101.914,8.590868e-7,0,0,0,0
95,1780759685207,13.297,0,-1.159489e-7,-5.497142e-7,5.618094e-7,-101.911,8.580578e-7,0,0,0,0
96,1780759685256,12.168,0,-1.155947e-7,-5.550239e-7,5.669335e-7,-101.765,8.572090e-7,0,0,0,0
97,1780759685306,13.302,0,-1.159129e-7,-5.752706e-7,5.868323e-7,-101.392,8.559708e-7,0,0,0,0
98,1780759685357,13.297,0,-1.054878e-7,-5.862251e-7,5.956404e-7,-100.201,8.549880e-7,0,0,0,0
99,1780759685406,14.422,0,-9.203848e-8,-6.109982e-7,6.178915e-7,-98.566,8.539825e-7,0,0,0,0
100,1780759685457,11.806,0,-7.228557e-8,-6.287753e-7,6.329167e-7,-96.558,8.526085e-7,0,0,0,0
101,1780759685507,13.234,0,-5.596007e-8,-6.497790e-7,6.521842e-7,-94.922,8.515624e-7,0,0,0,0
102,1780759685558,13.373,0,-3.795245e-8,-6.698325e-7,6.709068e-7,-93.243,8.501592e-7,0,0,0,0
103,1780759685608,13.567,0,-1.409937e-8,-6.827252e-7,6.828707e-7,-91.183,8.491430e-7,0,0,0,0
104,1780759685658,14.572,0,4.905607e-9,-7.012202e-7,7.012374e-7,-89.599,8.481810e-7,0,0,0,0
105,1780759685708,13.119,0,2.407738e-8,-7.005301e-7,7.009437e-7,-88.032,8.470095e-7,0,0,0,0
106,1780759685758,14.104,0,4.076123e-8,-7.135022e-7,7.146656e-7,-86.730,8.462188e-7,0,0,0,0
107,1780759685808,14.545,0,5.828680e-8,-7.122803e-7,7.146611e-7,-85.322,8.453039e-7,0,0,0,0
108,1780759685858,12.796,0,7.415876e-8,-7.152527e-7,7.190869e-7,-84.081,8.447438e-7,0,0,0,0
109,1780759685909,13.225,0,8.941584e-8,-7.129049e-7,7.184905e-7,-82.851,8.442766e-7,0,0,0,0
110,1780759685957,12.568,0,1.021888e-7,-6.890113e-7,6.965480e-7,-81.564,8.437762e-7,0,0,0,0
111,1780759686006,11.980,0,1.106239e-7,-6.778933e-7,6.868602e-7,-80.732,8.434772e-7,0,0,0,0
112,1780759686055,14.089,0,1.167082e-7,-6.520312e-7,6.623937e-7,-79.852,8.431729e-7,0,0,0,0
113,1780759686104,12.515,0,1.187781e-7,-6.378953e-7,6.488595e-7,-79.452,8.429999e-7,0,0,0,0
114,1780759686153,14.475,0,1.299660e-7,-6.146687e-7,6.282585e-7,-78.061,8.428265e-7,0,0,0,0
115,1780759686204,14.503,0,1.327018e-7,-5.878851e-7,6.026763e-7,-77.280,8.427349e-7,0,0,0,0
116,1780759686255,14.574,0,1.235464e-7,-5.683807e-7,5.816531e-7,-77.737,8.426360e-7,0,0,0,0
117,1780759686306,14.553,0,1.066130e-7,-5.384291e-7,5.488827e-7,-78.800,8.424627e-7,0,0,0,0
118,1780759686357,11.855,0,7.791638e-8,-5.298388e-7,5.355372e-7,-81.634,8.422584e-7,0,0,0,0
119,1780759686407,13.294,0,5.005574e-8,-5.165307e-7,5.189504e-7,-84.465,8.418816e-7,0,0,0,0
120,1780759686458,13.269,0,2.533591e-8,-5.189161e-7,5.195342e-7,-87.205,8.415280e-7,0,0,0,0
121,1780759686508,13.550,0,4.329600e-9,-5.235680e-7,5.235859e-7,-89.526,8.411123e-7,0,0,0,0
122,1780759686557,12.892,0,-1.314694e-8,-5.301471e-7,5.303101e-7,-91.421,8.404670e-7,0,0,0,0
123,1780759686606,12.221,0,-3.922515e-8,-5.533513e-7,5.547398e-7,-94.055,8.398780e-7,0,0,0,0
124,1780759686654,14.611,0,-6.084357e-8,-5.644167e-7,5.676866e-7,-96.153,8.389321e-7,0,0,0,0
125,1780759686703,13.472,0,-7.514958e-8,-5.908491e-7,5.956090e-7,-97.248,8.381067e-7,0,0,0,0
126,1780759686754,14.244,0,-7.658471e-8,-6.052419e-7,6.100680e-7,-97.212,8.372158e-7,0,0,0,0
127,1780759686804,14.605,0,-6.274549e-8,-6.256758e-7,6.288141e-7,-95.727,8.360011e-7,0,0,0,0
128,1780759686855,14.520,0,-4.365326e-8,-6.480005e-7,6.494692e-7,-93.854,8.350869e-7,0,0,0,0
129,1780759686906,12.121,0,-2.309190e-8,-6.615248e-7,6.619277e-7,-91.999,8.338702e-7,0,0,0,0
130,1780759686954,14.504,0,-3.265519e-9,-6.895082e-7,6.895159e-7,-90.271,8.329767e-7,0,0,0,0
131,1780759687006,14.145,0,2.232476e-8,-7.022682e-7,7.026230e-7,-88.179,8.318542e-7,0,0,0,0
132,1780759687055,12.564,0,4.705811e-8,-7.286738e-7,7.301918e-7,-86.305,8.310904e-7,0,0,0,0
133,1780759687105,13.397,0,7.468483e-8,-7.562175e-7,7.598965e-7,-84.360,8.304221e-7,0,0,0,0
134,1780759687156,13.316,0,1.001153e-7,-7.756325e-7,7.820670e-7,-82.645,8.297221e-7,0,0,0,0
135,1780759687206,12.180,0,1.221304e-7,-7.928484e-7,8.021997e-7,-81.243,8.293293e-7,0,0,0,0
136,1780759687255,13.351,0,1.437177e-7,-7.904795e-7,8.034380e-7,-79.696,8.289929e-7,0,0,0,0
137,1780759687306,13.478,0,1.614360e-7,-7.966636e-7,8.128557e-7,-78.545,8.288685e-7,0,0,0,0
138,1780759687356,12.058,0,1.739051e-7,-7.810991e-7,8.002242e-7,-77.448,8.288728e-7,0,0,0,0
139,1780759687405,13.631,0,1.811891e-7,-7.683636e-7,7.894379e-7,-76.731,8.290391e-7,0,0,0,0
140,1780759687456,13.292,0,1.862812e-7,-7.465055e-7,7.693966e-7,-75.989,8.292491e-7,0,0,0,0
141,1780759687507,13.278,0,1.861759e-7,-7.205547e-7,7.442181e-7,-75.513,8.296089e-7,0,0,0,0
142,1780759687557,14.479,0,1.873969e-7,-6.892392e-7,7.142606e-7,-74.790,8.298993e-7,0,0,0,0
143,1780759687606,13.295,0,1.848615e-7,-6.463644e-7,6.722803e-7,-74.039,8.302121e-7,0,0,0,0
144,1780759687657,13.391,0,1.755488e-7,-6.241366e-7,6.483547e-7,-74.290,8.306248e-7,0,0,0,0
145,1780759687707,11.849,0,1.643760e-7,-5.929064e-7,6.152703e-7,-74.505,8.309158e-7,0,0,0,0
146,1780759687757,13.218,0,1.482341e-7,-5.722982e-7,5.911840e-7,-75.479,8.312464e-7,0,0,0,0
147,1780759687807,13.317,0,1.294863e-7,-5.488685e-7,5.639356e-7,-76.726,8.314312e-7,0,0,0,0
148,1780759687858,14.091,0,1.097639e-7,-5.291112e-7,5.403765e-7,-78.280,8.315881e-7,0,0,0,0
149,1780759687908,14.330,0,9.053693e-8,-5.250426e-7,5.327914e-7,-80.216,8.316133e-7,0,0,0,0
150,1780759687958,12.514,0,7.540148e-8,-5.167055e-7,5.221781e-7,-81.698,8.315688e-7,0,0,0,0
151,1780759688007,11.636,0,6.030761e-8,-5.399280e-7,5.432856e-7,-83.627,8.313954e-7,0,0,0,0
152,1780759688055,14.311,0,4.686312e-8,-5.628338e-7,5.647814e-7,-85.240,8.311741e-7,0,0,0,0
153,1780759688107,13.658,0,3.811922e-8,-5.958543e-7,5.970724e-7,-86.340,8.307476e-7,0,0,0,0
154,1780759688158,13.501,0,3.595613e-8,-6.252131e-7,6.262461e-7,-86.709,8.303278e-7,0,0,0,0
155,1780759688208,14.631,0,3.695439e-8,-6.456735e-7,6.467301e-7,-86.724,8.298425e-7,0,0,0,0
156,1780759688258,12.548,0,4.458090e-8,-6.779392e-7,6.794035e-7,-86.238,8.291009e-7,0,0,0,0
157,1780759688308,13.529,0,5.892628e-8,-6.949508e-7,6.974446e-7,-85.153,8.285126e-7,0,0,0,0
158,1780759688357,12.767,0,8.071700e-8,-7.232616e-7,7.277517e-7,-83.632,8.276914e-7,0,0,0,0
159,1780759688407,13.346,0,1.062997e-7,-7.352121e-7,7.428570e-7,-81.773,8.270780e-7,0,0,0,0
160,1780759688458,13.245,0,1.325197e-7,-7.464671e-7,7.581389e-7,-79.933,8.264849e-7,0,0,0,0
161,1780759688508,14.257,0,1.558349e-7,-7.437602e-7,7.599104e-7,-78.166,8.256971e-7,0,0,0,0
162,1780759688558,13.043,0,1.771137e-7,-7.248856e-7,7.462094e-7,-76.270,8.251322e-7,0,0,0,0
163,1780759688607,12.166,0,2.023576e-7,-7.191350e-7,7.470634e-7,-74.284,8.244218e-7,0,0,0,0
164,1780759688656,13.387,0,2.284554e-7,-7.007665e-7,7.370655e-7,-71.944,8.239748e-7,0,0,0,0
165,1780759688705,12.402,0,2.464255e-7,-6.931132e-7,7.356164e-7,-70.428,8.235288e-7,0,0,0,0
166,1780759688755,14.179,0,2.614347e-7,-6.743758e-7,7.232779e-7,-68.810,8.232773e-7,0,0,0,0
167,1780759688805,14.562,0,2.758098e-7,-6.545109e-7,7.102504e-7,-67.150,8.230904e-7,0,0,0,0
168,1780759688856,12.010,0,2.850644e-7,-6.366044e-7,6.975148e-7,-65.878,8.229424e-7,0,0,0,0
169,1780759688905,13.986,0,2.886284e-7,-5.991964e-7,6.650885e-7,-64.280,8.229254e-7,0,0,0,0
170,1780759688955,14.421,0,2.869826e-7,-5.821501e-7,6.490437e-7,-63.758,8.229929e-7,0,0,0,0
171,1780759689006,14.595,0,2.778555e-7,-5.539765e-7,6.197529e-7,-63.363,8.230937e-7,0,0,0,0
172,1780759689057,12.006,0,2.710668e-7,-5.304713e-7,5.957155e-7,-62.933,8.232263e-7,0,0,0,0
173,1780759689105,14.266,0,2.622265e-7,-5.015639e-7,5.659762e-7,-62.399,8.234588e-7,0,0,0,0
174,1780759689156,14.495,0,2.530687e-7,-4.745327e-7,5.377965e-7,-61.929,8.236781e-7,0,0,0,0
175,1780759689207,11.804,0,2.389399e-7,-4.584162e-7,5.169504e-7,-62.470,8.239764e-7,0,0,0,0
176,1780759689256,13.254,0,2.212454e-7,-4.341843e-7,4.873044e-7,-62.998,8.241664e-7,0,0,0,0
177,1780759689307,13.333,0,2.019903e-7,-4.307263e-7,4.757365e-7,-64.876,8.242891e-7,0,0,0,0
178,1780759689356,12.792,0,1.785259e-7,-4.202024e-7,4.565540e-7,-66.981,8.243378e-7,0,0,0,0
179,1780759689406,13.323,0,1.561270e-7,-4.276229e-7,4.552329e-7,-69.943,8.242747e-7,0,0,0,0
180,1780759689457,14.051,0,1.396976e-7,-4.449345e-7,4.663498e-7,-72.569,8.240548e-7,0,0,0,0
181,1780759689506,13.060,0,1.241979e-7,-4.639572e-7,4.802930e-7,-75.014,8.238105e-7,0,0,0,0
182,1780759689556,13.273,0,1.105826e-7,-4.919507e-7,5.042261e-7,-77.331,8.233443e-7,0,0,0,0
183,1780759689605,12.411,0,1.037744e-7,-5.109399e-7,5.213720e-7,-78.519,8.229062e-7,0,0,0,0
184,1780759689655,13.268,0,1.094839e-7,-5.505330e-7,5.613139e-7,-78.752,8.223940e-7,0,0,0,0
185,1780759689706,13.428,0,1.153914e-7,-5.776487e-7,5.890613e-7,-78.703,8.216409e-7,0,0,0,0
186,1780759689757,13.635,0,1.247699e-7,-6.161334e-7,6.286397e-7,-78.552,8.210419e-7,0,0,0,0
187,1780759689808,13.585,0,1.364723e-7,-6.481239e-7,6.623362e-7,-78.109,8.201993e-7,0,0,0,0
188,1780759689858,14.497,0,1.514998e-7,-6.785644e-7,6.952710e-7,-77.414,8.195701e-7,0,0,0,0
189,1780759689908,12.976,0,1.738007e-7,-7.199128e-7,7.405951e-7,-76.427,8.189640e-7,0,0,0,0
190,1780759689956,12.248,0,1.998154e-7,-7.462948e-7,7.725815e-7,-75.011,8.182550e-7,0,0,0,0
191,1780759690006,13.998,0,2.314079e-7,-7.809712e-7,8.145340e-7,-73.495,8.178098e-7,0,0,0,0
192,1780759690056,14.490,0,2.595489e-7,-7.930515e-7,8.344437e-7,-71.878,8.173567e-7,0,0,0,0
193,1780759690107,12.129,0,2.850172e-7,-7.945873e-7,8.441586e-7,-70.267,8.171329e-7,0,0,0,0
194,1780759690156,13.541,0,3.048026e-7,-7.845169e-7,8.416481e-7,-68.768,8.169951e-7,0,0,0,0
195,1780759690207,14.190,0,3.197227e-7,-7.638896e-7,8.281002e-7,-67.288,8.169878e-7,0,0,0,0
196,1780759690257,11.807,0,3.298501e-7,-7.510872e-7,8.203250e-7,-66.291,8.170823e-7,0,0,0,0
197,1780759690306,13.309,0,3.319918e-7,-7.166080e-7,7.897757e-7,-65.143,8.173188e-7,0,0,0,0
198,1780759690356,11.924,0,3.309227e-7,-6.957316e-7,7.704234e-7,-64.562,8.175519e-7,0,0,0,0
199,1780759690405,13.925,0,3.317834e-7,-6.546043e-7,7.338849e-7,-63.122,8.179069e-7,0,0,0,0
200,1780759690456,13.383,0,3.240288e-7,-6.190693e-7,6.987428e-7,-62.372,8.182108e-7,0,0,0,0
201,1780759690507,13.288,0,3.114205e-7,-5.893057e-7,6.665312e-7,-62.146,8.185005e-7,0,0,0,0
202,1780759690558,13.558,0,2.950356e-7,-5.566800e-7,6.300307e-7,-62.077,8.188691e-7,0,0,0,0
203,1780759690609,13.854,0,2.792420e-7,-5.457325e-7,6.130254e-7,-62.902,8.191071e-7,0,0,0,0
204,1780759690658,12.605,0,2.601760e-7,-5.212138e-7,5.825421e-7,-63.473,8.193528e-7,0,0,0,0
205,1780759690708,13.525,0,2.400126e-7,-5.101778e-7,5.638151e-7,-64.805,8.194569e-7,0,0,0,0
206,1780759690759,13.328,0,2.152084e-7,-4.957498e-7,5.404466e-7,-66.534,8.194814e-7,0,0,0,0
207,1780759690810,13.201,0,1.915394e-7,-4.862490e-7,5.226140e-7,-68.500,8.193991e-7,0,0,0,0
208,1780759690861,13.224,0,1.644419e-7,-4.985241e-7,5.249452e-7,-71.744,8.192418e-7,0,0,0,0
209,1780759690912,13.405,0,1.365615e-7,-5.015281e-7,5.197879e-7,-74.768,8.189133e-7,0,0,0,0
210,1780759690962,12.197,0,1.252862e-7,-5.180233e-7,5.329585e-7,-76.404,8.185647e-7,0,0,0,0
211,1780759691011,13.269,0,1.154161e-7,-5.257929e-7,5.383113e-7,-77.619,8.179960e-7,0,0,0,0
212,1780759691062,13.322,0,1.107177e-7,-5.499699e-7,5.610038e-7,-78.618,8.174861e-7,0,0,0,0
213,1780759691112,14.347,0,1.078230e-7,-5.697532e-7,5.798659e-7,-79.284,8.169028e-7,0,0,0,0
214,1780759691161,14.245,0,1.134297e-7,-5.872300e-7,5.980848e-7,-79.067,8.160537e-7,0,0,0,0
215,1780759691209,13.795,0,1.260422e-7,-6.142616e-7,6.270598e-7,-78.404,8.153635e-7,0,0,0,0
216,1780759691258,12.564,0,1.397975e-7,-6.319724e-7,6.472499e-7,-77.527,8.144123e-7,0,0,0,0
217,1780759691308,13.299,0,1.604340e-7,-6.729352e-7,6.917954e-7,-76.590,8.136798e-7,0,0,0,0
218,1780759691359,13.308,0,1.805710e-7,-7.068743e-7,7.295733e-7,-75.670,8.129362e-7,0,0,0,0
219,1780759691408,12.291,0,2.030416e-7,-7.462664e-7,7.733948e-7,-74.780,8.119401e-7,0,0,0,0
220,1780759691457,14.548,0,2.257033e-7,-7.748649e-7,8.070673e-7,-73.760,8.111882e-7,0,0,0,0
221,1780759691507,13.099,0,2.487885e-7,-7.945307e-7,8.325711e-7,-72.613,8.102374e-7,0,0,0,0
222,1780759691555,12.289,0,2.758514e-7,-8.195490e-7,8.647280e-7,-71.397,8.095660e-7,0,0,0,0
223,1780759691605,13.334,0,3.014099e-7,-8.219054e-7,8.754293e-7,-69.861,8.089662e-7,0,0,0,0
224,1780759691656,14.154,0,3.307224e-7,-8.287010e-7,8.922570e-7,-68.244,8.083011e-7,0,0,0,0
225,1780759691706,14.578,0,3.535087e-7,-8.150798e-7,8.884388e-7,-66.553,8.079065e-7,0,0,0,0
226,1780759691757,14.550,0,3.704898e-7,-8.006991e-7,8.822595e-7,-65.170,8.075389e-7,0,0,0,0
227,1780759691807,12.694,0,3.742084e-7,-7.912736e-7,8.752976e-7,-64.690,8.073443e-7,0,0,0,0
228,1780759691857,14.129,0,3.699160e-7,-7.663818e-7,8.509870e-7,-64.234,8.071858e-7,0,0,0,0
229,1780759691907,12.153,0,3.698790e-7,-7.522461e-7,8.382629e-7,-63.817,8.071302e-7,0,0,0,0
230,1780759691955,14.516,0,3.648787e-7,-7.167896e-7,8.043157e-7,-63.022,8.071485e-7,0,0,0,0
231,1780759692006,14.554,0,3.625944e-7,-6.827283e-7,7.730411e-7,-62.027,8.072915e-7,0,0,0,0
232,1780759692057,12.066,0,3.567664e-7,-6.401244e-7,7.328312e-7,-60.867,8.074612e-7,0,0,0,0
233,1780759692106,13.249,0,3.472975e-7,-5.939235e-7,6.880121e-7,-59.683,8.077397e-7,0,0,0,0
234,1780759692157,13.312,0,3.356609e-7,-5.622806e-7,6.548493e-7,-59.164,8.079547e-7,0,0,0,0
235,1780759692207,14.329,0,3.199802e-7,-5.248124e-7,6.146669e-7,-58.629,8.081761e-7,0,0,0,0
236,1780759692258,14.481,0,3.040730e-7,-5.039761e-7,5.886020e-7,-58.895,8.084304e-7,0,0,0,0
237,1780759692308,12.528,0,2.763042e-7,-4.738544e-7,5.485271e-7,-59.754,8.085579e-7,0,0,0,0
238,1780759692358,13.291,0,2.509127e-7,-4.613573e-7,5.251740e-7,-61.460,8.086257e-7,0,0,0,0
239,1780759692408,14.550,0,2.270895e-7,-4.551274e-7,5.086360e-7,-63.483,8.085970e-7,0,0,0,0
240,1780759692458,12.599,0,2.078248e-7,-4.509921e-7,4.965733e-7,-65.259,8.085237e-7,0,0,0,0
241,1780759692507,14.385,0,1.965353e-7,-4.702352e-7,5.096541e-7,-67.317,8.083459e-7,0,0,0,0
242,1780759692558,11.838,0,1.841046e-7,-4.830256e-7,5.169219e-7,-69.136,8.081632e-7,0,0,0,0
243,1780759692607,13.181,0,1.835920e-7,-5.137411e-7,5.455603e-7,-70.335,8.078324e-7,0,0,0,0
244,1780759692658,13.333,0,1.856584e-7,-5.384295e-7,5.695396e-7,-70.975,8.075354e-7,0,0,0,0
245,1780759692709,13.303,0,1.934643e-7,-5.666698e-7,5.987847e-7,-71.150,8.070911e-7,0,0,0,0
246,1780759692759,12.218,0,2.135669e-7,-6.031441e-7,6.398388e-7,-70.501,8.067276e-7,0,0,0,0
247,1780759692808,13.527,0,2.345801e-7,-6.249256e-7,6.675027e-7,-69.425,8.063729e-7,0,0,0,0
248,1780759692858,12.141,0,2.644463e-7,-6.567742e-7,7.080143e-7,-68.068,8.058807e-7,0,0,0,0
249,1780759692907,13.778,0,2.878719e-7,-6.753521e-7,7.341462e-7,-66.914,8.055266e-7,0,0,0,0
250,1780759692958,14.045,0,3.102550e-7,-7.102323e-7,7.750407e-7,-66.403,8.050534e-7,0,0,0,0
251,1780759693008,12.140,0,3.312374e-7,-7.341469e-7,8.054129e-7,-65.716,8.047142e-7,0,0,0,0
252,1780759693057,13.230,0,3.519546e-7,-7.574507e-7,8.352267e-7,-65.078,8.044291e-7,0,0,0,0
253,1780759693108,13.558,0,3.721273e-7,-7.806950e-7,8.648488e-7,-64.515,8.041222e-7,0,0,0,0
254,1780759693158,11.872,0,3.872009e-7,-7.812190e-7,8.719103e-7,-63.635,8.039804e-7,0,0,0,0
255,1780759693207,13.320,0,3.994948e-7,-7.847172e-7,8.805550e-7,-63.020,8.038704e-7,0,0,0,0
256,1780759693257,12.046,0,4.013774e-7,-7.618252e-7,8.610932e-7,-62.217,8.038513e-7,0,0,0,0
257,1780759693306,13.379,0,4.060516e-7,-7.407645e-7,8.447543e-7,-61.271,8.038783e-7,0,0,0,0
258,1780759693356,12.220,0,4.073266e-7,-7.170912e-7,8.247028e-7,-60.402,8.039723e-7,0,0,0,0
259,1780759693404,11.883,0,4.064753e-7,-6.828784e-7,7.946981e-7,-59.237,8.040998e-7,0,0,0,0
260,1780759693453,13.698,0,4.100696e-7,-6.610797e-7,7.779354e-7,-58.189,8.043221e-7,0,0,0,0
261,1780759693504,13.287,0,3.989195e-7,-6.248626e-7,7.413434e-7,-57.445,8.045543e-7,0,0,0,0
262,1780759693555,13.293,0,3.915127e-7,-6.037674e-7,7.195952e-7,-57.039,8.048829e-7,0,0,0,0
263,1780759693606,13.373,0,3.799161e-7,-5.756373e-7,6.897062e-7,-56.576,8.051573e-7,0,0,0,0
264,1780759693657,13.223,0,3.654016e-7,-5.492763e-7,6.597142e-7,-56.366,8.054439e-7,0,0,0,0
265,1780759693708,13.510,0,3.601801e-7,-5.282586e-7,6.393644e-7,-55.713,8.058153e-7,0,0,0,0
266,1780759693759,13.312,0,3.509091e-7,-4.994793e-7,6.104234e-7,-54.910,8.061254e-7,0,0,0,0
267,1780759693808,12.560,0,3.440439e-7,-4.925465e-7,6.008064e-7,-55.066,8.065254e-7,0,0,0,0
268,1780759693858,13.600,0,3.229649e-7,-4.754232e-7,5.747465e-7,-55.811,8.068216e-7,0,0,0,0
269,1780759693908,14.476,0,2.991784e-7,-4.696629e-7,5.568581e-7,-57.503,8.070711e-7,0,0,0,0
270,1780759693958,13.052,0,2.764191e-7,-4.667723e-7,5.424794e-7,-59.366,8.073230e-7,0,0,0,0
271,1780759694008,13.518,0,2.596324e-7,-4.701939e-7,5.371139e-7,-61.093,8.074595e-7,0,0,0,0
272,1780759694057,12.400,0,2.532698e-7,-4.870376e-7,5.489547e-7,-62.525,8.075522e-7,0,0,0,0
273,1780759694107,13.491,0,2.491912e-7,-4.960205e-7,5.550969e-7,-63.326,8.075807e-7,0,0,0,0
274,1780759694158,13.551,0,2.542444e-7,-5.188106e-7,5.777583e-7,-63.893,8.075437e-7,0,0,0,0
275,1780759694206,13.364,0,2.526606e-7,-5.322086e-7,5.891378e-7,-64.604,8.073965e-7,0,0,0,0
276,1780759694257,13.329,0,2.640011e-7,-5.566103e-7,6.160451e-7,-64.625,8.071954e-7,0,0,0,0
277,1780759694308,13.544,0,2.767813e-7,-5.747793e-7,6.379492e-7,-64.287,8.068305e-7,0,0,0,0
278,1780759694359,13.913,0,2.899230e-7,-5.864939e-7,6.542404e-7,-63.695,8.065091e-7,0,0,0,0
279,1780759694407,13.549,0,3.105811e-7,-6.032163e-7,6.784766e-7,-62.757,8.060043e-7,0,0,0,0
280,1780759694458,13.600,0,3.268786e-7,-6.055387e-7,6.881328e-7,-61.639,8.056034e-7,0,0,0,0
281,1780759694508,14.452,0,3.538769e-7,-6.202751e-7,7.141219e-7,-60.295,8.051707e-7,0,0,0,0
282,1780759694558,12.510,0,3.770675e-7,-6.189216e-7,7.247371e-7,-58.649,8.046230e-7,0,0,0,0
283,1780759694608,13.544,0,4.045852e-7,-6.191594e-7,7.396266e-7,-56.838,8.042688e-7,0,0,0,0
284,1780759694658,14.591,0,4.282960e-7,-6.027314e-7,7.394069e-7,-54.603,8.038903e-7,0,0,0,0
285,1780759694706,14.203,0,4.424454e-7,-5.809121e-7,7.302169e-7,-52.706,8.037100e-7,0,0,0,0
286,1780759694757,14.454,0,4.531596e-7,-5.687512e-7,7.272081e-7,-51.453,8.035804e-7,0,0,0,0
287,1780759694808,14.647,0,4.589968e-7,-5.469477e-7,7.140237e-7,-49.997,8.035298e-7,0,0,0,0
288,1780759694858,12.515,0,4.714920e-7,-5.407397e-7,7.174288e-7,-48.914,8.035740e-7,0,0,0,0
289,1780759694908,13.521,0,4.720628e-7,-5.222869e-7,7.040077e-7,-47.892,8.037391e-7,0,0,0,0
290,1780759694957,12.710,0,4.689460e-7,-5.062022e-7,6.900370e-7,-47.188,8.038964e-7,0,0,0,0
291,1780759695007,13.280,0,4.628544e-7,-4.947706e-7,6.775191e-7,-46.909,8.040619e-7,0,0,0,0
292,1780759695058,13.939,0,4.482935e-7,-4.732078e-7,6.518380e-7,-46.549,8.043221e-7,0,0,0,0
293,1780759695108,14.499,0,4.506267e-7,-4.638441e-7,6.466960e-7,-45.828,8.045149e-7,0,0,0,0
294,1780759695158,12.623,0,4.445249e-7,-4.452875e-7,6.291926e-7,-45.049,8.048474e-7,0,0,0,0
295,1780759695209,13.125,0,4.362918e-7,-4.370848e-7,6.175708e-7,-45.052,8.051074e-7,0,0,0,0
296,1780759695258,14.642,0,4.245809e-7,-4.292696e-7,6.037726e-7,-45.315,8.054467e-7,0,0,0,0
297,1780759695309,11.986,0,4.075174e-7,-4.263190e-7,5.897612e-7,-46.292,8.056792e-7,0,0,0,0
298,1780759695358,13.603,0,3.953315e-7,-4.349188e-7,5.877426e-7,-47.730,8.058542e-7,0,0,0,0
299,1780759695408,14.521,0,3.776331e-7,-4.342604e-7,5.754901e-7,-48.990,8.060076e-7,0,0,0,0
300,1780759695458,12.194,0,3.783386e-7,-4.455453e-7,5.845090e-7,-49.663,8.060364e-7,0,0,0,0
301,1780759695508,13.431,0,3.723874e-7,-4.481773e-7,5.826965e-7,-50.277,8.060321e-7,0,0,0,0
302,1780759695559,13.212,0,3.725827e-7,-4.673690e-7,5.977053e-7,-51.438,8.059772e-7,0,0,0,0
303,1780759695608,13.039,0,3.773757e-7,-5.013498e-7,6.275062e-7,-53.031,8.058906e-7,0,0,0,0
304,1780759695658,13.262,0,3.806976e-7,-5.272034e-7,6.502877e-7,-54.167,8.057483e-7,0,0,0,0
305,1780759695707,12.554,0,3.939637e-7,-5.615722e-7,6.859816e-7,-54.949,8.055877e-7,0,0,0,0
306,1780759695757,13.895,0,4.076855e-7,-5.831894e-7,7.115598e-7,-55.044,8.053388e-7,0,0,0,0
307,1780759695806,12.556,0,4.354742e-7,-6.152275e-7,7.537524e-7,-54.708,8.051044e-7,0,0,0,0
308,1780759695855,14.631,0,4.550407e-7,-6.355369e-7,7.816452e-7,-54.398,8.048992e-7,0,0,0,0
309,1780759695906,11.847,0,4.759920e-7,-6.560304e-7,8.105210e-7,-54.037,8.046922e-7,0,0,0,0
310,1780759695955,13.267,0,4.975841e-7,-6.743010e-7,8.380166e-7,-53.575,8.045795e-7,0,0,0,0
311,1780759696005,11.738,0,5.125531e-7,-6.776681e-7,8.496733e-7,-52.898,8.045268e-7,0,0,0,0
312,1780759696054,13.743,0,5.435577e-7,-6.808577e-7,8.712188e-7,-51.398,8.045144e-7,0,0,0,0
313,1780759696103,12.498,0,5.660741e-7,-6.589297e-7,8.686934e-7,-49.335,8.046325e-7,0,0,0,0
314,1780759696152,11.641,0,5.943795e-7,-6.398475e-7,8.733223e-7,-47.110,8.047901e-7,0,0,0,0
315,1780759696201,13.363,0,6.121598e-7,-6.104659e-7,8.645277e-7,-44.921,8.050481e-7,0,0,0,0
316,1780759696252,13.546,0,6.223976e-7,-5.810922e-7,8.514969e-7,-43.034,8.055286e-7,0,0,0,0
317,1780759696301,12.576,0,6.278165e-7,-5.531047e-7,8.367069e-7,-41.380,8.059543e-7,0,0,0,0
318,1780759696350,11.792,0,6.180552e-7,-5.163676e-7,8.053743e-7,-39.878,8.066198e-7,0,0,0,0
319,1780759696399,13.301,0,6.107382e-7,-4.952671e-7,7.863146e-7,-39.040,8.071230e-7,0,0,0,0
320,1780759696450,13.920,0,5.910809e-7,-4.619322e-7,7.501720e-7,-38.008,8.076470e-7,0,0,0,0
321,1780759696500,14.632,0,5.715798e-7,-4.408438e-7,7.218357e-7,-37.642,8.083162e-7,0,0,0,0
322,1780759696550,12.831,0,5.425909e-7,-4.291495e-7,6.917905e-7,-38.341,8.087816e-7,0,0,0,0
323,1780759696600,13.365,0,5.091007e-7,-4.170336e-7,6.581037e-7,-39.323,8.093243e-7,0,0,0,0
324,1780759696650,11.932,0,4.838060e-7,-4.130612e-7,6.361508e-7,-40.490,8.096531e-7,0,0,0,0
325,1780759696699,13.530,0,4.564949e-7,-4.050728e-7,6.103045e-7,-41.584,8.099494e-7,0,0,0,0
326,1780759696750,13.819,0,4.457162e-7,-4.160819e-7,6.097434e-7,-43.031,8.102571e-7,0,0,0,0
327,1780759696800,11.855,0,4.353547e-7,-4.223646e-7,6.065687e-7,-44.132,8.104786e-7,0,0,0,0
328,1780759696849,13.309,0,4.289505e-7,-4.372268e-7,6.125078e-7,-45.547,8.107430e-7,0,0,0,0
329,1780759696898,12.522,0,4.253876e-7,-4.562733e-7,6.238108e-7,-47.006,8.109016e-7,0,0,0,0
330,1780759696948,13.299,0,4.196108e-7,-4.706108e-7,6.305139e-7,-48.279,8.110626e-7,0,0,0,0
331,1780759696999,13.829,0,4.344414e-7,-5.075574e-7,6.680972e-7,-49.438,8.111161e-7,0,0,0,0
332,1780759697050,13.372,0,4.409247e-7,-5.336084e-7,6.922085e-7,-50.433,8.111576e-7,0,0,0,0
333,1780759697100,11.834,0,4.574074e-7,-5.656297e-7,7.274328e-7,-51.039,8.111351e-7,0,0,0,0
334,1780759697149,13.329,0,4.687815e-7,-5.878096e-7,7.518486e-7,-51.427,8.110839e-7,0,0,0,0
335,1780759697198,12.273,0,4.777281e-7,-6.034762e-7,7.696802e-7,-51.634,8.109358e-7,0,0,0,0
336,1780759697248,13.859,0,4.935426e-7,-6.215210e-7,7.936452e-7,-51.547,8.107522e-7,0,0,0,0
337,1780759697299,13.233,0,5.004127e-7,-6.254383e-7,8.009906e-7,-51.337,8.105135e-7,0,0,0,0
338,1780759697349,11.827,0,5.197602e-7,-6.366129e-7,8.218434e-7,-50.770,8.100783e-7,0,0,0,0
339,1780759697398,13.152,0,5.322077e-7,-6.304063e-7,8.250195e-7,-49.828,8.097545e-7,0,0,0,0
340,1780759697448,11.769,0,5.449232e-7,-6.270128e-7,8.307144e-7,-49.007,8.092866e-7,0,0,0,0
341,1780759697497,13.711,0,5.401802e-7,-6.108620e-7,8.154429e-7,-48.514,8.089331e-7,0,0,0,0
342,1780759697548,13.382,0,5.370187e-7,-5.883792e-7,7.966048e-7,-47.613,8.084295e-7,0,0,0,0
343,1780759697599,13.172,0,5.380834e-7,-5.688345e-7,7.830111e-7,-46.591,8.080614e-7,0,0,0,0
344,1780759697650,13.930,0,5.273021e-7,-5.396241e-7,7.544810e-7,-45.662,8.077392e-7,0,0,0,0
345,1780759697700,14.484,0,5.351485e-7,-5.222289e-7,7.477345e-7,-44.300,8.073371e-7,0,0,0,0
346,1780759697751,14.607,0,5.379513e-7,-4.954571e-7,7.313476e-7,-42.645,8.071770e-7,0,0,0,0
347,1780759697801,12.863,0,5.442670e-7,-4.713633e-7,7.200069e-7,-40.894,8.071134e-7,0,0,0,0
348,1780759697851,13.343,0,5.457358e-7,-4.423617e-7,7.025037e-7,-39.027,8.072168e-7,0,0,0,0
349,1780759697902,13.242,0,5.370494e-7,-4.072249e-7,6.739839e-7,-37.172,8.074097e-7,0,0,0,0
350,1780759697951,12.698,0,5.237957e-7,-3.896668e-7,6.528416e-7,-36.647,8.077235e-7,0,0,0,0
351,1780759698000,11.816,0,4.966191e-7,-3.652451e-7,6.164694e-7,-36.333,8.079965e-7,0,0,0,0
352,1780759698049,13.964,0,4.843062e-7,-3.520662e-7,5.987513e-7,-36.015,8.083436e-7,0,0,0,0
353,1780759698099,14.513,0,4.655057e-7,-3.317014e-7,5.715954e-7,-35.472,8.086448e-7,0,0,0,0
354,1780759698150,11.900,0,4.475305e-7,-3.087853e-7,5.437204e-7,-34.605,8.089344e-7,0,0,0,0
355,1780759698199,13.279,0,4.310143e-7,-2.938476e-7,5.216510e-7,-34.285,8.093049e-7,0,0,0,0
356,1780759698250,13.911,0,4.075431e-7,-2.789702e-7,4.938783e-7,-34.392,8.095382e-7,0,0,0,0
357,1780759698300,11.865,0,4.042859e-7,-2.834187e-7,4.937340e-7,-35.032,8.097744e-7,0,0,0,0
358,1780759698349,13.335,0,3.969823e-7,-2.891453e-7,4.911211e-7,-36.068,8.099299e-7,0,0,0,0
359,1780759698400,13.801,0,3.978780e-7,-3.068024e-7,5.024287e-7,-37.636,8.100334e-7,0,0,0,0
360,1780759698450,11.860,0,3.925178e-7,-3.248162e-7,5.094858e-7,-39.608,8.100558e-7,0,0,0,0
361,1780759698499,13.201,0,3.938205e-7,-3.466865e-7,5.246771e-7,-41.358,8.099955e-7,0,0,0,0
362,1780759698549,14.483,0,4.047576e-7,-3.735789e-7,5.508084e-7,-42.706,8.098385e-7,0,0,0,0
363,1780759698600,14.594,0,4.112785e-7,-3.986583e-7,5.727813e-7,-44.107,8.096523e-7,0,0,0,0
364,1780759698650,12.872,0,4.362002e-7,-4.373399e-7,6.176867e-7,-45.075,8.092952e-7,0,0,0,0
365,1780759698700,13.909,0,4.521541e-7,-4.620429e-7,6.464728e-7,-45.620,8.089748e-7,0,0,0,0
366,1780759698750,14.405,0,4.726611e-7,-4.875750e-7,6.790714e-7,-45.890,8.085642e-7,0,0,0,0
367,1780759698799,13.907,0,4.928058e-7,-5.076482e-7,7.075057e-7,-45.850,8.079909e-7,0,0,0,0
368,1780759698848,12.455,0,5.105283e-7,-5.222177e-7,7.303085e-7,-45.648,8.075317e-7,0,0,0,0
369,1780759698897,11.700,0,5.279551e-7,-5.439570e-7,7.580408e-7,-45.855,8.069537e-7,0,0,0,0
370,1780759698946,14.080,0,5.348277e-7,-5.481935e-7,7.658699e-7,-45.707,8.065671e-7,0,0,0,0
371,1780759698996,14.510,0,5.591592e-7,-5.554129e-7,7.881259e-7,-44.807,8.062209e-7,0,0,0,0
372,1780759699046,12.242,0,5.739681e-7,-5.484358e-7,7.938647e-7,-43.697,8.059544e-7,0,0,0,0
373,1780759699096,13.375,0,5.917680e-7,-5.435960e-7,8.035459e-7,-42.570,8.058568e-7,0,0,0,0
374,1780759699145,13.068,0,6.082488e-7,-5.350404e-7,8.100832e-7,-41.336,8.059446e-7,0,0,0,0
375,1780759699195,13.367,0,6.149570e-7,-5.142285e-7,8.016253e-7,-39.902,8.061416e-7,0,0,0,0
376,1780759699244,12.328,0,6.290108e-7,-4.988208e-7,8.027930e-7,-38.415,8.065765e-7,0,0,0,0
377,1780759699294,13.343,0,6.235809e-7,-4.693611e-7,7.804825e-7,-36.968,8.070201e-7,0,0,0,0
378,1780759699345,13.312,0,6.183220e-7,-4.535736e-7,7.668449e-7,-36.262,8.075008e-7,0,0,0,0
379,1780759699395,11.979,0,6.026451e-7,-4.364386e-7,7.440832e-7,-35.912,8.082210e-7,0,0,0,0
380,1780759699444,13.458,0,5.873060e-7,-4.151489e-7,7.192197e-7,-35.255,8.087620e-7,0,0,0,0
381,1780759699495,14.029,0,5.812486e-7,-3.996827e-7,7.054050e-7,-34.513,8.095304e-7,0,0,0,0
382,1780759699545,14.541,0,5.607118e-7,-3.766059e-7,6.754478e-7,-33.888,8.101190e-7,0,0,0,0
383,1780759699596,14.596,0,5.554309e-7,-3.687732e-7,6.667062e-7,-33.582,8.106815e-7,0,0,0,0
384,1780759699647,14.616,0,5.408487e-7,-3.542805e-7,6.465539e-7,-33.227,8.114038e-7,0,0,0,0
385,1780759699698,14.306,0,5.313895e-7,-3.448596e-7,6.334847e-7,-32.983,8.118801e-7,0,0,0,0
386,1780759699749,14.290,0,5.208198e-7,-3.348152e-7,6.191563e-7,-32.735,8.124749e-7,0,0,0,0
387,1780759699799,12.884,0,5.000671e-7,-3.213838e-7,5.944364e-7,-32.728,8.128495e-7,0,0,0,0
388,1780759699849,13.342,0,4.831399e-7,-3.144584e-7,5.764618e-7,-33.059,8.131689e-7,0,0,0,0
389,1780759699900,13.353,0,4.595794e-7,-3.061663e-7,5.522238e-7,-33.671,8.134841e-7,0,0,0,0
390,1780759699950,11.860,0,4.549198e-7,-3.142109e-7,5.528838e-7,-34.633,8.136323e-7,0,0,0,0
391,1780759699999,13.231,0,4.518564e-7,-3.261664e-7,5.572780e-7,-35.823,8.137773e-7,0,0,0,0
392,1780759700049,11.897,0,4.588625e-7,-3.465172e-7,5.750035e-7,-37.059,8.138287e-7,0,0,0,0
393,1780759700098,13.325,0,4.750268e-7,-3.734893e-7,6.042721e-7,-38.176,8.138737e-7,0,0,0,0
394,1780759700148,14.464,0,4.832538e-7,-3.949673e-7,6.241262e-7,-39.259,8.138553e-7,0,0,0,0
395,1780759700198,12.088,0,5.096720e-7,-4.195622e-7,6.601500e-7,-39.461,8.138138e-7,0,0,0,0
396,1780759700247,11.866,0,5.268465e-7,-4.352020e-7,6.833506e-7,-39.558,8.137370e-7,0,0,0,0
397,1780759700296,14.032,0,5.623936e-7,-4.571397e-7,7.247505e-7,-39.106,8.136677e-7,0,0,0,0
398,1780759700344,13.738,0,5.943061e-7,-4.738506e-7,7.600882e-7,-38.566,8.136584e-7,0,0,0,0
399,1780759700395,13.886,0,6.242274e-7,-4.843343e-7,7.900884e-7,-37.808,8.136870e-7,0,0,0,0
400,1780759700446,13.319,0,6.609898e-7,-4.949564e-7,8.257659e-7,-36.826,8.137939e-7,0,0,0,0
401,1780759700496,12.098,0,6.843930e-7,-5.026155e-7,8.491267e-7,-36.293,8.140447e-7,0,0,0,0
402,1780759700544,14.348,0,7.226777e-7,-5.131042e-7,8.863063e-7,-35.375,8.143442e-7,0,0,0,0
403,1780759700595,14.593,0,7.422876e-7,-5.101934e-7,9.007153e-7,-34.502,8.149363e-7,0,0,0,0
404,1780759700646,12.059,0,7.659685e-7,-5.074444e-7,9.188077e-7,-33.524,8.154901e-7,0,0,0,0
405,1780759700694,11.890,0,7.778205e-7,-4.975365e-7,9.233349e-7,-32.605,8.161712e-7,0,0,0,0
406,1780759700743,13.502,0,7.756349e-7,-4.797951e-7,9.120377e-7,-31.740,8.171800e-7,0,0,0,0
407,1780759700793,14.136,0,7.694066e-7,-4.649447e-7,8.989773e-7,-31.144,8.180138e-7,0,0,0,0
408,1780759700844,14.489,0,7.492995e-7,-4.386139e-7,8.682350e-7,-30.343,8.191541e-7,0,0,0,0
409,1780759700894,12.701,0,7.418951e-7,-4.170534e-7,8.510827e-7,-29.342,8.200172e-7,0,0,0,0
410,1780759700944,13.308,0,7.210435e-7,-3.861562e-7,8.179366e-7,-28.171,8.211761e-7,0,0,0,0
411,1780759700995,13.334,0,7.004892e-7,-3.515980e-7,7.837769e-7,-26.654,8.219997e-7,0,0,0,0
412,1780759701046,13.948,0,6.823522e-7,-3.154352e-7,7.517339e-7,-24.810,8.228179e-7,0,0,0,0
413,1780759701096,11.952,0,6.571156e-7,-2.755956e-7,7.125685e-7,-22.753,8.238710e-7,0,0,0,0
414,1780759701145,13.321,0,6.458785e-7,-2.408056e-7,6.893086e-7,-20.447,8.246387e-7,0,0,0,0
415,1780759701194,12.939,0,6.195250e-7,-2.057227e-7,6.527887e-7,-18.370,8.256141e-7,0,0,0,0
416,1780759701244,13.373,0,5.983441e-7,-1.762725e-7,6.237689e-7,-16.415,8.262946e-7,0,0,0,0
417,1780759701295,13.247,0,5.653691e-7,-1.473292e-7,5.842501e-7,-14.606,8.269197e-7,0,0,0,0
418,1780759701344,12.265,0,5.385182e-7,-1.252682e-7,5.528960e-7,-13.095,8.276255e-7,0,0,0,0
419,1780759701393,14.453,0,5.208430e-7,-1.132791e-7,5.330193e-7,-12.270,8.280909e-7,0,0,0,0
420,1780759701444,14.562,0,4.954963e-7,-1.095769e-7,5.074679e-7,-12.470,8.286128e-7,0,0,0,0
421,1780759701493,13.242,0,4.914989e-7,-1.195858e-7,5.058378e-7,-13.675,8.289438e-7,0,0,0,0
422,1780759701543,11.887,0,4.789157e-7,-1.314556e-7,4.966295e-7,-15.349,8.292450e-7,0,0,0,0
423,1780759701591,14.053,0,4.826169e-7,-1.565512e-7,5.073730e-7,-17.972,8.296027e-7,0,0,0,0
424,1780759701640,13.479,0,4.819185e-7,-1.843376e-7,5.159707e-7,-20.932,8.298515e-7,0,0,0,0
425,1780759701689,12.013,0,4.894208e-7,-2.153638e-7,5.347095e-7,-23.751,8.301314e-7,0,0,0,0
426,1780759701739,13.168,0,5.087900e-7,-2.585233e-7,5.707027e-7,-26.936,8.303310e-7,0,0,0,0
427,1780759701789,11.925,0,5.216181e-7,-2.977124e-7,6.005981e-7,-29.715,8.305753e-7,0,0,0,0
428,1780759701838,13.404,0,5.507603e-7,-3.397634e-7,6.471291e-7,-31.670,8.307709e-7,0,0,0,0
429,1780759701889,13.229,0,5.709977e-7,-3.699247e-7,6.803548e-7,-32.937,8.309812e-7,0,0,0,0
430,1780759701940,13.774,0,6.053707e-7,-4.013697e-7,7.263410e-7,-33.545,8.312952e-7,0,0,0,0
431,1780759701991,13.879,0,6.346761e-7,-4.247091e-7,7.636699e-7,-33.789,8.315784e-7,0,0,0,0
432,1780759702042,13.334,0,6.639764e-7,-4.441901e-7,7.988551e-7,-33.782,8.319901e-7,0,0,0,0
433,1780759702093,13.350,0,6.966526e-7,-4.578630e-7,8.336447e-7,-33.314,8.323674e-7,0,0,0,0
434,1780759702144,13.249,0,7.112930e-7,-4.557092e-7,8.447536e-7,-32.647,8.327927e-7,0,0,0,0
435,1780759702195,13.348,0,7.456083e-7,-4.501383e-7,8.709514e-7,-31.120,8.334473e-7,0,0,0,0
436,1780759702246,13.992,0,7.623285e-7,-4.328550e-7,8.766460e-7,-29.588,8.340286e-7,0,0,0,0
437,1780759702296,11.845,0,7.780198e-7,-4.166374e-7,8.825539e-7,-28.169,8.348916e-7,0,0,0,0
438,1780759702345,13.329,0,7.833859e-7,-3.966244e-7,8.780685e-7,-26.853,8.356123e-7,0,0,0,0
439,1780759702396,13.254,0,7.689164e-7,-3.701596e-7,8.533760e-7,-25.706,8.363607e-7,0,0,0,0
440,1780759702447,13.853,0,7.624811e-7,-3.441405e-7,8.365466e-7,-24.292,8.373795e-7,0,0,0,0
441,1780759702498,13.813,0,7.435769e-7,-3.106795e-7,8.058712e-7,-22.676,8.381502e-7,0,0,0,0
442,1780759702549,13.902,0,7.388088e-7,-2.794600e-7,7.898964e-7,-20.720,8.391914e-7,0,0,0,0
443,1780759702600,13.823,0,7.200675e-7,-2.470244e-7,7.612610e-7,-18.935,8.399905e-7,0,0,0,0
444,1780759702649,12.444,0,6.982646e-7,-2.175907e-7,7.313817e-7,-17.308,8.410221e-7,0,0,0,0
445,1780759702699,14.055,0,6.667266e-7,-1.865091e-7,6.923222e-7,-15.628,8.417503e-7,0,0,0,0
446,1780759702749,14.475,0,6.245091e-7,-1.575008e-7,6.440637e-7,-14.155,8.424084e-7,0,0,0,0
447,1780759702799,12.836,0,5.969828e-7,-1.373208e-7,6.125728e-7,-12.954,8.431772e-7,0,0,0,0
448,1780759702849,13.308,0,5.582048e-7,-1.207789e-7,5.711219e-7,-12.209,8.436799e-7,0,0,0,0
449,1780759702900,13.384,0,5.319911e-7,-1.165845e-7,5.446159e-7,-12.361,8.442467e-7,0,0,0,0
450,1780759702951,13.727,0,5.037420e-7,-1.110209e-7,5.158310e-7,-12.429,8.446130e-7,0,0,0,0
451,1780759703000,12.509,0,4.795167e-7,-1.064280e-7,4.911855e-7,-12.514,8.449248e-7,0,0,0,0
452,1780759703050,13.822,0,4.640719e-7,-1.037316e-7,4.755239e-7,-12.600,8.452740e-7,0,0,0,0
453,1780759703099,12.785,0,4.423380e-7,-1.024527e-7,4.540478e-7,-13.041,8.454831e-7,0,0,0,0
454,1780759703149,13.426,0,4.377450e-7,-1.133837e-7,4.521908e-7,-14.521,8.457040e-7,0,0,0,0
455,1780759703200,13.319,0,4.204448e-7,-1.257448e-7,4.388457e-7,-16.651,8.458224e-7,0,0,0,0
456,1780759703251,13.379,0,4.181500e-7,-1.354949e-7,4.395547e-7,-17.954,8.459097e-7,0,0,0,0
457,1780759703300,12.848,0,4.184164e-7,-1.467108e-7,4.433919e-7,-19.322,8.459279e-7,0,0,0,0
458,1780759703350,13.817,0,4.253138e-7,-1.563636e-7,4.531461e-7,-20.186,8.459139e-7,0,0,0,0
459,1780759703399,12.896,0,4.397103e-7,-1.715501e-7,4.719900e-7,-21.313,8.458732e-7,0,0,0,0
460,1780759703448,14.440,0,4.478211e-7,-1.849631e-7,4.845153e-7,-22.442,8.458358e-7,0,0,0,0
461,1780759703499,11.881,0,4.729603e-7,-1.999604e-7,5.134936e-7,-22.918,8.457925e-7,0,0,0,0
462,1780759703548,13.460,0,4.835752e-7,-2.102788e-7,5.273160e-7,-23.501,8.457650e-7,0,0,0,0
463,1780759703597,12.912,0,5.083997e-7,-2.225819e-7,5.549892e-7,-23.644,8.457472e-7,0,0,0,0
464,1780759703645,12.706,0,5.361799e-7,-2.320940e-7,5.842572e-7,-23.406,8.457742e-7,0,0,0,0
465,1780759703695,13.280,0,5.580391e-7,-2.361541e-7,6.059508e-7,-22.937,8.458445e-7,0,0,0,0
466,1780759703745,11.707,0,5.854211e-7,-2.339324e-7,6.304302e-7,-21.781,8.460337e-7,0,0,0,0
467,1780759703794,13.214,0,5.983953e-7,-2.233394e-7,6.387155e-7,-20.467,8.462482e-7,0,0,0,0
468,1780759703844,14.066,0,6.264042e-7,-2.073727e-7,6.598376e-7,-18.317,8.465312e-7,0,0,0,0
469,1780759703896,13.969,0,6.379553e-7,-1.813555e-7,6.632321e-7,-15.869,8.470264e-7,0,0,0,0
470,1780759703944,13.089,0,6.544089e-7,-1.560581e-7,6.727594e-7,-13.413,8.474682e-7,0,0,0,0
471,1780759703994,14.103,0,6.662141e-7,-1.292085e-7,6.786281e-7,-10.976,8.481563e-7,0,0,0,0
472,1780759704045,14.564,0,6.734187e-7,-1.001613e-7,6.808267e-7,-8.460,8.487236e-7,0,0,0,0
473,1780759704094,13.390,0,6.721021e-7,-6.461431e-8,6.752009e-7,-5.491,8.495371e-7,0,0,0,0
474,1780759704143,12.688,0,6.519423e-7,-3.135093e-8,6.526957e-7,-2.753,8.501431e-7,0,0,0,0
475,1780759704191,12.129,0,6.464037e-7,-1.931145e-9,6.464066e-7,-0.171,8.507292e-7,0,0,0,0
476,1780759704241,13.479,0,6.224978e-7,2.402127e-8,6.229611e-7,2.210,8.514865e-7,0,0,0,0
477,1780759704292,13.297,0,5.986322e-7,4.624040e-8,6.004155e-7,4.417,8.520032e-7,0,0,0,0
478,1780759704341,12.571,0,5.716435e-7,6.158683e-8,5.749515e-7,6.149,8.526369e-7,0,0,0,0
479,1780759704391,13.302,0,5.381957e-7,7.311315e-8,5.431392e-7,7.736,8.530555e-7,0,0,0,0
480,1780759704440,12.018,0,5.157599e-7,7.927779e-8,5.218172e-7,8.739,8.534304e-7,0,0,0,0
481,1780759704490,13.236,0,4.818709e-7,7.936622e-8,4.883631e-7,9.353,8.538689e-7,0,0,0,0
482,1780759704541,13.707,0,4.682293e-7,7.525526e-8,4.742384e-7,9.131,8.541460e-7,0,0,0,0
483,1780759704591,14.658,0,4.473292e-7,7.409422e-8,4.534240e-7,9.405,8.544765e-7,0,0,0,0
484,1780759704641,12.702,0,4.384372e-7,6.773445e-8,4.436385e-7,8.782,8.546892e-7,0,0,0,0
485,1780759704691,13.217,0,4.393122e-7,5.882325e-8,4.432329e-7,7.626,8.548911e-7,0,0,0,0
486,1780759704741,11.694,0,4.375015e-7,3.967514e-8,4.392968e-7,5.182,8.551456e-7,0,0,0,0
487,1780759704790,13.692,0,4.504774e-7,1.886771e-8,4.508723e-7,2.398,8.553273e-7,0,0,0,0
488,1780759704840,14.126,0,4.558664e-7,-4.723894e-9,4.558909e-7,-0.594,8.555613e-7,0,0,0,0
489,1780759704891,14.036,0,4.766007e-7,-3.053226e-8,4.775776e-7,-3.666,8.557288e-7,0,0,0,0
490,1780759704941,12.780,0,4.908443e-7,-5.248854e-8,4.936427e-7,-6.104,8.559476e-7,0,0,0,0
491,1780759704990,14.050,0,5.096480e-7,-7.060125e-8,5.145149e-7,-7.887,8.561047e-7,0,0,0,0
492,1780759705041,14.577,0,5.267528e-7,-9.910164e-8,5.359941e-7,-10.655,8.562662e-7,0,0,0,0
493,1780759705091,12.064,0,5.381831e-7,-1.200048e-7,5.514002e-7,-12.570,8.564772e-7,0,0,0,0
494,1780759705140,14.162,0,5.625245e-7,-1.272024e-7,5.767272e-7,-12.742,8.566377e-7,0,0,0,0
495,1780759705190,12.130,0,5.703382e-7,-1.263040e-7,5.841561e-7,-12.487,8.568589e-7,0,0,0,0
496,1780759705240,13.369,0,5.893512e-7,-1.268464e-7,6.028473e-7,-12.147,8.570327e-7,0,0,0,0
497,1780759705290,14.196,0,5.995682e-7,-1.185182e-7,6.111699e-7,-11.182,8.572326e-7,0,0,0,0
498,1780759705341,14.048,0,6.080034e-7,-1.035976e-7,6.167662e-7,-9.670,8.575492e-7,0,0,0,0
499,1780759705391,12.178,0,6.140603e-7,-8.389423e-8,6.197647e-7,-7.780,8.578221e-7,0,0,0,0
500,1780759705441,13.818,0,6.078808e-7,-5.574908e-8,6.104318e-7,-5.240,8.582041e-7,0,0,0,0
501,1780759705491,11.693,0,6.120585e-7,-2.822569e-8,6.127090e-7,-2.640,8.585013e-7,0,0,0,0
502,1780759705539,14.148,0,5.933841e-7,-5.014037e-9,5.934053e-7,-0.484,8.588024e-7,0,0,0,0
503,1780759705590,14.509,0,5.811705e-7,1.855895e-8,5.814668e-7,1.829,8.591810e-7,0,0,0,0
504,1780759705639,13.615,0,5.573074e-7,3.806662e-8,5.586059e-7,3.907,8.594493e-7,0,0,0,0
505,1780759705688,12.497,0,5.316662e-7,5.016905e-8,5.340279e-7,5.391,8.597641e-7,0,0,0,0
506,1780759705737,14.272,0,5.073839e-7,6.160233e-8,5.111098e-7,6.922,8.599695e-7,0,0,0,0
507,1780759705788,14.467,0,4.748454e-7,6.833959e-8,4.797379e-7,8.190,8.601930e-7,0,0,0,0
508,1780759705839,14.570,0,4.609247e-7,7.017611e-8,4.662362e-7,8.657,8.603297e-7,0,0,0,0
509,1780759705890,14.494,0,4.387352e-7,6.974596e-8,4.442444e-7,9.033,8.604457e-7,0,0,0,0
510,1780759705938,14.029,0,4.341377e-7,6.721142e-8,4.393096e-7,8.800,8.605767e-7,0,0,0,0
511,1780759705989,14.512,0,4.177106e-7,5.750688e-8,4.216505e-7,7.839,8.606683e-7,0,0,0,0
512,1780759706039,12.125,0,4.130086e-7,4.124876e-8,4.150634e-7,5.703,8.607732e-7,0,0,0,0
513,1780759706089,13.187,0,4.195380e-7,2.078389e-8,4.200525e-7,2.836,8.608533e-7,0,0,0,0
514,1780759706140,13.555,0,4.243396e-7,-5.559559e-9,4.243760e-7,-0.751,8.609362e-7,0,0,0,0
515,1780759706191,13.334,0,4.481496e-7,-3.469803e-8,4.494908e-7,-4.427,8.610570e-7,0,0,0,0
516,1780759706240,12.224,0,4.614267e-7,-6.686865e-8,4.662468e-7,-8.246,8.611619e-7,0,0,0,0
517,1780759706290,13.293,0,4.877745e-7,-9.716702e-8,4.973584e-7,-11.266,8.613212e-7,0,0,0,0
518,1780759706338,12.965,0,5.117483e-7,-1.216052e-7,5.259982e-7,-13.367,8.614644e-7,0,0,0,0
519,1780759706389,13.834,0,5.369763e-7,-1.373949e-7,5.542751e-7,-14.352,8.616278e-7,0,0,0,0
520,1780759706440,13.335,0,5.599658e-7,-1.531535e-7,5.805322e-7,-15.297,8.618878e-7,0,0,0,0
521,1780759706489,12.289,0,5.669904e-7,-1.630370e-7,5.899654e-7,-16.042,8.621051e-7,0,0,0,0
522,1780759706539,13.307,0,5.861076e-7,-1.605369e-7,6.076958e-7,-15.318,8.624195e-7,0,0,0,0
523,1780759706590,13.272,0,5.879850e-7,-1.521325e-7,6.073472e-7,-14.506,8.626756e-7,0,0,0,0
524,1780759706641,13.596,0,6.018255e-7,-1.333720e-7,6.164269e-7,-12.496,8.630294e-7,0,0,0,0
525,1780759706692,13.294,0,6.100219e-7,-1.093040e-7,6.197371e-7,-10.158,8.633180e-7,0,0,0,0
526,1780759706743,13.246,0,6.155108e-7,-7.959738e-8,6.206362e-7,-7.369,8.636164e-7,0,0,0,0
527,1780759706794,13.246,0,6.262046e-7,-4.293289e-8,6.276746e-7,-3.922,8.640352e-7,0,0,0,0
528,1780759706843,12.301,0,6.236187e-7,-4.621069e-9,6.236358e-7,-0.425,8.643641e-7,0,0,0,0
529,1780759706891,12.063,0,6.275770e-7,3.529318e-8,6.285686e-7,3.219,8.648071e-7,0,0,0,0
530,1780759706940,13.923,0,6.105639e-7,8.233440e-8,6.160903e-7,7.680,8.651328e-7,0,0,0,0
531,1780759706992,13.246,0,5.946659e-7,1.261723e-7,6.079037e-7,11.979,8.654337e-7,0,0,0,0
532,1780759707043,13.956,0,5.735592e-7,1.626435e-7,5.961737e-7,15.832,8.658078e-7,0,0,0,0
533,1780759707093,11.749,0,5.465342e-7,1.942749e-7,5.800365e-7,19.569,8.660579e-7,0,0,0,0
534,1780759707141,13.963,0,5.284966e-7,2.237093e-7,5.738942e-7,22.943,8.663541e-7,0,0,0,0
535,1780759707192,14.486,0,4.978623e-7,2.440521e-7,5.544622e-7,26.114,8.665483e-7,0,0,0,0
536,1780759707241,13.876,0,4.851527e-7,2.601372e-7,5.504948e-7,28.200,8.667144e-7,0,0,0,0
537,1780759707289,13.260,0,4.593997e-7,2.630278e-7,5.293692e-7,29.793,8.669091e-7,0,0,0,0
538,1780759707340,13.348,0,4.491486e-7,2.519629e-7,5.149949e-7,29.292,8.670269e-7,0,0,0,0
539,1780759707389,12.131,0,4.513991e-7,2.395081e-7,5.110042e-7,27.950,8.671749e-7,0,0,0,0
540,1780759707439,13.570,0,4.530543e-7,2.242097e-7,5.054979e-7,26.330,8.672849e-7,0,0,0,0
541,1780759707490,13.249,0,4.687269e-7,2.032393e-7,5.108925e-7,23.441,8.674388e-7,0,0,0,0
542,1780759707540,13.934,0,4.728099e-7,1.786492e-7,5.054352e-7,20.699,8.675652e-7,0,0,0,0
543,1780759707591,14.558,0,5.011896e-7,1.567513e-7,5.251304e-7,17.368,8.676962e-7,0,0,0,0
544,1780759707642,14.627,0,5.229735e-7,1.321830e-7,5.394197e-7,14.185,8.679114e-7,0,0,0,0
545,1780759707693,14.518,0,5.463458e-7,1.067070e-7,5.566688e-7,11.051,8.680940e-7,0,0,0,0
546,1780759707742,13.378,0,5.734637e-7,8.453487e-8,5.796609e-7,8.386,8.683790e-7,0,0,0,0
547,1780759707793,13.238,0,5.887288e-7,6.338876e-8,5.921315e-7,6.145,8.686183e-7,0,0,0,0
548,1780759707842,12.103,0,6.146045e-7,5.515416e-8,6.170743e-7,5.128,8.688736e-7,0,0,0,0
549,1780759707892,13.814,0,6.344121e-7,5.442257e-8,6.367421e-7,4.903,8.692489e-7,0,0,0,0
550,1780759707941,12.623,0,6.608887e-7,6.242440e-8,6.638303e-7,5.396,8.695544e-7,0,0,0,0
551,1780759707990,14.565,0,6.704036e-7,7.172367e-8,6.742294e-7,6.107,8.700026e-7,0,0,0,0
552,1780759708039,13.571,0,6.730510e-7,8.588703e-8,6.785088e-7,7.272,8.703440e-7,0,0,0,0
553,1780759708090,13.220,0,6.716813e-7,1.076683e-7,6.802560e-7,9.107,8.706854e-7,0,0,0,0
554,1780759708140,14.446,0,6.538176e-7,1.297410e-7,6.665659e-7,11.224,8.711186e-7,0,0,0,0
555,1780759708190,12.840,0,6.471752e-7,1.570702e-7,6.659630e-7,13.642,8.714145e-7,0,0,0,0
556,1780759708240,13.376,0,6.181268e-7,1.820955e-7,6.443908e-7,16.415,8.717748e-7,0,0,0,0
557,1780759708289,12.500,0,5.989167e-7,2.104454e-7,6.348137e-7,19.360,8.720019e-7,0,0,0,0
558,1780759708339,13.336,0,5.616135e-7,2.375447e-7,6.097846e-7,22.927,8.722594e-7,0,0,0,0
559,1780759708390,13.349,0,5.208484e-7,2.633260e-7,5.836297e-7,26.820,8.724024e-7,0,0,0,0
560,1780759708440,14.418,0,4.880235e-7,2.826975e-7,5.639900e-7,30.082,8.725139e-7,0,0,0,0
561,1780759708491,14.133,0,4.487015e-7,2.937551e-7,5.363069e-7,33.212,8.726242e-7,0,0,0,0
562,1780759708542,14.522,0,4.333446e-7,3.017717e-7,5.280660e-7,34.853,8.726853e-7,0,0,0,0
563,1780759708593,14.617,0,4.118017e-7,2.965394e-7,5.074606e-7,35.758,8.727544e-7,0,0,0,0
564,1780759708644,14.589,0,4.117561e-7,2.842820e-7,5.003592e-7,34.622,8.727972e-7,0,0,0,0
565,1780759708695,14.524,0,4.130495e-7,2.637048e-7,4.900511e-7,32.556,8.728410e-7,0,0,0,0
566,1780759708746,14.571,0,4.182357e-7,2.399433e-7,4.821762e-7,29.843,8.728911e-7,0,0,0,0
567,1780759708796,11.985,0,4.368463e-7,2.164745e-7,4.875406e-7,26.360,8.729238e-7,0,0,0,0
568,1780759708845,13.942,0,4.458751e-7,1.797946e-7,4.807605e-7,21.961,8.729622e-7,0,0,0,0
569,1780759708897,13.907,0,4.713217e-7,1.456227e-7,4.933052e-7,17.169,8.729808e-7,0,0,0,0
570,1780759708948,13.851,0,4.870031e-7,1.071650e-7,4.986546e-7,12.410,8.730042e-7,0,0,0,0
571,1780759708999,13.396,0,5.231817e-7,8.045499e-8,5.293317e-7,8.742,8.730151e-7,0,0,0,0
572,1780759709050,13.770,0,5.580322e-7,5.834804e-8,5.610743e-7,5.969,8.730522e-7,0,0,0,0
573,1780759709100,11.784,0,5.777249e-7,4.170294e-8,5.792281e-7,4.129,8.731302e-7,0,0,0,0
574,1780759709149,13.817,0,5.975575e-7,3.947515e-8,5.988600e-7,3.780,8.732086e-7,0,0,0,0
575,1780759709197,12.991,0,5.983685e-7,3.830768e-8,5.995935e-7,3.663,8.733449e-7,0,0,0,0
576,1780759709248,13.355,0,6.103391e-7,4.813252e-8,6.122340e-7,4.509,8.734579e-7,0,0,0,0
577,1780759709299,13.258,0,6.138959e-7,4.720088e-8,6.157078e-7,4.397,8.736012e-7,0,0,0,0
578,1780759709348,12.730,0,6.226918e-7,5.218983e-8,6.248751e-7,4.791,8.738125e-7,0,0,0,0
579,1780759709396,11.964,0,6.312318e-7,6.580716e-8,6.346528e-7,5.952,8.739985e-7,0,0,0,0
580,1780759709445,13.915,0,6.261503e-7,8.425362e-8,6.317934e-7,7.664,8.742659e-7,0,0,0,0
581,1780759709495,12.631,0,6.319065e-7,1.151837e-7,6.423186e-7,10.330,8.744751e-7,0,0,0,0
582,1780759709545,13.679,0,6.169528e-7,1.440348e-7,6.335431e-7,13.141,8.746920e-7,0,0,0,0
583,1780759709595,13.801,0,6.072288e-7,1.767002e-7,6.324158e-7,16.225,8.749578e-7,0,0,0,0
584,1780759709647,13.478,0,5.834686e-7,2.037448e-7,6.180190e-7,19.249,8.751435e-7,0,0,0,0
585,1780759709698,13.290,0,5.564560e-7,2.309211e-7,6.024681e-7,22.538,8.753475e-7,0,0,0,0
586,1780759709747,12.176,0,5.342128e-7,2.554135e-7,5.921312e-7,25.553,8.754733e-7,0,0,0,0
587,1780759709796,13.882,0,5.081084e-7,2.722526e-7,5.764509e-7,28.183,8.756094e-7,0,0,0,0
588,1780759709848,13.358,0,4.924684e-7,2.919425e-7,5.724994e-7,30.660,8.756915e-7,0,0,0,0
589,1780759709899,13.880,0,4.605669e-7,3.070997e-7,5.535631e-7,33.695,8.757592e-7,0,0,0,0
590,1780759709950,13.754,0,4.356825e-7,3.249493e-7,5.435175e-7,36.717,8.758182e-7,0,0,0,0
591,1780759710000,14.556,0,4.025494e-7,3.329050e-7,5.223713e-7,39.590,8.758462e-7,0,0,0,0
592,1780759710050,12.796,0,3.739148e-7,3.341219e-7,5.014476e-7,41.783,8.758607e-7,0,0,0,0
593,1780759710100,13.337,0,3.528156e-7,3.281865e-7,4.818560e-7,42.929,8.758611e-7,0,0,0,0
594,1780759710151,13.357,0,3.251490e-7,3.074755e-7,4.475076e-7,43.400,8.758534e-7,0,0,0,0
595,1780759710200,12.774,0,3.172232e-7,2.929598e-7,4.318055e-7,42.723,8.758243e-7,0,0,0,0
596,1780759710250,13.794,0,3.081237e-7,2.789509e-7,4.156366e-7,42.155,8.757868e-7,0,0,0,0
597,1780759710299,12.725,0,3.160613e-7,2.606010e-7,4.096433e-7,39.506,8.757046e-7,0,0,0,0
598,1780759710349,13.388,0,3.269084e-7,2.356098e-7,4.029654e-7,35.781,8.756227e-7,0,0,0,0
599,1780759710400,13.720,0,3.399315e-7,2.079862e-7,3.985119e-7,31.460,8.755231e-7,0,0,0,0
600,1780759710449,12.562,0,3.627612e-7,1.825676e-7,4.061116e-7,26.715,8.753661e-7,0,0,0,0
601,1780759710498,14.492,0,3.767226e-7,1.573487e-7,4.082628e-7,22.669,8.752337e-7,0,0,0,0
602,1780759710549,11.880,0,4.068925e-7,1.459510e-7,4.322767e-7,19.733,8.750293e-7,0,0,0,0
603,1780759710598,13.553,0,4.285801e-7,1.402765e-7,4.509527e-7,18.124,8.748730e-7,0,0,0,0
604,1780759710647,12.220,0,4.550686e-7,1.425625e-7,4.768768e-7,17.395,8.746658e-7,0,0,0,0
605,1780759710696,13.955,0,4.753130e-7,1.538472e-7,4.995912e-7,17.935,8.745333e-7,0,0,0,0
606,1780759710745,12.916,0,4.778569e-7,1.674064e-7,5.063320e-7,19.307,8.744148e-7,0,0,0,0
607,1780759710795,13.888,0,4.919500e-7,1.912594e-7,5.278210e-7,21.245,8.742787e-7,0,0,0,0
608,1780759710844,13.842,0,4.905035e-7,2.137382e-7,5.350493e-7,23.545,8.742099e-7,0,0,0,0
609,1780759710895,13.210,0,4.950376e-7,2.329929e-7,5.471270e-7,25.204,8.741449e-7,0,0,0,0
610,1780759710945,13.983,0,4.962299e-7,2.558059e-7,5.582838e-7,27.271,8.741263e-7,0,0,0,0
611,1780759710997,13.514,0,4.923357e-7,2.839374e-7,5.683440e-7,29.973,8.741224e-7,0,0,0,0
612,1780759711046,12.240,0,4.904943e-7,3.166028e-7,5.837996e-7,32.841,8.741371e-7,0,0,0,0
613,1780759711094,12.038,0,4.735577e-7,3.437142e-7,5.851464e-7,35.973,8.741580e-7,0,0,0,0
614,1780759711144,13.357,0,4.695547e-7,3.748803e-7,6.008467e-7,38.603,8.741835e-7,0,0,0,0
615,1780759711195,13.264,0,4.396305e-7,3.939553e-7,5.903184e-7,41.864,8.742018e-7,0,0,0,0
616,1780759711245,14.012,0,4.172313e-7,4.124633e-7,5.866924e-7,44.671,8.742085e-7,0,0,0,0
617,1780759711296,13.898,0,3.945514e-7,4.252300e-7,5.800788e-7,47.143,8.742097e-7,0,0,0,0
618,1780759711348,13.363,0,3.741652e-7,4.293836e-7,5.695348e-7,48.931,8.742035e-7,0,0,0,0
619,1780759711399,13.239,0,3.666293e-7,4.305756e-7,5.655196e-7,49.586,8.741873e-7,0,0,0,0
620,1780759711450,13.329,0,3.505134e-7,4.183262e-7,5.457623e-7,50.041,8.741678e-7,0,0,0,0
621,1780759711499,12.171,0,3.552110e-7,4.053354e-7,5.389542e-7,48.771,8.741220e-7,0,0,0,0
622,1780759711548,14.166,0,3.498549e-7,3.808866e-7,5.171780e-7,47.432,8.740738e-7,0,0,0,0
623,1780759711597,13.680,0,3.565245e-7,3.558809e-7,5.037469e-7,44.948,8.740064e-7,0,0,0,0
624,1780759711648,13.324,0,3.772644e-7,3.241249e-7,4.973785e-7,40.667,8.738805e-7,0,0,0,0
625,1780759711699,13.670,0,3.976305e-7,2.865359e-7,4.901152e-7,35.777,8.737547e-7,0,0,0,0
626,1780759711749,11.730,0,4.309688e-7,2.556007e-7,5.010647e-7,30.671,8.735449e-7,0,0,0,0
627,1780759711798,13.194,0,4.505674e-7,2.190000e-7,5.009710e-7,25.922,8.733670e-7,0,0,0,0
628,1780759711849,13.268,0,4.886930e-7,1.922976e-7,5.251659e-7,21.479,8.731669e-7,0,0,0,0
629,1780759711899,14.574,0,5.170108e-7,1.657915e-7,5.429429e-7,17.780,8.728902e-7,0,0,0,0
630,1780759711950,11.736,0,5.487328e-7,1.486202e-7,5.685030e-7,15.155,8.726748e-7,0,0,0,0
631,1780759711999,13.245,0,5.792596e-7,1.407231e-7,5.961080e-7,13.655,8.724016e-7,0,0,0,0
632,1780759712049,11.813,0,5.927966e-7,1.385462e-7,6.087716e-7,13.155,8.722037e-7,0,0,0,0
633,1780759712098,13.263,0,6.082404e-7,1.528743e-7,6.271579e-7,14.108,8.720071e-7,0,0,0,0
634,1780759712149,13.285,0,6.089058e-7,1.580136e-7,6.290744e-7,14.548,8.717761e-7,0,0,0,0
635,1780759712200,13.368,0,6.144058e-7,1.798941e-7,6.402003e-7,16.320,8.716147e-7,0,0,0,0
636,1780759712251,13.312,0,6.071816e-7,2.040549e-7,6.405528e-7,18.576,8.714377e-7,0,0,0,0
637,1780759712302,13.352,0,5.957356e-7,2.323802e-7,6.394540e-7,21.309,8.713145e-7,0,0,0,0
638,1780759712353,13.428,0,5.840332e-7,2.653405e-7,6.414830e-7,24.433,8.711744e-7,0,0,0,0
639,1780759712404,13.298,0,5.548595e-7,2.943972e-7,6.281232e-7,27.950,8.710788e-7,0,0,0,0
640,1780759712455,13.373,0,5.337237e-7,3.299348e-7,6.274695e-7,31.723,8.709795e-7,0,0,0,0
641,1780759712504,11.901,0,4.962501e-7,3.573266e-7,6.115116e-7,35.756,8.708591e-7,0,0,0,0
642,1780759712554,13.293,0,4.609845e-7,3.880024e-7,6.025385e-7,40.087,8.707607e-7,0,0,0,0
643,1780759712603,12.043,0,4.293157e-7,3.991766e-7,5.862200e-7,42.917,8.706297e-7,0,0,0,0
644,1780759712653,13.783,0,3.976645e-7,3.984509e-7,5.629389e-7,45.057,8.705285e-7,0,0,0,0
645,1780759712704,13.291,0,3.776671e-7,4.049995e-7,5.537663e-7,47.000,8.704253e-7,0,0,0,0
646,1780759712753,12.580,0,3.441069e-7,4.004280e-7,5.279698e-7,49.326,8.702918e-7,0,0,0,0
647,1780759712803,13.219,0,3.227117e-7,4.017911e-7,5.153436e-7,51.229,8.701884e-7,0,0,0,0
648,1780759712854,13.400,0,3.024750e-7,3.894097e-7,4.930832e-7,52.162,8.700426e-7,0,0,0,0
649,1780759712905,13.269,0,2.965820e-7,3.761345e-7,4.789969e-7,51.744,8.699116e-7,0,0,0,0
650,1780759712956,13.343,0,3.004397e-7,3.616828e-7,4.701898e-7,50.285,8.697564e-7,0,0,0,0
651,1780759713007,13.449,0,2.998214e-7,3.388561e-7,4.524559e-7,48.497,8.695062e-7,0,0,0,0
652,1780759713058,13.352,0,3.147974e-7,3.259357e-7,4.531352e-7,45.996,8.692745e-7,0,0,0,0
653,1780759713108,14.382,0,3.216152e-7,3.083734e-7,4.455676e-7,43.796,8.689091e-7,0,0,0,0
654,1780759713157,12.787,0,3.471217e-7,2.971505e-7,4.569375e-7,40.565,8.685904e-7,0,0,0,0
655,1780759713208,13.343,0,3.684775e-7,2.785766e-7,4.619314e-7,37.090,8.681289e-7,0,0,0,0
656,1780759713259,13.313,0,3.930063e-7,2.653420e-7,4.741944e-7,34.026,8.677602e-7,0,0,0,0
657,1780759713308,12.344,0,4.231442e-7,2.554338e-7,4.942646e-7,31.118,8.673785e-7,0,0,0,0
658,1780759713357,52.410,0,4.432015e-7,2.445259e-7,5.061823e-7,28.887,8.668448e-7,0,0,0,0
659,1780759713409,13.177,0,4.724226e-7,2.534454e-7,5.361135e-7,28.213,8.664286e-7,0,0,0,0
660,1780759713459,11.733,0,4.878511e-7,2.576183e-7,5.516936e-7,27.837,8.658827e-7,0,0,0,0
661,1780759713507,14.453,0,5.042398e-7,2.721161e-7,5.729791e-7,28.354,8.654829e-7,0,0,0,0
662,1780759713557,12.534,0,5.029254e-7,2.989741e-7,5.850808e-7,30.730,8.651030e-7,0,0,0,0
663,1780759713607,13.255,0,4.962655e-7,3.267550e-7,5.941786e-7,33.362,8.646212e-7,0,0,0,0
664,1780759713658,13.358,0,4.948629e-7,3.639795e-7,6.143048e-7,36.335,8.642883e-7,0,0,0,0
665,1780759713707,12.494,0,4.758931e-7,3.905663e-7,6.156429e-7,39.376,8.638897e-7,0,0,0,0
666,1780759713757,13.471,0,4.646499e-7,4.315668e-7,6.341525e-7,42.886,8.636164e-7,0,0,0,0
667,1780759713807,14.512,0,4.356129e-7,4.600192e-7,6.335426e-7,46.561,8.633690e-7,0,0,0,0
668,1780759713858,14.365,0,4.081223e-7,4.906521e-7,6.382032e-7,50.246,8.630676e-7,0,0,0,0
669,1780759713906,13.905,0,3.796527e-7,5.177463e-7,6.420260e-7,53.748,8.628686e-7,0,0,0,0
670,1780759713957,14.661,0,3.446161e-7,5.282792e-7,6.307450e-7,56.882,8.626298e-7,0,0,0,0
671,1780759714006,12.843,0,3.338209e-7,5.367614e-7,6.320990e-7,58.122,8.624684e-7,0,0,0,0
672,1780759714057,13.342,0,3.188118e-7,5.230433e-7,6.125481e-7,58.636,8.622692e-7,0,0,0,0
673,1780759714108,13.294,0,3.150639e-7,5.107498e-7,6.001089e-7,58.331,8.621219e-7,0,0,0,0
674,1780759714157,12.165,0,3.114927e-7,4.904910e-7,5.810414e-7,57.582,8.619717e-7,0,0,0,0
675,1780759714207,13.338,0,3.120766e-7,4.650954e-7,5.600942e-7,56.139,8.617517e-7,0,0,0,0
676,1780759714258,13.291,0,3.243981e-7,4.399546e-7,5.466206e-7,53.597,8.615645e-7,0,0,0,0
677,1780759714307,11.985,0,3.298541e-7,4.061884e-7,5.232521e-7,50.921,8.612722e-7,0,0,0,0
678,1780759714357,13.250,0,3.549189e-7,3.866967e-7,5.248826e-7,47.454,8.610124e-7,0,0,0,0
679,1780759714406,12.765,0,3.725894e-7,3.581854e-7,5.168362e-7,43.871,8.607142e-7,0,0,0,0
680,1780759714456,13.341,0,4.040663e-7,3.379408e-7,5.267576e-7,39.907,8.602428e-7,0,0,0,0
681,1780759714507,13.239,0,4.243235e-7,3.116756e-7,5.264904e-7,36.298,8.598330e-7,0,0,0,0
682,1780759714558,13.414,0,4.433897e-7,2.893754e-7,5.294644e-7,33.130,8.592075e-7,0,0,0,0
683,1780759714609,13.208,0,4.686699e-7,2.793851e-7,5.456258e-7,30.800,8.586847e-7,0,0,0,0
684,1780759714658,12.210,0,4.765305e-7,2.694008e-7,5.474103e-7,29.481,8.579279e-7,0,0,0,0
685,1780759714707,14.186,0,4.898638e-7,2.793332e-7,5.639092e-7,29.693,8.573163e-7,0,0,0,0
686,1780759714758,14.546,0,4.887047e-7,2.867414e-7,5.666153e-7,30.402,8.566922e-7,0,0,0,0
687,1780759714809,14.595,0,4.895481e-7,3.046485e-7,5.766005e-7,31.894,8.558571e-7,0,0,0,0
688,1780759714860,14.447,0,4.836259e-7,3.284759e-7,5.846284e-7,34.184,8.552405e-7,0,0,0,0
689,1780759714910,12.193,0,4.668437e-7,3.523940e-7,5.849142e-7,37.047,8.544295e-7,0,0,0,0
690,1780759714959,13.861,0,4.493529e-7,3.891768e-7,5.944549e-7,40.895,8.538529e-7,0,0,0,0
691,1780759715011,13.327,0,4.101427e-7,4.169112e-7,5.848350e-7,45.469,8.533099e-7,0,0,0,0
692,1780759715062,13.192,0,3.848226e-7,4.564143e-7,5.969945e-7,49.864,8.526357e-7,0,0,0,0
693,1780759715112,14.110,0,3.520602e-7,4.887832e-7,6.023748e-7,54.236,8.521777e-7,0,0,0,0
694,1780759715162,12.165,0,3.154943e-7,5.195485e-7,6.078382e-7,58.732,8.516200e-7,0,0,0,0
695,1780759715211,14.245,0,2.790240e-7,5.465513e-7,6.136552e-7,62.955,8.512387e-7,0,0,0,0
696,1780759715262,14.173,0,2.357039e-7,5.625133e-7,6.098996e-7,67.265,8.508798e-7,0,0,0,0
697,1780759715312,12.290,0,2.072730e-7,5.858246e-7,6.214118e-7,70.516,8.504410e-7,0,0,0,0
698,1780759715360,12.078,0,1.746187e-7,5.886866e-7,6.140387e-7,73.478,8.501379e-7,0,0,0,0
699,1780759715409,13.940,0,1.548865e-7,5.944877e-7,6.143334e-7,75.397,8.497511e-7,0,0,0,0
700,1780759715458,13.708,0,1.311373e-7,5.953205e-7,6.095929e-7,77.577,8.494572e-7,0,0,0,0
701,1780759715509,13.298,0,1.200772e-7,5.858851e-7,5.980635e-7,78.418,8.490513e-7,0,0,0,0
702,1780759715558,12.407,0,1.264242e-7,5.774890e-7,5.911655e-7,77.652,8.487193e-7,0,0,0,0
703,1780759715608,13.397,0,1.311082e-7,5.558338e-7,5.710872e-7,76.728,8.483491e-7,0,0,0,0
704,1780759715658,14.339,0,1.503721e-7,5.490296e-7,5.692497e-7,74.683,8.477768e-7,0,0,0,0
705,1780759715708,12.381,0,1.698404e-7,5.316548e-7,5.581241e-7,72.284,8.472824e-7,0,0,0,0
706,1780759715757,14.272,0,1.979809e-7,5.212051e-7,5.575403e-7,69.201,8.465378e-7,0,0,0,0
707,1780759715808,14.356,0,2.278563e-7,5.147446e-7,5.629214e-7,66.123,8.459089e-7,0,0,0,0
708,1780759715857,13.659,0,2.548437e-7,5.095591e-7,5.697331e-7,63.429,8.452231e-7,0,0,0,0
709,1780759715908,13.329,0,2.799651e-7,5.267420e-7,5.965213e-7,62.009,8.442271e-7,0,0,0,0
710,1780759715957,12.379,0,2.857086e-7,5.407438e-7,6.115826e-7,62.150,8.434282e-7,0,0,0,0
711,1780759716005,12.085,0,2.947580e-7,5.683121e-7,6.402038e-7,62.586,8.423152e-7,0,0,0,0
712,1780759716055,13.352,0,2.952402e-7,5.905024e-7,6.601968e-7,63.436,8.414550e-7,0,0,0,0
713,1780759716104,12.681,0,3.051367e-7,6.210390e-7,6.919522e-7,63.834,8.405817e-7,0,0,0,0
714,1780759716154,13.291,0,3.159479e-7,6.528127e-7,7.252500e-7,64.174,8.393987e-7,0,0,0,0
715,1780759716203,12.404,0,3.143864e-7,6.806137e-7,7.497158e-7,65.207,8.384799e-7,0,0,0,0
716,1780759716253,13.269,0,3.120795e-7,7.247997e-7,7.891313e-7,66.705,8.372502e-7,0,0,0,0
717,1780759716304,13.323,0,2.944678e-7,7.580278e-7,8.132143e-7,68.771,8.363575e-7,0,0,0,0
718,1780759716353,12.422,0,2.763853e-7,7.973840e-7,8.439255e-7,70.883,8.352510e-7,0,0,0,0
719,1780759716403,13.410,0,2.554977e-7,8.270267e-7,8.655936e-7,72.832,8.345112e-7,0,0,0,0
720,1780759716453,14.592,0,2.309081e-7,8.514701e-7,8.822244e-7,74.827,8.338480e-7,0,0,0,0
721,1780759716501,14.316,0,2.024516e-7,8.701887e-7,8.934288e-7,76.903,8.330739e-7,0,0,0,0
722,1780759716550,13.766,0,1.660048e-7,8.732880e-7,8.889260e-7,79.237,8.325722e-7,0,0,0,0
723,1780759716600,11.712,0,1.319288e-7,8.764796e-7,8.863530e-7,81.440,8.320127e-7,0,0,0,0
724,1780759716649,13.605,0,9.338525e-8,8.617959e-7,8.668408e-7,83.815,8.316953e-7,0,0,0,0
725,1780759716700,13.656,0,6.637716e-8,8.525501e-7,8.551302e-7,85.548,8.314628e-7,0,0,0,0
726,1780759716749,12.014,0,4.372523e-8,8.276853e-7,8.288394e-7,86.976,8.312424e-7,0,0,0,0
727,1780759716799,13.243,0,3.157815e-8,8.011464e-7,8.017685e-7,87.743,8.311170e-7,0,0,0,0
728,1780759716848,11.798,0,2.227790e-8,7.761178e-7,7.764374e-7,88.356,8.309336e-7,0,0,0,0
729,1780759716898,13.278,0,5.962352e-9,7.385660e-7,7.385900e-7,89.537,8.307811e-7,0,0,0,0
730,1780759716949,13.287,0,5.262989e-9,7.167263e-7,7.167457e-7,89.579,8.306119e-7,0,0,0,0
731,1780759717000,13.386,0,2.717128e-9,6.874138e-7,6.874191e-7,89.774,8.303333e-7,0,0,0,0
732,1780759717049,12.410,0,7.846745e-9,6.752837e-7,6.753293e-7,89.334,8.300713e-7,0,0,0,0
733,1780759717099,13.744,0,1.417857e-8,6.644936e-7,6.646448e-7,88.778,8.296278e-7,0,0,0,0
734,1780759717150,13.749,0,2.666301e-8,6.600230e-7,6.605613e-7,87.687,8.292155e-7,0,0,0,0
735,1780759717198,13.333,0,4.695609e-8,6.678186e-7,6.694673e-7,85.978,8.285431e-7,0,0,0,0
736,1780759717249,13.309,0,5.606607e-8,6.665502e-7,6.689040e-7,85.192,8.279504e-7,0,0,0,0
737,1780759717299,14.216,0,7.543420e-8,6.833315e-7,6.874825e-7,83.701,8.272931e-7,0,0,0,0
738,1780759717349,12.223,0,9.056392e-8,6.987414e-7,7.045860e-7,82.615,8.263121e-7,0,0,0,0
739,1780759717398,13.794,0,1.048763e-7,7.243385e-7,7.318916e-7,81.761,8.255208e-7,0,0,0,0
740,1780759717450,13.383,0,1.146756e-7,7.499982e-7,7.587146e-7,81.307,8.244104e-7,0,0,0,0
741,1780759717499,12.659,0,1.198079e-7,7.704117e-7,7.796718e-7,81.161,8.235549e-7,0,0,0,0
742,1780759717548,13.846,0,1.251027e-7,7.930893e-7,8.028956e-7,81.036,8.226926e-7,0,0,0,0
743,1780759717600,13.239,0,1.185490e-7,8.026676e-7,8.113748e-7,81.599,8.215373e-7,0,0,0,0
744,1780759717650,11.761,0,1.171168e-7,8.244288e-7,8.327059e-7,81.915,8.206877e-7,0,0,0,0
745,1780759717699,13.349,0,1.094140e-7,8.307197e-7,8.378942e-7,82.497,8.195982e-7,0,0,0,0
746,1780759717748,12.120,0,1.043314e-7,8.406653e-7,8.471146e-7,82.925,8.188303e-7,0,0,0,0
747,1780759717798,13.081,0,1.057513e-7,8.335152e-7,8.401969e-7,82.769,8.181056e-7,0,0,0,0
748,1780759717849,13.339,0,1.035579e-7,8.101169e-7,8.167091e-7,82.715,8.172117e-7,0,0,0,0
749,1780759717898,12.153,0,1.061937e-7,7.943869e-7,8.014535e-7,82.386,8.165973e-7,0,0,0,0
750,1780759717948,13.220,0,9.586022e-8,7.641676e-7,7.701567e-7,82.850,8.158489e-7,0,0,0,0
751,1780759717999,13.314,0,8.920565e-8,7.545847e-7,7.598393e-7,83.258,8.153435e-7,0,0,0,0
752,1780759718048,11.870,0,8.082990e-8,7.360776e-7,7.405023e-7,83.733,8.147356e-7,0,0,0,0
753,1780759718098,13.584,0,7.971790e-8,7.204693e-7,7.248661e-7,83.686,8.143274e-7,0,0,0,0
754,1780759718149,13.492,0,8.166505e-8,7.016637e-7,7.064001e-7,83.361,8.139347e-7,0,0,0,0
755,1780759718198,12.137,0,8.361175e-8,6.731018e-7,6.782750e-7,82.919,8.134181e-7,0,0,0,0
756,1780759718248,13.258,0,9.949923e-8,6.621348e-7,6.695689e-7,81.454,8.130221e-7,0,0,0,0
757,1780759718298,14.231,0,1.175584e-7,6.484880e-7,6.590574e-7,79.725,8.124380e-7,0,0,0,0
758,1780759718349,14.212,0,1.385528e-7,6.440945e-7,6.588282e-7,77.860,8.119403e-7,0,0,0,0
759,1780759718400,14.482,0,1.547176e-7,6.308055e-7,6.495022e-7,76.219,8.113731e-7,0,0,0,0
760,1780759718450,12.641,0,1.716366e-7,6.152139e-7,6.387075e-7,74.412,8.105049e-7,0,0,0,0
761,1780759718500,13.760,0,1.909537e-7,6.069087e-7,6.362401e-7,72.535,8.097623e-7,0,0,0,0
762,1780759718550,11.744,0,2.018499e-7,5.974057e-7,6.305846e-7,71.331,8.086629e-7,0,0,0,0
763,1780759718598,13.927,0,2.138363e-7,6.113716e-7,6.476891e-7,70.722,8.077656e-7,0,0,0,0
764,1780759718650,13.687,0,2.155017e-7,6.176112e-7,6.541289e-7,70.765,8.067973e-7,0,0,0,0
765,1780759718699,12.260,0,2.187700e-7,6.380367e-7,6.745006e-7,71.074,8.054018e-7,0,0,0,0
766,1780759718749,13.259,0,2.041615e-7,6.566287e-7,6.876360e-7,72.728,8.042948e-7,0,0,0,0
767,1780759718800,13.611,0,1.814735e-7,6.744439e-7,6.984320e-7,74.940,8.027780e-7,0,0,0,0
768,1780759718848,12.759,0,1.606148e-7,7.059257e-7,7.239670e-7,77.182,8.016194e-7,0,0,0,0
769,1780759718899,13.308,0,1.330481e-7,7.293646e-7,7.414004e-7,79.662,8.000741e-7,0,0,0,0
770,1780759718948,12.197,0,1.074868e-7,7.637968e-7,7.713228e-7,81.990,7.989383e-7,0,0,0,0
771,1780759718998,13.357,0,7.726774e-8,7.834403e-7,7.872414e-7,84.367,7.978437e-7,0,0,0,0
772,1780759719049,13.263,0,4.746024e-8,8.020374e-7,8.034404e-7,86.613,7.964922e-7,0,0,0,0
773,1780759719098,12.519,0,1.775225e-8,8.179185e-7,8.181111e-7,88.757,7.955521e-7,0,0,0,0
774,1780759719147,14.528,0,-1.416040e-8,8.272281e-7,8.273493e-7,90.981,7.944177e-7,0,0,0,0
775,1780759719198,14.564,0,-4.050040e-8,8.391855e-7,8.401623e-7,92.763,7.936550e-7,0,0,0,0
776,1780759719248,11.912,0,-7.416193e-8,8.238542e-7,8.271854e-7,95.144,7.929846e-7,0,0,0,0
777,1780759719297,13.792,0,-9.388007e-8,8.239397e-7,8.292708e-7,96.500,7.922589e-7,0,0,0,0
778,1780759719349,13.380,0,-1.112570e-7,8.112489e-7,8.188424e-7,97.809,7.918229e-7,0,0,0,0
779,1780759719399,13.909,0,-1.211373e-7,8.026234e-7,8.117134e-7,98.583,7.913928e-7,0,0,0,0
780,1780759719450,11.746,0,-1.283066e-7,7.965101e-7,8.067782e-7,99.151,7.911555e-7,0,0,0,0
781,1780759719499,13.275,0,-1.389919e-7,7.745635e-7,7.869354e-7,100.173,7.909771e-7,0,0,0,0
782,1780759719548,11.984,0,-1.427546e-7,7.622634e-7,7.755155e-7,100.607,7.908286e-7,0,0,0,0
783,1780759719598,13.171,0,-1.482994e-7,7.349462e-7,7.497591e-7,101.408,7.907664e-7,0,0,0,0
784,1780759719649,13.390,0,-1.447409e-7,7.205178e-7,7.349121e-7,101.359,7.907184e-7,0,0,0,0
785,1780759719699,13.821,0,-1.305390e-7,7.012736e-7,7.133198e-7,100.545,7.906576e-7,0,0,0,0
786,1780759719751,13.328,0,-1.125238e-7,6.870180e-7,6.961719e-7,99.302,7.905079e-7,0,0,0,0
787,1780759719800,12.669,0,-9.148094e-8,6.765393e-7,6.826963e-7,97.701,7.903232e-7,0,0,0,0
788,1780759719849,13.725,0,-7.245072e-8,6.543382e-7,6.583370e-7,96.318,7.900725e-7,0,0,0,0
789,1780759719899,11.790,0,-4.513392e-8,6.496855e-7,6.512514e-7,93.974,7.896188e-7,0,0,0,0
790,1780759719948,13.990,0,-2.741947e-8,6.341814e-7,6.347739e-7,92.476,7.891659e-7,0,0,0,0
791,1780759719999,14.524,0,-4.152746e-9,6.349635e-7,6.349770e-7,90.375,7.884090e-7,0,0,0,0
792,1780759720049,11.651,0,1.112768e-8,6.391973e-7,6.392941e-7,89.003,7.877064e-7,0,0,0,0
793,1780759720099,13.312,0,2.200518e-8,6.501305e-7,6.505028e-7,88.061,7.869102e-7,0,0,0,0
794,1780759720148,12.584,0,3.934879e-8,6.691317e-7,6.702877e-7,86.635,7.857110e-7,0,0,0,0
795,1780759720198,13.272,0,5.451843e-8,6.707805e-7,6.729923e-7,85.353,7.847132e-7,0,0,0,0
796,1780759720248,13.852,0,6.839451e-8,6.878321e-7,6.912241e-7,84.321,7.832839e-7,0,0,0,0
797,1780759720298,11.784,0,6.654495e-8,6.961975e-7,6.993706e-7,84.540,7.821635e-7,0,0,0,0
798,1780759720348,13.306,0,6.509425e-8,7.121523e-7,7.151211e-7,84.777,7.806717e-7,0,0,0,0
799,1780759720399,13.221,0,5.977817e-8,7.306476e-7,7.330889e-7,85.323,7.795583e-7,0,0,0,0
800,1780759720450,13.339,0,4.772105e-8,7.456928e-7,7.472182e-7,86.338,7.784580e-7,0,0,0,0
801,1780759720500,14.668,0,3.910688e-8,7.724655e-7,7.734548e-7,87.102,7.770550e-7,0,0,0,0
802,1780759720550,12.494,0,2.383775e-8,7.882200e-7,7.885804e-7,88.268,7.760687e-7,0,0,0,0
803,1780759720600,13.654,0,9.177416e-9,8.179343e-7,8.179858e-7,89.357,7.748662e-7,0,0,0,0
804,1780759720649,11.742,0,-1.344645e-8,8.330380e-7,8.331465e-7,90.925,7.740531e-7,0,0,0,0
805,1780759720699,13.309,0,-3.362682e-8,8.477612e-7,8.484279e-7,92.271,7.733351e-7,0,0,0,0
806,1780759720749,14.098,0,-4.899919e-8,8.601037e-7,8.614983e-7,93.261,7.725180e-7,0,0,0,0
807,1780759720800,14.649,0,-6.754635e-8,8.593029e-7,8.619536e-7,94.495,7.720184e-7,0,0,0,0
808,1780759720850,11.742,0,-8.196489e-8,8.716739e-7,8.755191e-7,95.372,7.714988e-7,0,0,0,0
809,1780759720900,13.323,0,-1.039461e-7,8.629619e-7,8.691997e-7,96.868,7.712275e-7,0,0,0,0
810,1780759720949,12.451,0,-1.216302e-7,8.592448e-7,8.678108e-7,98.057,7.710659e-7,0,0,0,0
811,1780759720997,12.063,0,-1.389641e-7,8.421651e-7,8.535532e-7,99.370,7.709541e-7,0,0,0,0
812,1780759721045,11.921,0,-1.534170e-7,8.216233e-7,8.358239e-7,100.577,7.709416e-7,0,0,0,0
813,1780759721095,13.607,0,-1.522838e-7,8.003560e-7,8.147148e-7,100.773,7.709820e-7,0,0,0,0
814,1780759721146,13.350,0,-1.464024e-7,7.597332e-7,7.737107e-7,100.907,7.710117e-7,0,0,0,0
815,1780759721197,13.334,0,-1.404505e-7,7.361025e-7,7.493819e-7,100.802,7.710105e-7,0,0,0,0
816,1780759721246,12.138,0,-1.400060e-7,7.051783e-7,7.189424e-7,101.229,7.709684e-7,0,0,0,0
817,1780759721295,14.450,0,-1.403847e-7,6.938825e-7,7.079412e-7,101.438,7.708987e-7,0,0,0,0
818,1780759721344,13.118,0,-1.413183e-7,6.828976e-7,6.973665e-7,101.692,7.707344e-7,0,0,0,0
819,1780759721395,13.240,0,-1.418960e-7,6.731578e-7,6.879505e-7,101.903,7.705619e-7,0,0,0,0
820,1780759721446,13.308,0,-1.373643e-7,6.766141e-7,6.904170e-7,101.476,7.702443e-7,0,0,0,0
821,1780759721497,13.313,0,-1.337284e-7,6.657368e-7,6.790352e-7,101.358,7.699291e-7,0,0,0,0
822,1780759721548,13.307,0,-1.265539e-7,6.748210e-7,6.865852e-7,100.622,7.695471e-7,0,0,0,0
823,1780759721599,13.248,0,-1.173090e-7,6.826566e-7,6.926626e-7,99.751,7.689022e-7,0,0,0,0
824,1780759721649,13.685,0,-1.098117e-7,6.997399e-7,7.083040e-7,98.919,7.683183e-7,0,0,0,0
825,1780759721700,11.660,0,-1.054718e-7,7.129162e-7,7.206760e-7,98.416,7.673898e-7,0,0,0,0
826,1780759721749,13.221,0,-1.041802e-7,7.235342e-7,7.309960e-7,98.194,7.666100e-7,0,0,0,0
827,1780759721800,13.672,0,-9.753593e-8,7.510308e-7,7.573378e-7,97.400,7.657766e-7,0,0,0,0
828,1780759721851,13.303,0,-9.800591e-8,7.641273e-7,7.703867e-7,97.309,7.646317e-7,0,0,0,0
829,1780759721900,12.521,0,-1.019919e-7,7.946256e-7,8.011443e-7,97.314,7.637931e-7,0,0,0,0
830,1780759721950,13.588,0,-1.100923e-7,8.178591e-7,8.252356e-7,97.667,7.626993e-7,0,0,0,0
831,1780759722000,14.386,0,-1.191651e-7,8.408299e-7,8.492322e-7,98.066,7.619201e-7,0,0,0,0
832,1780759722049,12.706,0,-1.210129e-7,8.635014e-7,8.719396e-7,97.978,7.609190e-7,0,0,0,0
833,1780759722100,13.645,0,-1.260012e-7,8.696984e-7,8.787785e-7,98.244,7.601975e-7,0,0,0,0
834,1780759722151,13.230,0,-1.313860e-7,8.895997e-7,8.992497e-7,98.401,7.595190e-7,0,0,0,0
835,1780759722200,12.466,0,-1.438200e-7,8.954217e-7,9.068981e-7,99.125,7.586958e-7,0,0,0,0
836,1780759722250,13.514,0,-1.580257e-7,9.138984e-7,9.274602e-7,99.810,7.581649e-7,0,0,0,0
837,1780759722300,14.569,0,-1.769228e-7,9.264028e-7,9.431457e-7,100.812,7.575922e-7,0,0,0,0
838,1780759722349,12.716,0,-1.981216e-7,9.297752e-7,9.506493e-7,102.029,7.573073e-7,0,0,0,0
839,1780759722399,13.649,0,-2.159397e-7,9.357376e-7,9.603306e-7,102.995,7.571396e-7,0,0,0,0
840,1780759722449,11.766,0,-2.324884e-7,9.234951e-7,9.523099e-7,104.130,7.570803e-7,0,0,0,0
841,1780759722499,13.208,0,-2.420419e-7,9.222621e-7,9.534944e-7,104.705,7.571365e-7,0,0,0,0
842,1780759722550,13.574,0,-2.439533e-7,8.990407e-7,9.315510e-7,105.182,7.572849e-7,0,0,0,0
843,1780759722598,12.658,0,-2.443575e-7,8.784950e-7,9.118465e-7,105.544,7.574350e-7,0,0,0,0
844,1780759722648,13.718,0,-2.470754e-7,8.540324e-7,8.890543e-7,106.135,7.575889e-7,0,0,0,0
845,1780759722697,12.742,0,-2.508989e-7,8.233168e-7,8.606979e-7,106.948,7.578017e-7,0,0,0,0
846,1780759722747,13.987,0,-2.515595e-7,8.021641e-7,8.406839e-7,107.411,7.579492e-7,0,0,0,0
847,1780759722796,12.807,0,-2.489272e-7,7.685173e-7,8.078265e-7,107.947,7.580725e-7,0,0,0,0
848,1780759722845,11.871,0,-2.438996e-7,7.580344e-7,7.963059e-7,107.836,7.580931e-7,0,0,0,0
849,1780759722895,13.278,0,-2.400163e-7,7.353051e-7,7.734865e-7,108.078,7.579898e-7,0,0,0,0
850,1780759722944,12.639,0,-2.334368e-7,7.218248e-7,7.586328e-7,107.921,7.578328e-7,0,0,0,0
851,1780759722994,13.261,0,-2.189726e-7,7.029704e-7,7.362856e-7,107.302,7.575944e-7,0,0,0,0
852,1780759723045,13.335,0,-2.045896e-7,6.830534e-7,7.130350e-7,106.674,7.571342e-7,0,0,0,0
853,1780759723096,13.324,0,-1.903080e-7,6.827971e-7,7.088223e-7,105.574,7.566805e-7,0,0,0,0
854,1780759723146,14.144,0,-1.802572e-7,6.725117e-7,6.962505e-7,105.005,7.559407e-7,0,0,0,0
855,1780759723197,14.545,0,-1.756568e-7,6.839680e-7,7.061639e-7,104.403,7.553109e-7,0,0,0,0
856,1780759723248,14.577,0,-1.736717e-7,6.876752e-7,7.092665e-7,104.174,7.546386e-7,0,0,0,0
857,1780759723299,14.508,0,-1.739539e-7,6.963815e-7,7.177794e-7,104.025,7.537338e-7,0,0,0,0
858,1780759723349,11.699,0,-1.720059e-7,7.135673e-7,7.340057e-7,103.553,7.530394e-7,0,0,0,0
859,1780759723398,14.070,0,-1.694870e-7,7.230254e-7,7.426248e-7,103.193,7.521065e-7,0,0,0,0
860,1780759723449,14.585,0,-1.683611e-7,7.602127e-7,7.786327e-7,102.488,7.514030e-7,0,0,0,0
861,1780759723498,13.105,0,-1.725573e-7,7.947072e-7,8.132254e-7,102.251,7.506938e-7,0,0,0,0
862,1780759723549,13.274,0,-1.772857e-7,8.361070e-7,8.546960e-7,101.972,7.498162e-7,0,0,0,0
863,1780759723599,13.636,0,-1.819712e-7,8.683969e-7,8.872580e-7,101.835,7.492026e-7,0,0,0,0
864,1780759723650,14.238,0,-1.874454e-7,8.891810e-7,9.087236e-7,101.904,7.484612e-7,0,0,0,0
865,1780759723699,13.525,0,-1.957478e-7,9.157458e-7,9.364334e-7,102.066,7.479701e-7,0,0,0,0
866,1780759723748,11.671,0,-2.082497e-7,9.251437e-7,9.482925e-7,102.686,7.473803e-7,0,0,0,0
867,1780759723798,13.276,0,-2.232358e-7,9.449429e-7,9.709538e-7,103.292,7.470025e-7,0,0,0,0
868,1780759723849,13.319,0,-2.391313e-7,9.512343e-7,9.808315e-7,104.111,7.466868e-7,0,0,0,0
869,1780759723900,13.289,0,-2.524183e-7,9.615651e-7,9.941441e-7,104.709,7.464197e-7,0,0,0,0
870,1780759723949,14.639,0,-2.696114e-7,9.566222e-7,9.938895e-7,105.740,7.463355e-7,0,0,0,0
871,1780759723999,12.732,0,-2.886558e-7,9.413029e-7,9.845676e-7,107.048,7.463876e-7,0,0,0,0
872,1780759724050,13.336,0,-3.085357e-7,9.309621e-7,9.807572e-7,108.336,7.465346e-7,0,0,0,0
873,1780759724100,14.631,0,-3.225959e-7,9.041550e-7,9.599815e-7,109.636,7.467493e-7,0,0,0,0
874,1780759724149,12.751,0,-3.271820e-7,8.994605e-7,9.571193e-7,109.989,7.470977e-7,0,0,0,0
875,1780759724199,13.664,0,-3.298005e-7,8.812732e-7,9.409627e-7,110.517,7.473656e-7,0,0,0,0
876,1780759724249,11.720,0,-3.253914e-7,8.698263e-7,9.286966e-7,110.510,7.477325e-7,0,0,0,0
877,1780759724299,13.256,0,-3.132786e-7,8.603708e-7,9.156317e-7,110.008,7.479538e-7,0,0,0,0
878,1780759724349,14.138,0,-3.004197e-7,8.398452e-7,8.919596e-7,109.683,7.481106e-7,0,0,0,0
879,1780759724400,13.963,0,-2.842290e-7,8.312167e-7,8.784688e-7,108.878,7.482177e-7,0,0,0,0
880,1780759724449,12.607,0,-2.617513e-7,8.051551e-7,8.466337e-7,108.009,7.481815e-7,0,0,0,0
881,1780759724499,14.067,0,-2.439953e-7,7.905885e-7,8.273838e-7,107.152,7.479783e-7,0,0,0,0
882,1780759724548,12.814,0,-2.306160e-7,7.710658e-7,8.048144e-7,106.651,7.477001e-7,0,0,0,0
883,1780759724597,12.179,0,-2.254133e-7,7.572145e-7,7.900538e-7,106.578,7.471862e-7,0,0,0,0
884,1780759724647,13.299,0,-2.222119e-7,7.535515e-7,7.856322e-7,106.430,7.466986e-7,0,0,0,0
885,1780759724695,12.621,0,-2.192778e-7,7.433100e-7,7.749791e-7,106.436,7.461371e-7,0,0,0,0
886,1780759724746,13.302,0,-2.130013e-7,7.508336e-7,7.804618e-7,105.838,7.453105e-7,0,0,0,0
887,1780759724795,12.531,0,-2.087707e-7,7.472609e-7,7.758763e-7,105.609,7.446410e-7,0,0,0,0
888,1780759724843,11.849,0,-2.057164e-7,7.559437e-7,7.834349e-7,105.223,7.437067e-7,0,0,0,0
889,1780759724892,14.234,0,-2.038788e-7,7.733921e-7,7.998137e-7,104.768,7.429596e-7,0,0,0,0
890,1780759724943,14.220,0,-2.060564e-7,7.880557e-7,8.145496e-7,104.653,7.422124e-7,0,0,0,0
891,1780759724994,14.433,0,-2.142534e-7,8.169880e-7,8.446146e-7,104.695,7.412528e-7,0,0,0,0
892,1780759725044,11.988,0,-2.225533e-7,8.304014e-7,8.597072e-7,105.003,7.405783e-7,0,0,0,0
893,1780759725093,13.667,0,-2.400997e-7,8.527049e-7,8.858631e-7,105.726,7.397829e-7,0,0,0,0
894,1780759725143,11.956,0,-2.565157e-7,8.637564e-7,9.010413e-7,106.540,7.392354e-7,0,0,0,0
895,1780759725193,13.404,0,-2.736379e-7,8.760206e-7,9.177635e-7,107.347,7.387502e-7,0,0,0,0
896,1780759725244,13.306,0,-2.923700e-7,8.898084e-7,9.366105e-7,108.189,7.382150e-7,0,0,0,0
897,1780759725295,13.294,0,-3.133464e-7,8.935412e-7,9.468906e-7,109.325,7.379147e-7,0,0,0,0
898,1780759725346,13.317,0,-3.430526e-7,9.043605e-7,9.672399e-7,110.773,7.376851e-7,0,0,0,0
899,1780759725395,11.815,0,-3.770672e-7,8.952084e-7,9.713793e-7,112.841,7.376616e-7,0,0,0,0
900,1780759725445,13.414,0,-4.074857e-7,8.989036e-7,9.869510e-7,114.385,7.378459e-7,0,0,0,0
901,1780759725495,14.515,0,-4.307402e-7,8.870806e-7,9.861283e-7,115.900,7.380908e-7,0,0,0,0
902,1780759725545,11.871,0,-4.507763e-7,8.785820e-7,9.874744e-7,117.161,7.384229e-7,0,0,0,0
903,1780759725595,13.193,0,-4.649281e-7,8.737820e-7,9.897743e-7,118.017,7.389594e-7,0,0,0,0
904,1780759725646,13.357,0,-4.724384e-7,8.525273e-7,9.746799e-7,118.994,7.393965e-7,0,0,0,0
905,1780759725697,13.284,0,-4.726814e-7,8.427574e-7,9.662648e-7,119.287,7.399875e-7,0,0,0,0
906,1780759725748,13.583,0,-4.651044e-7,8.160203e-7,9.392610e-7,119.682,7.403846e-7,0,0,0,0
907,1780759725796,12.678,0,-4.501222e-7,7.985173e-7,9.166460e-7,119.410,7.407090e-7,0,0,0,0
908,1780759725845,12.005,0,-4.208775e-7,7.819728e-7,8.880425e-7,118.290,7.409368e-7,0,0,0,0
909,1780759725894,13.889,0,-3.956662e-7,7.642706e-7,8.606168e-7,117.371,7.409394e-7,0,0,0,0
910,1780759725944,11.974,0,-3.738258e-7,7.572471e-7,8.444933e-7,116.274,7.407385e-7,0,0,0,0
911,1780759725994,13.191,0,-3.488395e-7,7.403913e-7,8.184548e-7,115.228,7.404353e-7,0,0,0,0
912,1780759726044,13.942,0,-3.278585e-7,7.458848e-7,8.147609e-7,113.728,7.398462e-7,0,0,0,0
913,1780759726095,13.670,0,-3.051373e-7,7.360496e-7,7.967921e-7,112.517,7.392285e-7,0,0,0,0
914,1780759726144,12.791,0,-2.835136e-7,7.301577e-7,7.832689e-7,111.221,7.384783e-7,0,0,0,0
915,1780759726195,13.271,0,-2.667963e-7,7.294754e-7,7.767333e-7,110.089,7.372579e-7,0,0,0,0
916,1780759726244,12.026,0,-2.554242e-7,7.268690e-7,7.704415e-7,109.362,7.362288e-7,0,0,0,0
917,1780759726293,14.025,0,-2.496281e-7,7.491673e-7,7.896618e-7,108.428,7.347716e-7,0,0,0,0
918,1780759726342,13.098,0,-2.422874e-7,7.663792e-7,8.037663e-7,107.544,7.336453e-7,0,0,0,0
919,1780759726393,13.271,0,-2.418516e-7,7.951593e-7,8.311260e-7,106.917,7.325419e-7,0,0,0,0
920,1780759726444,13.304,0,-2.409737e-7,8.182173e-7,8.529642e-7,106.410,7.311248e-7,0,0,0,0
921,1780759726495,13.206,0,-2.498414e-7,8.376598e-7,8.741251e-7,106.608,7.301479e-7,0,0,0,0
922,1780759726546,13.263,0,-2.682134e-7,8.652507e-7,9.058683e-7,107.223,7.290050e-7,0,0,0,0
923,1780759726597,13.358,0,-2.828482e-7,8.759536e-7,9.204878e-7,107.895,7.283141e-7,0,0,0,0
924,1780759726646,14.676,0,-3.057867e-7,8.991158e-7,9.496919e-7,108.783,7.277712e-7,0,0,0,0
925,1780759726698,14.521,0,-3.277709e-7,9.037647e-7,9.613659e-7,109.934,7.272637e-7,0,0,0,0
926,1780759726746,13.967,0,-3.520823e-7,9.135548e-7,9.790528e-7,111.077,7.270431e-7,0,0,0,0
927,1780759726797,14.492,0,-3.810141e-7,9.149085e-7,9.910748e-7,112.609,7.269157e-7,0,0,0,0
928,1780759726848,14.628,0,-4.024569e-7,9.075969e-7,9.928261e-7,113.914,7.269444e-7,0,0,0,0
929,1780759726897,13.154,0,-4.194262e-7,9.059937e-7,9.983702e-7,114.842,7.271005e-7,0,0,0,0
930,1780759726946,12.466,0,-4.296344e-7,8.883307e-7,9.867711e-7,115.810,7.272832e-7,0,0,0,0
931,1780759726995,14.453,0,-4.439488e-7,8.802669e-7,9.858805e-7,116.763,7.275103e-7,0,0,0,0
932,1780759727045,12.219,0,-4.504707e-7,8.536088e-7,9.651797e-7,117.822,7.278208e-7,0,0,0,0
933,1780759727094,13.819,0,-4.523247e-7,8.273606e-7,9.429333e-7,118.666,7.280474e-7,0,0,0,0
934,1780759727145,13.808,0,-4.514096e-7,7.990395e-7,9.177335e-7,119.464,7.282904e-7,0,0,0,0
935,1780759727197,13.411,0,-4.443992e-7,7.600906e-7,8.804705e-7,120.313,7.284306e-7,0,0,0,0
936,1780759727248,13.373,0,-4.427158e-7,7.350108e-7,8.580432e-7,121.062,7.285231e-7,0,0,0,0
937,1780759727299,13.549,0,-4.382887e-7,6.961188e-7,8.226046e-7,122.195,7.285731e-7,0,0,0,0
938,1780759727348,11.927,0,-4.318171e-7,6.714889e-7,7.983504e-7,122.744,7.285626e-7,0,0,0,0
939,1780759727397,14.445,0,-4.169145e-7,6.417612e-7,7.652942e-7,123.009,7.284317e-7,0,0,0,0
940,1780759727448,14.575,0,-3.985010e-7,6.126821e-7,7.308778e-7,123.041,7.282361e-7,0,0,0,0
941,1780759727499,14.504,0,-3.819517e-7,5.985559e-7,7.100396e-7,122.543,7.279561e-7,0,0,0,0
942,1780759727548,12.781,0,-3.600061e-7,5.774551e-7,6.804842e-7,121.941,7.275304e-7,0,0,0,0
943,1780759727598,13.670,0,-3.412438e-7,5.808150e-7,6.736419e-7,120.435,7.271612e-7,0,0,0,0
944,1780759727649,13.685,0,-3.214556e-7,5.735216e-7,6.574654e-7,119.270,7.265952e-7,0,0,0,0
945,1780759727699,14.674,0,-3.072857e-7,5.811435e-7,6.573829e-7,117.868,7.261470e-7,0,0,0,0
946,1780759727749,12.562,0,-3.082450e-7,5.895862e-7,6.653021e-7,117.601,7.254936e-7,0,0,0,0
947,1780759727799,13.633,0,-3.089123e-7,5.959937e-7,6.712938e-7,117.398,7.250009e-7,0,0,0,0
948,1780759727848,12.977,0,-3.148058e-7,6.220538e-7,6.971755e-7,116.843,7.244968e-7,0,0,0,0
949,1780759727896,12.661,0,-3.176087e-7,6.386967e-7,7.133083e-7,116.440,7.238428e-7,0,0,0,0
950,1780759727945,11.933,0,-3.294640e-7,6.665596e-7,7.435377e-7,116.302,7.233963e-7,0,0,0,0
951,1780759727994,14.330,0,-3.410895e-7,6.894406e-7,7.692011e-7,116.323,7.229223e-7,0,0,0,0
952,1780759728043,13.182,0,-3.581609e-7,7.177756e-7,8.021728e-7,116.519,7.226907e-7,0,0,0,0
953,1780759728094,13.262,0,-3.800105e-7,7.496828e-7,8.404953e-7,116.880,7.225486e-7,0,0,0,0
954,1780759728144,13.829,0,-3.998161e-7,7.713575e-7,8.688183e-7,117.399,7.225291e-7,0,0,0,0
955,1780759728196,13.348,0,-4.331940e-7,7.999997e-7,9.097563e-7,118.435,7.226427e-7,0,0,0,0
956,1780759728245,12.161,0,-4.632816e-7,8.072992e-7,9.307857e-7,119.850,7.230129e-7,0,0,0,0
957,1780759728295,13.289,0,-4.890867e-7,8.170530e-7,9.522507e-7,120.905,7.234487e-7,0,0,0,0
958,1780759728344,12.083,0,-5.084497e-7,8.132257e-7,9.590918e-7,122.015,7.239734e-7,0,0,0,0
959,1780759728393,14.305,0,-5.308665e-7,8.029614e-7,9.625831e-7,123.470,7.247907e-7,0,0,0,0
960,1780759728443,14.570,0,-5.527056e-7,7.924781e-7,9.661807e-7,124.893,7.254920e-7,0,0,0,0
961,1780759728494,12.009,0,-5.621334e-7,7.672290e-7,9.511226e-7,126.229,7.265380e-7,0,0,0,0
962,1780759728543,13.994,0,-5.745660e-7,7.551038e-7,9.488455e-7,127.268,7.273575e-7,0,0,0,0
963,1780759728594,14.557,0,-5.733519e-7,7.258189e-7,9.249570e-7,128.307,7.284534e-7,0,0,0,0
964,1780759728644,12.057,0,-5.691571e-7,7.064593e-7,9.072070e-7,128.857,7.292345e-7,0,0,0,0
965,1780759728694,13.295,0,-5.627908e-7,6.926174e-7,8.924418e-7,129.096,7.299448e-7,0,0,0,0
966,1780759728745,13.332,0,-5.467082e-7,6.723546e-7,8.665741e-7,129.115,7.307803e-7,0,0,0,0
967,1780759728795,14.271,0,-5.306277e-7,6.604404e-7,8.471997e-7,128.780,7.312871e-7,0,0,0,0
968,1780759728845,11.739,0,-5.109366e-7,6.343596e-7,8.145357e-7,128.849,7.317983e-7,0,0,0,0
969,1780759728895,13.230,0,-4.983592e-7,6.272603e-7,8.011351e-7,128.467,7.320600e-7,0,0,0,0
970,1780759728944,12.143,0,-4.798825e-7,6.108713e-7,7.768211e-7,128.152,7.322345e-7,0,0,0,0
971,1780759728994,13.256,0,-4.674226e-7,6.021351e-7,7.622667e-7,127.821,7.323428e-7,0,0,0,0
972,1780759729045,13.359,0,-4.590851e-7,5.995347e-7,7.551166e-7,127.443,7.323195e-7,0,0,0,0
973,1780759729094,12.470,0,-4.473438e-7,5.939177e-7,7.435420e-7,126.987,7.321854e-7,0,0,0,0
974,1780759729144,13.369,0,-4.464287e-7,6.123562e-7,7.578118e-7,126.093,7.319935e-7,0,0,0,0
975,1780759729195,13.328,0,-4.471147e-7,6.228886e-7,7.667475e-7,125.671,7.317530e-7,0,0,0,0
976,1780759729244,12.141,0,-4.564741e-7,6.482165e-7,7.928135e-7,125.153,7.314027e-7,0,0,0,0
977,1780759729294,13.288,0,-4.635454e-7,6.710319e-7,8.155723e-7,124.637,7.311303e-7,0,0,0,0
978,1780759729344,14.480,0,-4.682660e-7,6.956940e-7,8.386079e-7,123.944,7.308149e-7,0,0,0,0
979,1780759729394,14.566,0,-4.774625e-7,7.336292e-7,8.753184e-7,123.057,7.306282e-7,0,0,0,0
980,1780759729445,11.817,0,-4.839928e-7,7.548869e-7,8.967181e-7,122.666,7.304964e-7,0,0,0,0
981,1780759729495,13.390,0,-5.013766e-7,7.800953e-7,9.273226e-7,122.729,7.304781e-7,0,0,0,0
982,1780759729545,13.819,0,-5.111651e-7,7.858557e-7,9.374747e-7,123.042,7.305285e-7,0,0,0,0
983,1780759729595,12.150,0,-5.240928e-7,7.917505e-7,9.494957e-7,123.502,7.307183e-7,0,0,0,0
984,1780759729645,13.503,0,-5.250611e-7,7.964643e-7,9.539625e-7,123.394,7.309274e-7,0,0,0,0
985,1780759729695,13.764,0,-5.213756e-7,7.839082e-7,9.414588e-7,123.628,7.312652e-7,0,0,0,0
986,1780759729747,13.302,0,-5.259612e-7,7.762453e-7,9.376524e-7,124.120,7.315445e-7,0,0,0,0
987,1780759729796,11.925,0,-5.241655e-7,7.504730e-7,9.154011e-7,124.932,7.318616e-7,0,0,0,0
988,1780759729845,13.692,0,-5.266331e-7,7.371335e-7,9.059295e-7,125.543,7.323549e-7,0,0,0,0
989,1780759729896,14.444,0,-5.246844e-7,7.100887e-7,8.829041e-7,126.461,7.327839e-7,0,0,0,0
990,1780759729946,14.574,0,-5.249796e-7,6.848111e-7,8.628846e-7,127.474,7.334233e-7,0,0,0,0
991,1780759729998,14.567,0,-5.231080e-7,6.605657e-7,8.426085e-7,128.376,7.339204e-7,0,0,0,0
992,1780759730048,14.655,0,-5.126390e-7,6.275309e-7,8.103047e-7,129.246,7.344146e-7,0,0,0,0
993,1780759730099,12.060,0,-5.074987e-7,6.232507e-7,8.037390e-7,129.155,7.350074e-7,0,0,0,0
994,1780759730149,13.388,0,-4.940670e-7,6.095514e-7,7.846369e-7,129.026,7.353850e-7,0,0,0,0
995,1780759730199,13.611,0,-4.809568e-7,6.092823e-7,7.762373e-7,128.287,7.357843e-7,0,0,0,0
996,1780759730249,14.640,0,-4.601031e-7,6.038215e-7,7.591411e-7,127.307,7.359729e-7,0,0,0,0
997,1780759730299,12.733,0,-4.360328e-7,5.915150e-7,7.348569e-7,126.396,7.360555e-7,0,0,0,0
998,1780759730348,11.711,0,-4.153021e-7,5.907293e-7,7.221059e-7,125.108,7.359495e-7,0,0,0,0
999,1780759730398,12.837,0,-3.908668e-7,5.846296e-7,7.032557e-7,123.766,7.357026e-7,0,0,0,0
1000,1780759730448,13.787,0,-3.783387e-7,6.008848e-7,7.100723e-7,122.196,7.351626e-7,0,0,0,0
1001,1780759730499,13.735,0,-3.645571e-7,6.146981e-7,7.146717e-7,120.671,7.346012e-7,0,0,0,0
1002,1780759730549,14.583,0,-3.544807e-7,6.354266e-7,7.276150e-7,119.156,7.336790e-7,0,0,0,0
1003,1780759730599,12.616,0,-3.518300e-7,6.538799e-7,7.425249e-7,118.283,7.328449e-7,0,0,0,0
1004,1780759730649,13.635,0,-3.463538e-7,6.680065e-7,7.524584e-7,117.406,7.319427e-7,0,0,0,0
1005,1780759730698,13.164,0,-3.528952e-7,7.009517e-7,7.847727e-7,116.723,7.306202e-7,0,0,0,0
1006,1780759730748,13.736,0,-3.591719e-7,7.185072e-7,8.032789e-7,116.560,7.295964e-7,0,0,0,0
1007,1780759730798,11.704,0,-3.824317e-7,7.487364e-7,8.407499e-7,117.057,7.282847e-7,0,0,0,0
1008,1780759730848,13.295,0,-4.052210e-7,7.720812e-7,8.719596e-7,117.692,7.273957e-7,0,0,0,0
1009,1780759730897,11.889,0,-4.314683e-7,7.894180e-7,8.996364e-7,118.659,7.266267e-7,0,0,0,0
1010,1780759730947,13.209,0,-4.653201e-7,8.115865e-7,9.355188e-7,119.828,7.257643e-7,0,0,0,0
1011,1780759730995,12.679,0,-4.930484e-7,8.173913e-7,9.545812e-7,121.098,7.252978e-7,0,0,0,0
1012,1780759731045,13.770,0,-5.281799e-7,8.181816e-7,9.738559e-7,122.844,7.249067e-7,0,0,0,0
1013,1780759731095,12.173,0,-5.516994e-7,7.997534e-7,9.715851e-7,124.599,7.247842e-7,0,0,0,0
1014,1780759731145,13.434,0,-5.767781e-7,7.876234e-7,9.762293e-7,126.215,7.248312e-7,0,0,0,0
1015,1780759731195,13.805,0,-5.915320e-7,7.670535e-7,9.686492e-7,127.638,7.249987e-7,0,0,0,0
1016,1780759731244,13.384,0,-6.059798e-7,7.345936e-7,9.522811e-7,129.520,7.252788e-7,0,0,0,0
1017,1780759731294,14.019,0,-6.234687e-7,7.033752e-7,9.399201e-7,131.554,7.258250e-7,0,0,0,0
1018,1780759731346,13.432,0,-6.263692e-7,6.579550e-7,9.084289e-7,133.591,7.263858e-7,0,0,0,0
1019,1780759731397,13.445,0,-6.316897e-7,6.305070e-7,8.925082e-7,135.054,7.272457e-7,0,0,0,0
1020,1780759731445,12.636,0,-6.270768e-7,5.952437e-7,8.646041e-7,136.492,7.279486e-7,0,0,0,0
1021,1780759731493,12.464,0,-6.213378e-7,5.666153e-7,8.409004e-7,137.637,7.286788e-7,0,0,0,0
1022,1780759731542,11.750,0,-6.244862e-7,5.482284e-7,8.309858e-7,138.721,7.296584e-7,0,0,0,0
1023,1780759731591,14.193,0,-6.203712e-7,5.243565e-7,8.122870e-7,139.794,7.304244e-7,0,0,0,0
1024,1780759731640,13.161,0,-6.222196e-7,5.191243e-7,8.103377e-7,140.161,7.314238e-7,0,0,0,0
1025,1780759731691,13.293,0,-6.129009e-7,5.005769e-7,7.913437e-7,140.760,7.321646e-7,0,0,0,0
1026,1780759731741,13.878,0,-6.078451e-7,4.932238e-7,7.827806e-7,140.943,7.330722e-7,0,0,0,0
1027,1780759731793,13.402,0,-5.987359e-7,4.878784e-7,7.723406e-7,140.825,7.336872e-7,0,0,0,0
1028,1780759731843,14.287,0,-5.870629e-7,4.824199e-7,7.598498e-7,140.588,7.342347e-7,0,0,0,0
1029,1780759731893,14.594,0,-5.819566e-7,4.920241e-7,7.620769e-7,139.787,7.348258e-7,0,0,0,0
1030,1780759731944,14.495,0,-5.689270e-7,4.970209e-7,7.554520e-7,138.859,7.351877e-7,0,0,0,0
1031,1780759731994,12.652,0,-5.675693e-7,5.100686e-7,7.630891e-7,138.054,7.354883e-7,0,0,0,0
1032,1780759732045,13.406,0,-5.649184e-7,5.167883e-7,7.656390e-7,137.548,7.356254e-7,0,0,0,0
1033,1780759732096,13.266,0,-5.671123e-7,5.322232e-7,7.777390e-7,136.818,7.356731e-7,0,0,0,0
1034,1780759732147,13.318,0,-5.750480e-7,5.513788e-7,7.966798e-7,136.204,7.356180e-7,0,0,0,0
1035,1780759732196,11.845,0,-5.808684e-7,5.705614e-7,8.142164e-7,135.513,7.355421e-7,0,0,0,0
1036,1780759732246,13.185,0,-6.001571e-7,6.051068e-7,8.522575e-7,134.765,7.353431e-7,0,0,0,0
1037,1780759732295,12.214,0,-6.140530e-7,6.252714e-7,8.763706e-7,134.481,7.351953e-7,0,0,0,0
1038,1780759732345,13.222,0,-6.385802e-7,6.538518e-7,9.139512e-7,134.323,7.350420e-7,0,0,0,0
1039,1780759732395,13.669,0,-6.611893e-7,6.732423e-7,9.436241e-7,134.483,7.349359e-7,0,0,0,0
1040,1780759732445,11.809,0,-6.816054e-7,6.888219e-7,9.690519e-7,134.698,7.349769e-7,0,0,0,0
1041,1780759732495,13.160,0,-7.013994e-7,7.128241e-7,1.000040e-6,134.537,7.351770e-7,0,0,0,0
1042,1780759732546,13.330,0,-7.151362e-7,7.169138e-7,1.012613e-6,134.929,7.354583e-7,0,0,0,0
1043,1780759732595,11.691,0,-7.363487e-7,7.223113e-7,1.031476e-6,135.551,7.359499e-7,0,0,0,0
1044,1780759732644,13.726,0,-7.476067e-7,7.099960e-7,1.031024e-6,136.478,7.364540e-7,0,0,0,0
1045,1780759732695,13.703,0,-7.647014e-7,7.001289e-7,1.036797e-6,137.524,7.370544e-7,0,0,0,0
1046,1780759732744,12.705,0,-7.722303e-7,6.793455e-7,1.028518e-6,138.661,7.380710e-7,0,0,0,0
1047,1780759732792,12.637,0,-7.725123e-7,6.532844e-7,1.011709e-6,139.780,7.389655e-7,0,0,0,0
1048,1780759732841,11.850,0,-7.757678e-7,6.313754e-7,1.000225e-6,140.859,7.402738e-7,0,0,0,0
1049,1780759732891,13.485,0,-7.645058e-7,5.931303e-7,9.676119e-7,142.194,7.413459e-7,0,0,0,0
1050,1780759732941,14.210,0,-7.597519e-7,5.774873e-7,9.543136e-7,142.762,7.424295e-7,0,0,0,0
1051,1780759732992,13.660,0,-7.419675e-7,5.502325e-7,9.237270e-7,143.440,7.439129e-7,0,0,0,0
1052,1780759733041,12.434,0,-7.191792e-7,5.216125e-7,8.884246e-7,144.047,7.449906e-7,0,0,0,0
1053,1780759733091,13.822,0,-6.972491e-7,4.971192e-7,8.563199e-7,144.512,7.463576e-7,0,0,0,0
1054,1780759733140,12.830,0,-6.696969e-7,4.682007e-7,8.171327e-7,145.042,7.473274e-7,0,0,0,0
1055,1780759733191,13.211,0,-6.512543e-7,4.532714e-7,7.934653e-7,145.162,7.482271e-7,0,0,0,0
1056,1780759733241,14.280,0,-6.212021e-7,4.304287e-7,7.557519e-7,145.282,7.493632e-7,0,0,0,0
1057,1780759733290,13.092,0,-6.010682e-7,4.189061e-7,7.326427e-7,145.126,7.501186e-7,0,0,0,0
1058,1780759733339,11.727,0,-5.812279e-7,4.100848e-7,7.113335e-7,144.795,7.510435e-7,0,0,0,0
1059,1780759733389,13.308,0,-5.698433e-7,4.059300e-7,6.996431e-7,144.536,7.516578e-7,0,0,0,0
1060,1780759733438,12.178,0,-5.744619e-7,4.094472e-7,7.054456e-7,144.521,7.524285e-7,0,0,0,0
1061,1780759733488,13.386,0,-5.675756e-7,4.087160e-7,6.994218e-7,144.242,7.529856e-7,0,0,0,0
1062,1780759733537,12.075,0,-5.732450e-7,4.263937e-7,7.144379e-7,143.357,7.534937e-7,0,0,0,0
1063,1780759733587,13.310,0,-5.719136e-7,4.407993e-7,7.220728e-7,142.377,7.541532e-7,0,0,0,0
1064,1780759733638,13.274,0,-5.807000e-7,4.643889e-7,7.435520e-7,141.350,7.545931e-7,0,0,0,0
1065,1780759733689,13.276,0,-5.904921e-7,4.859457e-7,7.647379e-7,140.547,7.551479e-7,0,0,0,0
1066,1780759733740,13.246,0,-5.978674e-7,5.059969e-7,7.832485e-7,139.758,7.555336e-7,0,0,0,0
1067,1780759733790,14.011,0,-6.145168e-7,5.296039e-7,8.112405e-7,139.245,7.558920e-7,0,0,0,0
1068,1780759733840,12.020,0,-6.247886e-7,5.433155e-7,8.279810e-7,138.990,7.563780e-7,0,0,0,0
1069,1780759733888,11.774,0,-6.393057e-7,5.685704e-7,8.555607e-7,138.352,7.567187e-7,0,0,0,0
1070,1780759733938,13.267,0,-6.412704e-7,5.773824e-7,8.629011e-7,138.001,7.571755e-7,0,0,0,0
1071,1780759733989,13.260,0,-6.465957e-7,5.860375e-7,8.726545e-7,137.813,7.574752e-7,0,0,0,0
1072,1780759734038,12.001,0,-6.558493e-7,5.892501e-7,8.816768e-7,138.062,7.577710e-7,0,0,0,0
1073,1780759734088,13.239,0,-6.673242e-7,5.850437e-7,8.874670e-7,138.759,7.581793e-7,0,0,0,0
1074,1780759734139,13.280,0,-6.848179e-7,5.846805e-7,9.004592e-7,139.510,7.585312e-7,0,0,0,0
1075,1780759734190,13.283,0,-6.871527e-7,5.681743e-7,8.916282e-7,140.414,7.591176e-7,0,0,0,0
1076,1780759734240,13.878,0,-6.988721e-7,5.600285e-7,8.955747e-7,141.294,7.595903e-7,0,0,0,0
1077,1780759734291,13.814,0,-7.036075e-7,5.421147e-7,8.882296e-7,142.387,7.603510e-7,0,0,0,0
1078,1780759734341,11.931,0,-7.129041e-7,5.243732e-7,8.849856e-7,143.664,7.609833e-7,0,0,0,0
1079,1780759734390,13.993,0,-7.266109e-7,5.053237e-7,8.850511e-7,145.183,7.617091e-7,0,0,0,0
1080,1780759734440,11.993,0,-7.243823e-7,4.738595e-7,8.656054e-7,146.809,7.628050e-7,0,0,0,0
1081,1780759734490,13.251,0,-7.281013e-7,4.523593e-7,8.571817e-7,148.148,7.636711e-7,0,0,0,0
1082,1780759734540,14.003,0,-7.107790e-7,4.198375e-7,8.255122e-7,149.431,7.648842e-7,0,0,0,0
1083,1780759734591,13.818,0,-6.981491e-7,3.949346e-7,8.021131e-7,150.504,7.657540e-7,0,0,0,0
1084,1780759734640,12.401,0,-6.838072e-7,3.743293e-7,7.795606e-7,151.303,7.666182e-7,0,0,0,0
1085,1780759734690,13.981,0,-6.689889e-7,3.573212e-7,7.584356e-7,151.892,7.677158e-7,0,0,0,0
1086,1780759734738,13.492,0,-6.607580e-7,3.525310e-7,7.489187e-7,151.919,7.684964e-7,0,0,0,0
1087,1780759734790,13.242,0,-6.419643e-7,3.462279e-7,7.293778e-7,151.661,7.694855e-7,0,0,0,0
1088,1780759734841,13.305,0,-6.426974e-7,3.504339e-7,7.320272e-7,151.398,7.701642e-7,0,0,0,0
1089,1780759734891,13.892,0,-6.319379e-7,3.505190e-7,7.226403e-7,150.984,7.708288e-7,0,0,0,0
1090,1780759734940,12.466,0,-6.244883e-7,3.572011e-7,7.194291e-7,150.231,7.716259e-7,0,0,0,0
1091,1780759734991,13.302,0,-6.211502e-7,3.680395e-7,7.219977e-7,149.353,7.721824e-7,0,0,0,0
1092,1780759735042,13.375,0,-6.160544e-7,3.771497e-7,7.223329e-7,148.525,7.728623e-7,0,0,0,0
1093,1780759735090,12.476,0,-6.227634e-7,4.003601e-7,7.403529e-7,147.264,7.733355e-7,0,0,0,0
1094,1780759735141,13.289,0,-6.209267e-7,4.136952e-7,7.461191e-7,146.326,7.739424e-7,0,0,0,0
1095,1780759735189,12.477,0,-6.319982e-7,4.371142e-7,7.684338e-7,145.331,7.743536e-7,0,0,0,0
1096,1780759735240,13.375,0,-6.418466e-7,4.550425e-7,7.867850e-7,144.665,7.747817e-7,0,0,0,0
1097,1780759735289,14.496,0,-6.638979e-7,4.677445e-7,8.121240e-7,144.834,7.753365e-7,0,0,0,0
1098,1780759735340,11.799,0,-7.012972e-7,4.776281e-7,8.484965e-7,145.743,7.758153e-7,0,0,0,0
1099,1780759735390,13.256,0,-7.246369e-7,4.826210e-7,8.706444e-7,146.336,7.765641e-7,0,0,0,0
1100,1780759735441,13.327,0,-7.595764e-7,4.975145e-7,9.080071e-7,146.776,7.771982e-7,0,0,0,0
1101,1780759735491,13.737,0,-7.841017e-7,5.043696e-7,9.323112e-7,147.249,7.779310e-7,0,0,0,0
1102,1780759735541,11.921,0,-8.101312e-7,5.090134e-7,9.567691e-7,147.858,7.790035e-7,0,0,0,0
1103,1780759735591,13.248,0,-8.269624e-7,5.059078e-7,9.694377e-7,148.543,7.799333e-7,0,0,0,0
1104,1780759735641,13.868,0,-8.333071e-7,4.942699e-7,9.688671e-7,149.326,7.812611e-7,0,0,0,0
1105,1780759735691,11.826,0,-8.379097e-7,4.816378e-7,9.664717e-7,150.109,7.823280e-7,0,0,0,0
1106,1780759735740,13.793,0,-8.246011e-7,4.613173e-7,9.448707e-7,150.775,7.834282e-7,0,0,0,0
1107,1780759735791,13.823,0,-8.293578e-7,4.590717e-7,9.479352e-7,151.034,7.848961e-7,0,0,0,0
1108,1780759735841,11.696,0,-8.189262e-7,4.450313e-7,9.320370e-7,151.479,7.860397e-7,0,0,0,0
1109,1780759735891,13.369,0,-8.090380e-7,4.318154e-7,9.170643e-7,151.909,7.875285e-7,0,0,0,0
1110,1780759735940,12.041,0,-7.923330e-7,4.206104e-7,8.970533e-7,152.038,7.886354e-7,0,0,0,0
1111,1780759735990,13.242,0,-7.635980e-7,4.035972e-7,8.636970e-7,152.141,7.900139e-7,0,0,0,0
1112,1780759736040,13.601,0,-7.460237e-7,3.915503e-7,8.425337e-7,152.307,7.909848e-7,0,0,0,0
1113,1780759736090,12.140,0,-7.135735e-7,3.715940e-7,8.045304e-7,152.492,7.918965e-7,0,0,0,0
1114,1780759736138,11.844,0,-6.886230e-7,3.626462e-7,7.782763e-7,152.228,7.929668e-7,0,0,0,0
1115,1780759736186,14.593,0,-6.591433e-7,3.543761e-7,7.483664e-7,151.736,7.936858e-7,0,0,0,0
1116,1780759736236,12.575,0,-6.263866e-7,3.503022e-7,7.176850e-7,150.784,7.944896e-7,0,0,0,0
1117,1780759736285,11.882,0,-6.015992e-7,3.548676e-7,6.984644e-7,149.465,7.949947e-7,0,0,0,0
1118,1780759736334,13.985,0,-5.756645e-7,3.585370e-7,6.781876e-7,148.084,7.954134e-7,0,0,0,0
1119,1780759736383,13.229,0,-5.745182e-7,3.726871e-7,6.848115e-7,147.029,7.958594e-7,0,0,0,0
1120,1780759736433,14.199,0,-5.746992e-7,3.830901e-7,6.906788e-7,146.313,7.961486e-7,0,0,0,0
1121,1780759736483,12.163,0,-5.837139e-7,4.016850e-7,7.085709e-7,145.466,7.964857e-7,0,0,0,0
1122,1780759736532,13.684,0,-5.932555e-7,4.221779e-7,7.281390e-7,144.563,7.967476e-7,0,0,0,0
1123,1780759736581,12.805,0,-5.993747e-7,4.428282e-7,7.452160e-7,143.542,7.969970e-7,0,0,0,0
1124,1780759736631,13.307,0,-6.189682e-7,4.667557e-7,7.752306e-7,142.981,7.973505e-7,0,0,0,0
1125,1780759736682,13.432,0,-6.331831e-7,4.812083e-7,7.952875e-7,142.766,7.976346e-7,0,0,0,0
1126,1780759736732,14.527,0,-6.760700e-7,4.928067e-7,8.366177e-7,143.911,7.980641e-7,0,0,0,0
1127,1780759736782,13.390,0,-7.069976e-7,4.946232e-7,8.628429e-7,145.023,7.984763e-7,0,0,0,0
1128,1780759736832,14.342,0,-7.405861e-7,4.984231e-7,8.926889e-7,146.059,7.991055e-7,0,0,0,0
1129,1780759736882,11.696,0,-7.712794e-7,5.023950e-7,9.204741e-7,146.921,7.996786e-7,0,0,0,0
1130,1780759736932,13.199,0,-7.890409e-7,4.981975e-7,9.331593e-7,147.732,8.003130e-7,0,0,0,0
1131,1780759736982,14.396,0,-8.217753e-7,4.967231e-7,9.602336e-7,148.849,8.012897e-7,0,0,0,0
1132,1780759737032,12.342,0,-8.358581e-7,4.828000e-7,9.652744e-7,149.989,8.021348e-7,0,0,0,0
1133,1780759737081,14.299,0,-8.624423e-7,4.704387e-7,9.824049e-7,151.389,8.033727e-7,0,0,0,0
1134,1780759737132,14.303,0,-8.787041e-7,4.499848e-7,9.872219e-7,152.883,8.044206e-7,0,0,0,0
1135,1780759737182,12.315,0,-8.954094e-7,4.317971e-7,9.940859e-7,154.255,8.055259e-7,0,0,0,0
1136,1780759737232,13.260,0,-9.130956e-7,4.174328e-7,1.003989e-6,155.432,8.071232e-7,0,0,0,0
1137,1780759737283,13.280,0,-9.116218e-7,3.936318e-7,9.929755e-7,156.646,8.083846e-7,0,0,0,0
1138,1780759737332,12.216,0,-9.223110e-7,3.772422e-7,9.964784e-7,157.755,8.101022e-7,0,0,0,0
1139,1780759737380,11.907,1,-9.223110e-7,3.772422e-7,9.964784e-7,157.755,8.101022e-7,0,0,0,0
1140,1780759737428,14.349,0,-9.149154e-7,3.543192e-7,9.811281e-7,158.830,8.114115e-7,0,0,0,0
1141,1780759737479,12.248,0,-9.108822e-7,3.302934e-7,9.689169e-7,160.069,8.126815e-7,0,0,0,0
1142,1780759737527,11.836,0,-9.029760e-7,3.043044e-7,9.528730e-7,161.376,8.143450e-7,0,0,0,0
1143,1780759737576,13.447,0,-8.905994e-7,2.809204e-7,9.338542e-7,162.493,8.155353e-7,0,0,0,0
1144,1780759737627,13.676,0,-8.859402e-7,2.644788e-7,9.245750e-7,163.378,8.170589e-7,0,0,0,0
1145,1780759737678,14.338,0,-8.710924e-7,2.494657e-7,9.061098e-7,164.019,8.181389e-7,0,0,0,0
1146,1780759737728,11.854,0,-8.782834e-7,2.458360e-7,9.120401e-7,164.363,8.194963e-7,0,0,0,0
1147,1780759737777,13.578,0,-8.715286e-7,2.464881e-7,9.057144e-7,164.208,8.204866e-7,0,0,0,0
1148,1780759737828,13.453,0,-8.649783e-7,2.553232e-7,9.018744e-7,163.555,8.214090e-7,0,0,0,0
1149,1780759737877,12.331,0,-8.600488e-7,2.733627e-7,9.024473e-7,162.367,8.225781e-7,0,0,0,0
1150,1780759737928,13.362,0,-8.497130e-7,2.991687e-7,9.008408e-7,160.604,8.233881e-7,0,0,0,0
1151,1780759737978,13.433,0,-8.534664e-7,3.280283e-7,9.143344e-7,158.976,8.243914e-7,0,0,0,0
1152,1780759738027,12.719,0,-8.474218e-7,3.527319e-7,9.179017e-7,157.401,8.250997e-7,0,0,0,0
1153,1780759738076,14.448,0,-8.559243e-7,3.829913e-7,9.377040e-7,155.893,8.257782e-7,0,0,0,0
1154,1780759738127,14.606,0,-8.528323e-7,4.052205e-7,9.442068e-7,154.585,8.266985e-7,0,0,0,0
1155,1780759738178,14.354,0,-8.554396e-7,4.320944e-7,9.583749e-7,153.201,8.273744e-7,0,0,0,0
1156,1780759738228,13.369,0,-8.603262e-7,4.527411e-7,9.721809e-7,152.245,8.283272e-7,0,0,0,0
1157,1780759738277,14.640,0,-8.580413e-7,4.618781e-7,9.744569e-7,151.707,8.290616e-7,0,0,0,0
1158,1780759738328,14.471,0,-8.683928e-7,4.702472e-7,9.875417e-7,151.564,8.301053e-7,0,0,0,0
1159,1780759738379,12.309,0,-8.686232e-7,4.610101e-7,9.833802e-7,152.043,8.309373e-7,0,0,0,0
1160,1780759738427,14.297,0,-8.805702e-7,4.560747e-7,9.916693e-7,152.619,8.318116e-7,0,0,0,0
1161,1780759738476,13.674,0,-8.824542e-7,4.454191e-7,9.884956e-7,153.218,8.330831e-7,0,0,0,0
1162,1780759738526,12.176,0,-8.825954e-7,4.315144e-7,9.824354e-7,153.945,8.340615e-7,0,0,0,0
1163,1780759738574,14.392,0,-8.833281e-7,4.152048e-7,9.760449e-7,154.824,8.354123e-7,0,0,0,0
1164,1780759738623,13.645,0,-8.683881e-7,3.949593e-7,9.539867e-7,155.543,8.364202e-7,0,0,0,0
1165,1780759738674,13.437,0,-8.748679e-7,3.818023e-7,9.545506e-7,156.423,8.374101e-7,0,0,0,0
1166,1780759738723,12.544,0,-8.620532e-7,3.585800e-7,9.336569e-7,157.415,8.387304e-7,0,0,0,0
1167,1780759738774,13.238,0,-8.516443e-7,3.362576e-7,9.156239e-7,158.454,8.396689e-7,0,0,0,0
1168,1780759738824,13.497,0,-8.326748e-7,3.148593e-7,8.902156e-7,159.287,8.408694e-7,0,0,0,0
1169,1780759738874,11.977,0,-8.069514e-7,2.973831e-7,8.600042e-7,159.770,8.416843e-7,0,0,0,0
1170,1780759738924,13.310,0,-7.880421e-7,2.791476e-7,8.360225e-7,160.494,8.424376e-7,0,0,0,0
1171,1780759738974,13.513,0,-7.568516e-7,2.574256e-7,7.994324e-7,161.215,8.433375e-7,0,0,0,0
1172,1780759739025,13.305,0,-7.422939e-7,2.453453e-7,7.817893e-7,161.710,8.439259e-7,0,0,0,0
1173,1780759739074,13.188,0,-7.118071e-7,2.344726e-7,7.494309e-7,161.768,8.445986e-7,0,0,0,0
1174,1780759739124,13.480,0,-6.811271e-7,2.207749e-7,7.160137e-7,162.041,8.449875e-7,0,0,0,0
1175,1780759739175,13.631,0,-6.517261e-7,2.086505e-7,6.843113e-7,162.248,8.453892e-7,0,0,0,0
1176,1780759739224,12.442,0,-6.281080e-7,2.001818e-7,6.592362e-7,162.323,8.456046e-7,0,0,0,0
1177,1780759739274,13.426,0,-6.241431e-7,1.957639e-7,6.541239e-7,162.586,8.457907e-7,0,0,0,0
1178,1780759739325,13.349,0,-6.178192e-7,1.937646e-7,6.474915e-7,162.587,8.460077e-7,0,0,0,0
1179,1780759739375,11.804,0,-6.318107e-7,1.976921e-7,6.620173e-7,162.625,8.461587e-7,0,0,0,0
1180,1780759739424,13.653,0,-6.430661e-7,2.037258e-7,6.745652e-7,162.422,8.463752e-7,0,0,0,0
1181,1780759739473,12.798,0,-6.675119e-7,2.157346e-7,7.015080e-7,162.090,8.465473e-7,0,0,0,0
1182,1780759739524,13.321,0,-6.964249e-7,2.304204e-7,7.335538e-7,161.693,8.467714e-7,0,0,0,0
1183,1780759739575,13.269,0,-7.187871e-7,2.476321e-7,7.602477e-7,160.990,8.471341e-7,0,0,0,0
1184,1780759739624,12.008,0,-7.495532e-7,2.735765e-7,7.979186e-7,159.949,8.474769e-7,0,0,0,0
1185,1780759739674,13.257,0,-7.663672e-7,2.921446e-7,8.201628e-7,159.133,8.480320e-7,0,0,0,0
1186,1780759739723,14.482,0,-7.905461e-7,3.016130e-7,8.461286e-7,159.117,8.485142e-7,0,0,0,0
1187,1780759739774,14.369,0,-8.049287e-7,3.006473e-7,8.592433e-7,159.519,8.490709e-7,0,0,0,0
1188,1780759739824,12.549,0,-8.199122e-7,2.966319e-7,8.719212e-7,160.111,8.498789e-7,0,0,0,0
1189,1780759739874,13.461,0,-8.334545e-7,2.886142e-7,8.820116e-7,160.900,8.505464e-7,0,0,0,0
1190,1780759739924,14.410,0,-8.324727e-7,2.754753e-7,8.768680e-7,161.690,8.514813e-7,0,0,0,0
1191,1780759739975,12.283,0,-8.462130e-7,2.634273e-7,8.862676e-7,162.709,8.522094e-7,0,0,0,0
1192,1780759740023,11.846,0,-8.415461e-7,2.477807e-7,8.772657e-7,163.594,8.532228e-7,0,0,0,0
1193,1780759740071,14.575,0,-8.517407e-7,2.347910e-7,8.835095e-7,164.589,8.539841e-7,0,0,0,0
1194,1780759740122,14.531,0,-8.543172e-7,2.152547e-7,8.810179e-7,165.858,8.547750e-7,0,0,0,0
1195,1780759740173,14.428,0,-8.543117e-7,1.954236e-7,8.763783e-7,167.115,8.558263e-7,0,0,0,0
1196,1780759740223,12.420,0,-8.580563e-7,1.749909e-7,8.757182e-7,168.473,8.566212e-7,0,0,0,0
1197,1780759740272,14.406,0,-8.522470e-7,1.577186e-7,8.667180e-7,169.515,8.576771e-7,0,0,0,0
1198,1780759740323,14.422,0,-8.596061e-7,1.432508e-7,8.714606e-7,170.539,8.584615e-7,0,0,0,0
1199,1780759740374,11.914,0,-8.476422e-7,1.239956e-7,8.566634e-7,171.678,8.592464e-7,0,0,0,0
1200,1780759740423,13.662,0,-8.411653e-7,1.005031e-7,8.471481e-7,173.187,8.602423e-7,0,0,0,0
