frame_index,unix_ms,read_ms,is_dup,x0_mv,y0_mv,r_mv,theta_deg,noise_mv,pll_a,pll_b,overload_a,overload_b
0,1780759796649,12.102,0,-4.486532e-7,9.811264e-7,1.078841e-6,114.574,8.170495e-7,0,0,0,0
1,1780759796699,13.464,0,-4.496129e-7,9.586470e-7,1.058846e-6,115.127,8.172217e-7,0,0,0,0
2,1780759796750,13.363,0,-4.459546e-7,9.494162e-7,1.048936e-6,115.160,8.173644e-7,0,0,0,0
3,1780759796799,14.588,0,-4.408004e-7,9.328461e-7,1.031749e-6,115.292,8.175403e-7,0,0,0,0
4,1780759796849,12.791,0,-4.247422e-7,9.053336e-7,1.000017e-6,115.134,8.177939e-7,0,0,0,0
5,1780759796899,13.810,0,-4.075616e-7,8.850012e-7,9.743375e-7,114.727,8.179718e-7,0,0,0,0
6,1780759796950,14.337,0,-3.933978e-7,8.518424e-7,9.382949e-7,114.788,8.181892e-7,0,0,0,0
7,1780759796999,12.644,0,-3.839813e-7,8.369776e-7,9.208545e-7,114.644,8.183429e-7,0,0,0,0
8,1780759797049,14.436,0,-3.785509e-7,8.059224e-7,8.903997e-7,115.160,8.185821e-7,0,0,0,0
9,1780759797098,12.502,0,-3.732367e-7,7.887374e-7,8.725894e-7,115.324,8.187841e-7,0,0,0,0
10,1780759797149,13.284,0,-3.721293e-7,7.702992e-7,8.554771e-7,115.785,8.190236e-7,0,0,0,0
11,1780759797199,13.720,0,-3.722700e-7,7.463376e-7,8.340292e-7,116.510,8.193768e-7,0,0,0,0
12,1780759797251,13.221,0,-3.735595e-7,7.371876e-7,8.264335e-7,116.873,8.196679e-7,0,0,0,0
13,1780759797299,12.552,0,-3.743306e-7,7.103587e-7,8.029526e-7,117.787,8.200752e-7,0,0,0,0
14,1780759797350,13.304,0,-3.783412e-7,7.005507e-7,7.961867e-7,118.372,8.203912e-7,0,0,0,0
15,1780759797398,12.542,0,-3.779840e-7,6.836005e-7,7.811412e-7,118.940,8.207279e-7,0,0,0,0
16,1780759797448,14.040,0,-3.769414e-7,6.714884e-7,7.700529e-7,119.308,8.211489e-7,0,0,0,0
17,1780759797498,14.589,0,-3.715344e-7,6.615230e-7,7.587164e-7,119.320,8.214578e-7,0,0,0,0
18,1780759797548,12.777,0,-3.600756e-7,6.350333e-7,7.300149e-7,119.554,8.218250e-7,0,0,0,0
19,1780759797599,13.308,0,-3.523198e-7,6.275342e-7,7.196724e-7,119.311,8.220594e-7,0,0,0,0
20,1780759797648,12.413,0,-3.449658e-7,6.096499e-7,7.004815e-7,119.503,8.222641e-7,0,0,0,0
21,1780759797698,13.377,0,-3.388978e-7,6.017677e-7,6.906345e-7,119.387,8.224561e-7,0,0,0,0
22,1780759797749,13.443,0,-3.322138e-7,5.944884e-7,6.810158e-7,119.197,8.225641e-7,0,0,0,0
23,1780759797799,13.742,0,-3.190613e-7,5.749482e-7,6.575451e-7,119.028,8.226186e-7,0,0,0,0
24,1780759797850,13.531,0,-3.079776e-7,5.704097e-7,6.482418e-7,118.366,8.225951e-7,0,0,0,0
25,1780759797900,12.397,0,-2.959720e-7,5.531484e-7,6.273537e-7,118.150,8.224601e-7,0,0,0,0
26,1780759797948,11.612,0,-2.947692e-7,5.549177e-7,6.283490e-7,117.977,8.222892e-7,0,0,0,0
27,1780759797998,13.348,0,-2.952775e-7,5.430153e-7,6.181055e-7,118.536,8.220975e-7,0,0,0,0
28,1780759798048,13.521,0,-2.944270e-7,5.385996e-7,6.138215e-7,118.663,8.217270e-7,0,0,0,0
29,1780759798098,11.918,0,-2.942181e-7,5.372979e-7,6.125793e-7,118.705,8.213847e-7,0,0,0,0
30,1780759798148,13.149,0,-2.948722e-7,5.256565e-7,6.027142e-7,119.291,8.208115e-7,0,0,0,0
31,1780759798196,12.772,0,-2.995423e-7,5.280750e-7,6.071151e-7,119.563,8.203212e-7,0,0,0,0
32,1780759798246,13.916,0,-2.970565e-7,5.074495e-7,5.880031e-7,120.344,8.197766e-7,0,0,0,0
33,1780759798294,13.798,0,-2.963089e-7,4.977649e-7,5.792830e-7,120.764,8.189497e-7,0,0,0,0
34,1780759798345,13.626,0,-2.963927e-7,4.855229e-7,5.688419e-7,121.402,8.182932e-7,0,0,0,0
35,1780759798396,13.696,0,-2.945027e-7,4.738770e-7,5.579348e-7,121.860,8.173444e-7,0,0,0,0
36,1780759798448,13.354,0,-2.961478e-7,4.729667e-7,5.580331e-7,122.053,8.166344e-7,0,0,0,0
37,1780759798499,13.291,0,-2.939409e-7,4.605455e-7,5.463546e-7,122.548,8.158967e-7,0,0,0,0
38,1780759798549,14.018,0,-2.958877e-7,4.619896e-7,5.486200e-7,122.638,8.148755e-7,0,0,0,0
39,1780759798598,12.427,0,-2.965350e-7,4.488451e-7,5.379544e-7,123.451,8.141124e-7,0,0,0,0
40,1780759798649,13.378,0,-3.024347e-7,4.421782e-7,5.357129e-7,124.371,8.131029e-7,0,0,0,0
41,1780759798698,14.428,0,-3.098502e-7,4.370929e-7,5.357774e-7,125.332,8.124250e-7,0,0,0,0
42,1780759798749,11.760,0,-3.065002e-7,4.328512e-7,5.303796e-7,125.302,8.116019e-7,0,0,0,0
43,1780759798798,13.838,0,-3.074931e-7,4.388394e-7,5.358470e-7,125.019,8.110612e-7,0,0,0,0
44,1780759798850,13.310,0,-3.011579e-7,4.279350e-7,5.232824e-7,125.136,8.105624e-7,0,0,0,0
45,1780759798901,13.342,0,-2.998210e-7,4.315828e-7,5.255058e-7,124.788,8.099447e-7,0,0,0,0
46,1780759798950,12.262,0,-2.973208e-7,4.305675e-7,5.232476e-7,124.626,8.095324e-7,0,0,0,0
47,1780759798998,14.500,0,-2.970753e-7,4.306359e-7,5.231645e-7,124.600,8.090389e-7,0,0,0,0
48,1780759799049,14.572,0,-2.984583e-7,4.315390e-7,5.246935e-7,124.668,8.087339e-7,0,0,0,0
49,1780759799100,14.531,0,-2.966813e-7,4.232025e-7,5.168367e-7,125.032,8.084546e-7,0,0,0,0
50,1780759799150,12.530,0,-2.990199e-7,4.273013e-7,5.215356e-7,124.984,8.081495e-7,0,0,0,0
51,1780759799199,11.953,0,-2.999950e-7,4.229208e-7,5.185162e-7,125.350,8.079585e-7,0,0,0,0
52,1780759799249,13.238,0,-3.080276e-7,4.351054e-7,5.331020e-7,125.296,8.077668e-7,0,0,0,0
53,1780759799297,13.065,0,-3.135839e-7,4.368825e-7,5.377743e-7,125.670,8.076917e-7,0,0,0,0
54,1780759799348,13.314,0,-3.169170e-7,4.334950e-7,5.369863e-7,126.170,8.076480e-7,0,0,0,0
55,1780759799397,14.651,0,-3.216664e-7,4.320887e-7,5.386742e-7,126.666,8.076594e-7,0,0,0,0
56,1780759799448,14.555,0,-3.190672e-7,4.138152e-7,5.225389e-7,127.634,8.076987e-7,0,0,0,0
57,1780759799499,12.251,0,-3.228367e-7,4.114083e-7,5.229535e-7,128.122,8.078011e-7,0,0,0,0
58,1780759799549,13.240,0,-3.195124e-7,3.975478e-7,5.100318e-7,128.789,8.078940e-7,0,0,0,0
59,1780759799600,13.302,0,-3.166789e-7,3.955962e-7,5.067365e-7,128.678,8.079971e-7,0,0,0,0
60,1780759799650,14.265,0,-3.098138e-7,3.897722e-7,4.979025e-7,128.480,8.080550e-7,0,0,0,0
61,1780759799698,13.988,0,-2.986477e-7,3.749956e-7,4.793872e-7,128.534,8.080572e-7,0,0,0,0
62,1780759799748,12.123,0,-2.936776e-7,3.670566e-7,4.700820e-7,128.663,8.080029e-7,0,0,0,0
63,1780759799797,14.360,0,-2.875476e-7,3.488129e-7,4.520554e-7,129.501,8.079203e-7,0,0,0,0
64,1780759799847,14.555,0,-2.934876e-7,3.479938e-7,4.552303e-7,130.143,8.077829e-7,0,0,0,0
65,1780759799898,14.671,0,-2.987139e-7,3.390625e-7,4.518776e-7,131.380,8.076765e-7,0,0,0,0
66,1780759799950,14.224,0,-3.067213e-7,3.424827e-7,4.597525e-7,131.847,8.075329e-7,0,0,0,0
67,1780759800000,12.335,0,-3.106877e-7,3.442116e-7,4.636901e-7,132.070,8.073294e-7,0,0,0,0
68,1780759800050,13.292,0,-3.114618e-7,3.448646e-7,4.646935e-7,132.087,8.071367e-7,0,0,0,0
69,1780759800099,11.935,0,-3.169253e-7,3.526096e-7,4.741046e-7,131.949,8.068611e-7,0,0,0,0
70,1780759800149,13.276,0,-3.258092e-7,3.517910e-7,4.794878e-7,132.804,8.066174e-7,0,0,0,0
71,1780759800200,13.250,0,-3.461458e-7,3.692531e-7,5.061272e-7,133.150,8.063643e-7,0,0,0,0
72,1780759800251,13.302,0,-3.573929e-7,3.751939e-7,5.181700e-7,133.608,8.060470e-7,0,0,0,0
73,1780759800300,12.184,0,-3.662905e-7,3.838681e-7,5.305879e-7,133.658,8.057797e-7,0,0,0,0
74,1780759800351,12.492,0,-3.717673e-7,3.946772e-7,5.422002e-7,133.288,8.054171e-7,0,0,0,0
75,1780759800401,13.159,0,-3.711330e-7,3.934649e-7,5.408829e-7,133.327,8.050688e-7,0,0,0,0
76,1780759800450,12.241,0,-3.766039e-7,4.007879e-7,5.499649e-7,133.218,8.045309e-7,0,0,0,0
77,1780759800499,13.906,0,-3.717235e-7,3.924914e-7,5.405810e-7,133.443,8.040570e-7,0,0,0,0
78,1780759800550,14.229,0,-3.704254e-7,3.976664e-7,5.434644e-7,132.969,8.035157e-7,0,0,0,0
79,1780759800598,13.700,0,-3.671074e-7,3.989600e-7,5.421595e-7,132.619,8.027598e-7,0,0,0,0
80,1780759800649,13.683,0,-3.611397e-7,4.025087e-7,5.407727e-7,131.899,8.021342e-7,0,0,0,0
81,1780759800700,14.147,0,-3.616201e-7,4.058536e-7,5.435865e-7,131.701,8.012701e-7,0,0,0,0
82,1780759800750,14.660,0,-3.545422e-7,3.988391e-7,5.336411e-7,131.635,8.005764e-7,0,0,0,0
83,1780759800801,14.531,0,-3.609414e-7,4.058430e-7,5.431273e-7,131.649,7.998728e-7,0,0,0,0
84,1780759800853,14.322,0,-3.587341e-7,4.065833e-7,5.422179e-7,131.422,7.989314e-7,0,0,0,0
85,1780759800904,14.195,0,-3.557616e-7,4.175419e-7,5.485504e-7,130.432,7.981786e-7,0,0,0,0
86,1780759800954,12.129,0,-3.537696e-7,4.228644e-7,5.513323e-7,129.916,7.971660e-7,0,0,0,0
87,1780759801002,11.714,0,-3.500643e-7,4.198422e-7,5.466374e-7,129.821,7.963701e-7,0,0,0,0
88,1780759801051,13.831,0,-3.507076e-7,4.226586e-7,5.492141e-7,129.685,7.955930e-7,0,0,0,0
89,1780759801103,13.291,0,-3.506002e-7,4.195755e-7,5.467761e-7,129.882,7.945788e-7,0,0,0,0
90,1780759801154,13.246,0,-3.565698e-7,4.348910e-7,5.623808e-7,129.349,7.938675e-7,0,0,0,0
91,1780759801204,14.232,0,-3.560078e-7,4.351776e-7,5.622465e-7,129.286,7.930278e-7,0,0,0,0
92,1780759801254,12.157,0,-3.524828e-7,4.341424e-7,5.592171e-7,129.073,7.924614e-7,0,0,0,0
93,1780759801303,14.378,0,-3.475527e-7,4.297757e-7,5.527206e-7,128.962,7.918188e-7,0,0,0,0
94,1780759801353,12.261,0,-3.412687e-7,4.166456e-7,5.385702e-7,129.320,7.913994e-7,0,0,0,0
95,1780759801403,13.303,0,-3.424912e-7,4.165904e-7,5.393030e-7,129.425,7.910634e-7,0,0,0,0
96,1780759801452,14.614,0,-3.360234e-7,4.010061e-7,5.231803e-7,129.961,7.907058e-7,0,0,0,0
97,1780759801504,14.363,0,-3.373673e-7,4.005095e-7,5.236646e-7,130.109,7.904861e-7,0,0,0,0
98,1780759801554,12.200,0,-3.333606e-7,3.916794e-7,5.143365e-7,130.401,7.902494e-7,0,0,0,0
99,1780759801604,13.305,0,-3.201515e-7,3.794988e-7,4.965041e-7,130.152,7.900528e-7,0,0,0,0
100,1780759801652,12.697,0,-3.164495e-7,3.742631e-7,4.901155e-7,130.215,7.898569e-7,0,0,0,0
101,1780759801703,13.287,0,-3.109800e-7,3.567851e-7,4.732908e-7,131.076,7.895635e-7,0,0,0,0
102,1780759801753,14.303,0,-3.172056e-7,3.483940e-7,4.711664e-7,132.317,7.893445e-7,0,0,0,0
103,1780759801802,12.900,0,-3.166967e-7,3.278406e-7,4.558248e-7,134.009,7.890602e-7,0,0,0,0
104,1780759801853,13.239,0,-3.222551e-7,3.160425e-7,4.513660e-7,135.558,7.888603e-7,0,0,0,0
105,1780759801904,13.262,0,-3.308593e-7,3.041632e-7,4.494254e-7,137.407,7.886314e-7,0,0,0,0
106,1780759801954,14.206,0,-3.386953e-7,2.902828e-7,4.460701e-7,139.401,7.884717e-7,0,0,0,0
107,1780759802005,13.727,0,-3.580986e-7,2.880611e-7,4.595800e-7,141.186,7.883634e-7,0,0,0,0
108,1780759802054,12.466,0,-3.637477e-7,2.669904e-7,4.512164e-7,143.721,7.882698e-7,0,0,0,0
109,1780759802104,14.080,0,-3.798837e-7,2.570914e-7,4.587021e-7,145.911,7.882381e-7,0,0,0,0
110,1780759802154,14.592,0,-3.931700e-7,2.453768e-7,4.634570e-7,148.032,7.882326e-7,0,0,0,0
111,1780759802205,14.506,0,-4.067121e-7,2.363586e-7,4.704042e-7,149.837,7.882477e-7,0,0,0,0
112,1780759802255,13.088,0,-4.229561e-7,2.375017e-7,4.850762e-7,150.685,7.882981e-7,0,0,0,0
113,1780759802304,12.112,0,-4.329398e-7,2.381282e-7,4.941072e-7,151.188,7.884037e-7,0,0,0,0
114,1780759802354,13.404,0,-4.544608e-7,2.499553e-7,5.186639e-7,151.189,7.885281e-7,0,0,0,0
115,1780759802405,13.323,0,-4.665132e-7,2.538630e-7,5.311130e-7,151.446,7.887303e-7,0,0,0,0
116,1780759802453,12.637,0,-4.843431e-7,2.728370e-7,5.559031e-7,150.607,7.889144e-7,0,0,0,0
117,1780759802504,13.367,0,-4.978860e-7,2.873015e-7,5.748327e-7,150.013,7.891217e-7,0,0,0,0
118,1780759802553,14.407,0,-5.153321e-7,3.043409e-7,5.984902e-7,149.435,7.894042e-7,0,0,0,0
119,1780759802602,13.608,0,-5.329407e-7,3.234777e-7,6.234289e-7,148.744,7.896383e-7,0,0,0,0
120,1780759802654,13.315,0,-5.447250e-7,3.309458e-7,6.373778e-7,148.719,7.899173e-7,0,0,0,0
121,1780759802705,13.312,0,-5.613379e-7,3.523762e-7,6.627739e-7,147.882,7.901304e-7,0,0,0,0
122,1780759802753,12.676,0,-5.659439e-7,3.618091e-7,6.717130e-7,147.409,7.903759e-7,0,0,0,0
123,1780759802804,13.261,0,-5.742852e-7,3.799892e-7,6.886184e-7,146.508,7.905387e-7,0,0,0,0
124,1780759802852,12.585,0,-5.792071e-7,3.905058e-7,6.985526e-7,146.012,7.906871e-7,0,0,0,0
125,1780759802901,12.472,0,-5.811562e-7,3.922855e-7,7.011636e-7,145.980,7.908532e-7,0,0,0,0
126,1780759802950,14.149,0,-5.909039e-7,4.052444e-7,7.165127e-7,145.558,7.909842e-7,0,0,0,0
127,1780759803000,14.557,0,-5.782935e-7,4.067578e-7,7.070186e-7,144.878,7.911289e-7,0,0,0,0
128,1780759803049,13.802,0,-5.746529e-7,4.208618e-7,7.122854e-7,143.782,7.911913e-7,0,0,0,0
129,1780759803099,12.440,0,-5.699177e-7,4.286176e-7,7.131054e-7,143.054,7.912004e-7,0,0,0,0
130,1780759803149,13.312,0,-5.688042e-7,4.371358e-7,7.173743e-7,142.457,7.911642e-7,0,0,0,0
131,1780759803200,13.284,0,-5.680085e-7,4.447651e-7,7.214220e-7,141.938,7.911203e-7,0,0,0,0
132,1780759803250,14.252,0,-5.602303e-7,4.452911e-7,7.156411e-7,141.521,7.910627e-7,0,0,0,0
133,1780759803299,12.637,0,-5.654396e-7,4.625697e-7,7.305427e-7,140.714,7.910261e-7,0,0,0,0
134,1780759803350,13.266,0,-5.661525e-7,4.708386e-7,7.363543e-7,140.252,7.910000e-7,0,0,0,0
135,1780759803400,14.334,0,-5.713168e-7,4.850180e-7,7.494300e-7,139.670,7.910060e-7,0,0,0,0
136,1780759803450,12.236,0,-5.713595e-7,4.944717e-7,7.556150e-7,139.126,7.910226e-7,0,0,0,0
137,1780759803500,13.382,0,-5.615728e-7,4.901944e-7,7.454224e-7,138.882,7.910565e-7,0,0,0,0
138,1780759803550,14.314,0,-5.659059e-7,5.015236e-7,7.561583e-7,138.452,7.910867e-7,0,0,0,0
139,1780759803600,14.583,0,-5.633573e-7,5.044432e-7,7.561973e-7,138.158,7.911780e-7,0,0,0,0
140,1780759803651,14.492,0,-5.676656e-7,5.203049e-7,7.700399e-7,137.493,7.912978e-7,0,0,0,0
141,1780759803701,12.934,0,-5.641901e-7,5.306001e-7,7.744979e-7,136.757,7.914704e-7,0,0,0,0
142,1780759803751,14.310,0,-5.647854e-7,5.422256e-7,7.829375e-7,136.167,7.918052e-7,0,0,0,0
143,1780759803801,14.495,0,-5.702823e-7,5.555771e-7,7.961707e-7,135.748,7.921290e-7,0,0,0,0
144,1780759803852,14.609,0,-5.687182e-7,5.573510e-7,7.962917e-7,135.578,7.926663e-7,0,0,0,0
145,1780759803903,11.883,0,-5.787731e-7,5.724174e-7,8.140270e-7,135.316,7.931183e-7,0,0,0,0
146,1780759803953,13.201,0,-5.693654e-7,5.825033e-7,8.145472e-7,134.347,7.936295e-7,0,0,0,0
147,1780759804004,13.343,0,-5.705522e-7,6.060400e-7,8.323547e-7,133.272,7.943417e-7,0,0,0,0
148,1780759804054,14.127,0,-5.713166e-7,6.229162e-7,8.452380e-7,132.526,7.948958e-7,0,0,0,0
149,1780759804104,12.127,0,-5.771902e-7,6.360478e-7,8.588978e-7,132.223,7.956745e-7,0,0,0,0
150,1780759804154,13.206,0,-5.953780e-7,6.454706e-7,8.781271e-7,132.688,7.963018e-7,0,0,0,0
151,1780759804203,11.965,0,-6.021484e-7,6.478306e-7,8.844586e-7,132.907,7.970050e-7,0,0,0,0
152,1780759804253,13.277,0,-6.167949e-7,6.623530e-7,9.050677e-7,132.960,7.980118e-7,0,0,0,0
153,1780759804304,13.258,0,-6.182255e-7,6.685366e-7,9.105735e-7,132.761,7.988088e-7,0,0,0,0
154,1780759804354,14.028,0,-6.199558e-7,6.829941e-7,9.224024e-7,132.230,7.998845e-7,0,0,0,0
155,1780759804402,13.525,0,-6.144842e-7,6.959838e-7,9.284311e-7,131.441,8.006939e-7,0,0,0,0
156,1780759804454,13.304,0,-5.957841e-7,6.959898e-7,9.161662e-7,130.564,8.017327e-7,0,0,0,0
157,1780759804504,13.637,0,-5.923175e-7,7.058417e-7,9.214404e-7,130.002,8.024398e-7,0,0,0,0
158,1780759804554,12.119,0,-5.785228e-7,7.077119e-7,9.140814e-7,129.264,8.031163e-7,0,0,0,0
159,1780759804604,13.258,0,-5.723759e-7,7.218860e-7,9.212674e-7,128.411,8.039268e-7,0,0,0,0
160,1780759804654,14.053,0,-5.594322e-7,7.281213e-7,9.182183e-7,127.536,8.044657e-7,0,0,0,0
161,1780759804703,13.060,0,-5.482051e-7,7.307962e-7,9.135600e-7,126.875,8.050619e-7,0,0,0,0
162,1780759804754,13.268,0,-5.428060e-7,7.321288e-7,9.114005e-7,126.554,8.054298e-7,0,0,0,0
163,1780759804805,13.288,0,-5.309973e-7,7.211967e-7,8.955908e-7,126.363,8.057630e-7,0,0,0,0
164,1780759804854,12.145,0,-5.335449e-7,7.174496e-7,8.940940e-7,126.637,8.061115e-7,0,0,0,0
165,1780759804903,14.239,0,-5.241804e-7,7.135775e-7,8.854140e-7,126.300,8.063493e-7,0,0,0,0
166,1780759804954,14.107,0,-5.224162e-7,7.158977e-7,8.862439e-7,126.120,8.065917e-7,0,0,0,0
167,1780759805004,14.589,0,-5.125584e-7,7.069192e-7,8.731843e-7,125.944,8.067350e-7,0,0,0,0
168,1780759805055,14.526,0,-4.993329e-7,6.941112e-7,8.550577e-7,125.731,8.068344e-7,0,0,0,0
169,1780759805106,14.535,0,-4.886714e-7,6.886892e-7,8.444480e-7,125.358,8.068560e-7,0,0,0,0
170,1780759805155,13.534,0,-4.736658e-7,6.691880e-7,8.198609e-7,125.292,8.068204e-7,0,0,0,0
171,1780759805204,12.615,0,-4.741504e-7,6.624838e-7,8.146799e-7,125.592,8.066840e-7,0,0,0,0
172,1780759805254,14.113,0,-4.665577e-7,6.452167e-7,7.962291e-7,125.871,8.065653e-7,0,0,0,0
173,1780759805303,12.926,0,-4.673118e-7,6.328081e-7,7.866552e-7,126.445,8.063585e-7,0,0,0,0
174,1780759805354,13.219,0,-4.673507e-7,6.218449e-7,7.778868e-7,126.927,8.062097e-7,0,0,0,0
175,1780759805405,13.378,0,-4.604183e-7,6.063646e-7,7.613560e-7,127.210,8.060625e-7,0,0,0,0
176,1780759805454,11.764,0,-4.687202e-7,5.938507e-7,7.565430e-7,128.284,8.058502e-7,0,0,0,0
177,1780759805503,14.057,0,-4.707927e-7,5.700473e-7,7.393238e-7,129.553,8.057390e-7,0,0,0,0
178,1780759805554,14.028,0,-4.907504e-7,5.514434e-7,7.381909e-7,131.667,8.056130e-7,0,0,0,0
179,1780759805605,14.116,0,-5.065989e-7,5.288588e-7,7.323483e-7,133.768,8.056132e-7,0,0,0,0
180,1780759805656,13.580,0,-5.236603e-7,5.076403e-7,7.293277e-7,135.890,8.056666e-7,0,0,0,0
181,1780759805708,13.249,0,-5.450168e-7,4.910564e-7,7.336074e-7,137.981,8.058369e-7,0,0,0,0
182,1780759805759,13.323,0,-5.542033e-7,4.681910e-7,7.254958e-7,139.809,8.060389e-7,0,0,0,0
183,1780759805807,12.571,0,-5.757303e-7,4.534485e-7,7.328580e-7,141.776,8.063596e-7,0,0,0,0
184,1780759805856,12.038,0,-5.955639e-7,4.235944e-7,7.308410e-7,144.578,8.066853e-7,0,0,0,0
185,1780759805905,13.993,0,-6.205059e-7,4.040696e-7,7.404727e-7,146.928,8.070582e-7,0,0,0,0
186,1780759805955,14.462,0,-6.414715e-7,3.859954e-7,7.486508e-7,148.963,8.076953e-7,0,0,0,0
187,1780759806006,11.815,0,-6.560020e-7,3.699044e-7,7.531055e-7,150.582,8.082447e-7,0,0,0,0
188,1780759806055,13.975,0,-6.757500e-7,3.680839e-7,7.694959e-7,151.423,8.090734e-7,0,0,0,0
189,1780759806104,13.129,0,-6.794913e-7,3.576810e-7,7.678829e-7,152.238,8.097540e-7,0,0,0,0
190,1780759806153,11.665,0,-6.919109e-7,3.561003e-7,7.781697e-7,152.767,8.106655e-7,0,0,0,0
191,1780759806203,13.336,0,-6.961763e-7,3.507320e-7,7.795347e-7,153.261,8.113878e-7,0,0,0,0
192,1780759806254,13.249,0,-7.052706e-7,3.537565e-7,7.890186e-7,153.362,8.120931e-7,0,0,0,0
193,1780759806302,12.966,0,-7.174646e-7,3.669033e-7,8.058372e-7,152.915,8.130831e-7,0,0,0,0
194,1780759806350,12.457,0,-7.216782e-7,3.799637e-7,8.155929e-7,152.233,8.138422e-7,0,0,0,0
195,1780759806399,14.531,0,-7.346924e-7,4.007610e-7,8.368885e-7,151.388,8.148715e-7,0,0,0,0
196,1780759806450,12.230,0,-7.352005e-7,4.115256e-7,8.425397e-7,150.762,8.156721e-7,0,0,0,0
197,1780759806499,13.810,0,-7.403245e-7,4.280807e-7,8.551803e-7,149.962,8.164483e-7,0,0,0,0
198,1780759806550,14.284,0,-7.379638e-7,4.411527e-7,8.597710e-7,149.129,8.174927e-7,0,0,0,0
199,1780759806600,14.509,0,-7.354652e-7,4.529364e-7,8.637479e-7,148.373,8.182153e-7,0,0,0,0
200,1780759806651,14.528,0,-7.390768e-7,4.689843e-7,8.753175e-7,147.603,8.191465e-7,0,0,0,0
201,1780759806702,11.864,0,-7.244834e-7,4.786702e-7,8.683325e-7,146.547,8.198000e-7,0,0,0,0
202,1780759806751,13.868,0,-7.223265e-7,5.015728e-7,8.793923e-7,145.224,8.203842e-7,0,0,0,0
203,1780759806801,12.007,0,-7.009002e-7,5.055612e-7,8.642067e-7,144.197,8.210981e-7,0,0,0,0
204,1780759806850,14.282,0,-6.873606e-7,5.205366e-7,8.622198e-7,142.863,8.215230e-7,0,0,0,0
205,1780759806898,13.990,0,-6.716649e-7,5.357400e-7,8.591572e-7,141.423,8.220295e-7,0,0,0,0
206,1780759806949,13.905,0,-6.493525e-7,5.514222e-7,8.518951e-7,139.662,8.223255e-7,0,0,0,0
207,1780759807000,14.395,0,-6.286439e-7,5.726997e-7,8.503988e-7,137.666,8.226320e-7,0,0,0,0
208,1780759807048,13.496,0,-6.004188e-7,5.840208e-7,8.376055e-7,135.793,8.227738e-7,0,0,0,0
209,1780759807097,12.605,0,-5.943360e-7,5.983777e-7,8.433808e-7,134.806,8.228505e-7,0,0,0,0
210,1780759807146,14.533,0,-5.813311e-7,6.036155e-7,8.380319e-7,133.923,8.229655e-7,0,0,0,0
211,1780759807195,13.733,0,-5.706711e-7,6.038012e-7,8.308077e-7,133.384,8.230153e-7,0,0,0,0
212,1780759807247,13.176,0,-5.513246e-7,5.948074e-7,8.110208e-7,132.827,8.230683e-7,0,0,0,0
213,1780759807297,13.437,0,-5.240055e-7,5.739017e-7,7.771389e-7,132.398,8.230432e-7,0,0,0,0
214,1780759807348,13.390,0,-5.171897e-7,5.543300e-7,7.581339e-7,133.015,8.229905e-7,0,0,0,0
215,1780759807399,14.012,0,-5.054584e-7,5.292616e-7,7.318511e-7,133.682,8.229203e-7,0,0,0,0
216,1780759807450,14.259,0,-4.998190e-7,5.043163e-7,7.100380e-7,134.743,8.228640e-7,0,0,0,0
217,1780759807500,12.314,0,-4.968582e-7,4.760532e-7,6.881095e-7,136.225,8.228460e-7,0,0,0,0
218,1780759807548,11.758,0,-4.951517e-7,4.439593e-7,6.650376e-7,138.120,8.228551e-7,0,0,0,0
219,1780759807598,13.325,0,-5.028240e-7,4.177833e-7,6.537391e-7,140.278,8.229127e-7,0,0,0,0
220,1780759807649,13.290,0,-5.019969e-7,3.871360e-7,6.339362e-7,142.361,8.230410e-7,0,0,0,0
221,1780759807698,14.502,0,-5.186243e-7,3.684800e-7,6.361986e-7,144.606,8.231835e-7,0,0,0,0
222,1780759807749,11.769,0,-5.209123e-7,3.362314e-7,6.200009e-7,147.159,8.234459e-7,0,0,0,0
223,1780759807798,13.396,0,-5.321916e-7,3.128073e-7,6.173138e-7,149.554,8.236810e-7,0,0,0,0
224,1780759807850,13.328,0,-5.487608e-7,2.928559e-7,6.220153e-7,151.913,8.240841e-7,0,0,0,0
225,1780759807899,11.752,0,-5.634384e-7,2.730962e-7,6.261344e-7,154.141,8.244398e-7,0,0,0,0
226,1780759807949,13.228,0,-5.934839e-7,2.644603e-7,6.497402e-7,155.982,8.248600e-7,0,0,0,0
227,1780759808000,13.316,0,-6.073570e-7,2.525443e-7,6.577699e-7,157.422,8.254962e-7,0,0,0,0
228,1780759808048,12.339,0,-6.346003e-7,2.524345e-7,6.829647e-7,158.308,8.260272e-7,0,0,0,0
229,1780759808098,13.387,0,-6.530687e-7,2.546983e-7,7.009778e-7,158.694,8.268307e-7,0,0,0,0
230,1780759808150,13.228,0,-6.733993e-7,2.581866e-7,7.211982e-7,159.023,8.274833e-7,0,0,0,0
231,1780759808200,13.989,0,-7.004898e-7,2.712114e-7,7.511602e-7,158.835,8.281982e-7,0,0,0,0
232,1780759808250,12.185,0,-7.180594e-7,2.825560e-7,7.716523e-7,158.520,8.292281e-7,0,0,0,0
233,1780759808298,14.514,0,-7.464527e-7,3.020631e-7,8.052539e-7,157.969,8.300614e-7,0,0,0,0
234,1780759808350,14.215,0,-7.566269e-7,3.203543e-7,8.216515e-7,157.052,8.312442e-7,0,0,0,0
235,1780759808400,14.612,0,-7.715451e-7,3.483650e-7,8.465459e-7,155.700,8.321600e-7,0,0,0,0
236,1780759808451,14.454,0,-7.771038e-7,3.767059e-7,8.635958e-7,154.138,8.334415e-7,0,0,0,0
237,1780759808500,14.023,0,-7.790472e-7,4.047845e-7,8.779323e-7,152.544,8.344140e-7,0,0,0,0
238,1780759808549,12.722,0,-7.822177e-7,4.293148e-7,8.922868e-7,151.240,8.353978e-7,0,0,0,0
239,1780759808598,14.379,0,-7.713854e-7,4.436411e-7,8.898611e-7,150.096,8.366853e-7,0,0,0,0
240,1780759808649,14.483,0,-7.741853e-7,4.623645e-7,9.017449e-7,149.153,8.376143e-7,0,0,0,0
241,1780759808700,12.255,0,-7.664880e-7,4.767342e-7,9.026513e-7,148.120,8.388110e-7,0,0,0,0
242,1780759808750,13.306,0,-7.633956e-7,4.874683e-7,9.057583e-7,147.440,8.396648e-7,0,0,0,0
243,1780759808800,14.237,0,-7.551053e-7,4.896900e-7,8.999891e-7,147.036,8.404908e-7,0,0,0,0
244,1780759808848,13.712,0,-7.372146e-7,4.870859e-7,8.835938e-7,146.547,8.415246e-7,0,0,0,0
245,1780759808900,13.297,0,-7.263805e-7,4.857516e-7,8.738325e-7,146.228,8.422457e-7,0,0,0,0
246,1780759808949,12.242,0,-7.013968e-7,4.750205e-7,8.471139e-7,145.892,8.431339e-7,0,0,0,0
247,1780759808998,14.381,0,-6.931249e-7,4.684816e-7,8.365986e-7,145.945,8.437447e-7,0,0,0,0
248,1780759809046,13.832,0,-6.778478e-7,4.550951e-7,8.164491e-7,146.123,8.443252e-7,0,0,0,0
249,1780759809095,12.719,0,-6.728843e-7,4.420852e-7,8.051165e-7,146.695,8.450506e-7,0,0,0,0
250,1780759809146,13.229,0,-6.598928e-7,4.266065e-7,7.857809e-7,147.118,8.455823e-7,0,0,0,0
251,1780759809197,13.298,0,-6.403562e-7,4.082377e-7,7.594169e-7,147.482,8.462518e-7,0,0,0,0
252,1780759809248,13.235,0,-6.428524e-7,3.921739e-7,7.530336e-7,148.615,8.467352e-7,0,0,0,0
253,1780759809296,12.583,0,-6.321004e-7,3.711221e-7,7.329956e-7,149.582,8.473923e-7,0,0,0,0
254,1780759809347,13.264,0,-6.429828e-7,3.524919e-7,7.332649e-7,151.268,8.478896e-7,0,0,0,0
255,1780759809398,13.344,0,-6.529878e-7,3.355532e-7,7.341588e-7,152.803,8.484126e-7,0,0,0,0
256,1780759809449,13.295,0,-6.632606e-7,3.182541e-7,7.356632e-7,154.367,8.491431e-7,0,0,0,0
257,1780759809499,14.113,0,-6.781704e-7,3.020273e-7,7.423851e-7,155.994,8.497236e-7,0,0,0,0
258,1780759809549,11.773,0,-6.824414e-7,2.849283e-7,7.395339e-7,157.339,8.505467e-7,0,0,0,0
259,1780759809598,13.702,0,-7.023259e-7,2.697461e-7,7.523461e-7,158.989,8.511905e-7,0,0,0,0
260,1780759809650,13.301,0,-7.131286e-7,2.477842e-7,7.549499e-7,160.840,8.518726e-7,0,0,0,0
261,1780759809699,14.504,0,-7.361466e-7,2.431159e-7,7.752529e-7,161.724,8.528298e-7,0,0,0,0
262,1780759809750,14.517,0,-7.530140e-7,2.463727e-7,7.922939e-7,161.883,8.536052e-7,0,0,0,0
263,1780759809801,14.542,0,-7.715467e-7,2.553307e-7,8.126980e-7,161.689,8.546942e-7,0,0,0,0
264,1780759809853,14.170,0,-7.932036e-7,2.702548e-7,8.379795e-7,161.185,8.555612e-7,0,0,0,0
265,1780759809902,12.807,0,-7.991143e-7,2.864582e-7,8.489064e-7,160.279,8.564530e-7,0,0,0,0
266,1780759809953,13.246,0,-8.163994e-7,3.068741e-7,8.721695e-7,159.399,8.576569e-7,0,0,0,0
267,1780759810003,13.999,0,-8.166354e-7,3.227358e-7,8.780956e-7,158.436,8.585739e-7,0,0,0,0
268,1780759810053,14.549,0,-8.215588e-7,3.430416e-7,8.903014e-7,157.337,8.597723e-7,0,0,0,0
269,1780759810104,12.117,0,-8.257923e-7,3.704245e-7,9.050675e-7,155.840,8.606695e-7,0,0,0,0
270,1780759810154,13.240,0,-8.200514e-7,3.924946e-7,9.091405e-7,154.423,8.618511e-7,0,0,0,0
271,1780759810204,14.062,0,-8.161761e-7,4.044835e-7,9.109064e-7,153.638,8.627111e-7,0,0,0,0
272,1780759810254,12.041,0,-7.951462e-7,4.055196e-7,8.925825e-7,152.979,8.635376e-7,0,0,0,0
273,1780759810304,13.366,0,-7.863951e-7,4.015904e-7,8.830018e-7,152.948,8.645575e-7,0,0,0,0
274,1780759810355,13.212,0,-7.678015e-7,3.915064e-7,8.618564e-7,152.983,8.652814e-7,0,0,0,0
275,1780759810405,13.824,0,-7.558532e-7,3.779538e-7,8.450817e-7,153.433,8.661738e-7,0,0,0,0
276,1780759810456,13.775,0,-7.435756e-7,3.603866e-7,8.263070e-7,154.142,8.668052e-7,0,0,0,0
277,1780759810507,13.328,0,-7.264861e-7,3.388495e-7,8.016240e-7,154.995,8.673952e-7,0,0,0,0
278,1780759810559,13.320,0,-7.255880e-7,3.201158e-7,7.930650e-7,156.194,8.681116e-7,0,0,0,0
279,1780759810610,13.344,0,-7.134150e-7,2.996824e-7,7.738027e-7,157.214,8.686172e-7,0,0,0,0
280,1780759810660,13.465,0,-7.216827e-7,2.788350e-7,7.736762e-7,158.875,8.692529e-7,0,0,0,0
281,1780759810709,12.968,0,-7.283216e-7,2.585996e-7,7.728687e-7,160.452,8.697344e-7,0,0,0,0
282,1780759810758,11.787,0,-7.466418e-7,2.380449e-7,7.836704e-7,162.317,8.702270e-7,0,0,0,0
283,1780759810808,13.296,0,-7.684136e-7,2.215457e-7,7.997137e-7,163.917,8.709396e-7,0,0,0,0
284,1780759810858,13.916,0,-7.773389e-7,2.062921e-7,8.042464e-7,165.137,8.715303e-7,0,0,0,0
285,1780759810907,12.673,0,-7.949345e-7,1.961809e-7,8.187843e-7,166.137,8.723564e-7,0,0,0,0
286,1780759810958,13.159,0,-7.975710e-7,1.868514e-7,8.191660e-7,166.815,8.730089e-7,0,0,0,0
287,1780759811007,12.014,0,-8.136300e-7,1.857133e-7,8.345557e-7,167.142,8.738996e-7,0,0,0,0
288,1780759811057,13.253,0,-8.293814e-7,1.864616e-7,8.500832e-7,167.329,8.746148e-7,0,0,0,0
289,1780759811108,13.262,0,-8.414096e-7,1.947321e-7,8.636497e-7,166.969,8.753677e-7,0,0,0,0
290,1780759811158,13.398,0,-8.476533e-7,2.102034e-7,8.733278e-7,166.073,8.764214e-7,0,0,0,0
291,1780759811207,13.091,0,-8.394794e-7,2.285650e-7,8.700389e-7,164.769,8.772352e-7,0,0,0,0
292,1780759811258,13.146,0,-8.440388e-7,2.515327e-7,8.807214e-7,163.405,8.783200e-7,0,0,0,0
293,1780759811306,12.708,0,-8.277157e-7,2.720118e-7,8.712656e-7,161.808,8.791346e-7,0,0,0,0
294,1780759811356,13.323,0,-8.197528e-7,2.910491e-7,8.698875e-7,160.453,8.799167e-7,0,0,0,0
295,1780759811407,13.818,0,-8.000008e-7,3.067990e-7,8.568120e-7,159.018,8.809281e-7,0,0,0,0
296,1780759811458,13.407,0,-7.789333e-7,3.192896e-7,8.418331e-7,157.711,8.816345e-7,0,0,0,0
297,1780759811508,11.921,0,-7.637852e-7,3.307855e-7,8.323382e-7,156.583,8.825067e-7,0,0,0,0
298,1780759811557,14.029,0,-7.440259e-7,3.329097e-7,8.151095e-7,155.894,8.831217e-7,0,0,0,0
299,1780759811608,14.211,0,-7.384407e-7,3.280696e-7,8.080373e-7,156.046,8.836993e-7,0,0,0,0
300,1780759811658,11.940,0,-7.195297e-7,3.164596e-7,7.860469e-7,156.259,8.844381e-7,0,0,0,0
301,1780759811708,13.263,0,-7.121562e-7,3.042842e-7,7.744388e-7,156.864,8.849521e-7,0,0,0,0
302,1780759811758,13.813,0,-6.986317e-7,2.877584e-7,7.555734e-7,157.614,8.856084e-7,0,0,0,0
303,1780759811809,13.741,0,-6.909204e-7,2.683498e-7,7.412035e-7,158.774,8.860734e-7,0,0,0,0
304,1780759811858,12.743,0,-6.884832e-7,2.475606e-7,7.316389e-7,160.223,8.866739e-7,0,0,0,0
305,1780759811909,13.250,0,-6.799617e-7,2.258622e-7,7.164926e-7,161.625,8.871094e-7,0,0,0,0
306,1780759811959,13.894,0,-6.951713e-7,2.035324e-7,7.243539e-7,163.681,8.875332e-7,0,0,0,0
307,1780759812009,11.955,0,-6.899045e-7,1.791093e-7,7.127751e-7,165.446,8.881068e-7,0,0,0,0
308,1780759812057,14.382,0,-6.996283e-7,1.598008e-7,7.176462e-7,167.134,8.885200e-7,0,0,0,0
309,1780759812108,12.248,0,-7.026543e-7,1.436497e-7,7.171878e-7,168.446,8.890728e-7,0,0,0,0
310,1780759812157,13.929,0,-7.101026e-7,1.336299e-7,7.225667e-7,169.342,8.894784e-7,0,0,0,0
311,1780759812208,13.814,0,-7.301031e-7,1.320274e-7,7.419446e-7,169.750,8.898944e-7,0,0,0,0
312,1780759812258,12.033,0,-7.367149e-7,1.372468e-7,7.493901e-7,169.447,8.904793e-7,0,0,0,0
313,1780759812307,13.268,0,-7.561160e-7,1.450631e-7,7.699057e-7,169.140,8.909338e-7,0,0,0,0
314,1780759812358,13.833,0,-7.559055e-7,1.557477e-7,7.717840e-7,168.358,8.915785e-7,0,0,0,0
315,1780759812408,11.937,0,-7.595382e-7,1.693982e-7,7.781993e-7,167.427,8.920661e-7,0,0,0,0
316,1780759812458,13.264,0,-7.591611e-7,1.936564e-7,7.834720e-7,165.689,8.925632e-7,0,0,0,0
317,1780759812508,13.984,0,-7.512534e-7,2.227823e-7,7.835902e-7,163.482,8.932258e-7,0,0,0,0
318,1780759812558,14.562,0,-7.503464e-7,2.459768e-7,7.896356e-7,161.850,8.937115e-7,0,0,0,0
319,1780759812609,14.520,0,-7.330828e-7,2.658178e-7,7.797881e-7,160.069,8.943482e-7,0,0,0,0
320,1780759812658,13.711,0,-7.277202e-7,2.787973e-7,7.792975e-7,159.038,8.948000e-7,0,0,0,0
321,1780759812709,13.284,0,-7.086439e-7,2.872335e-7,7.646432e-7,157.936,8.953767e-7,0,0,0,0
322,1780759812760,13.311,0,-6.955899e-7,2.933471e-7,7.549158e-7,157.134,8.957715e-7,0,0,0,0
323,1780759812811,13.277,0,-6.845432e-7,2.966817e-7,7.460693e-7,156.568,8.961474e-7,0,0,0,0
324,1780759812862,14.164,0,-6.702991e-7,2.938746e-7,7.318901e-7,156.326,8.966217e-7,0,0,0,0
325,1780759812912,14.612,0,-6.698174e-7,2.831440e-7,7.272042e-7,157.085,8.969639e-7,0,0,0,0
326,1780759812963,12.134,0,-6.690964e-7,2.625165e-7,7.187524e-7,158.578,8.974287e-7,0,0,0,0
327,1780759813012,14.074,0,-6.849973e-7,2.318961e-7,7.231854e-7,161.297,8.977905e-7,0,0,0,0
328,1780759813061,12.757,0,-6.916569e-7,2.015523e-7,7.204253e-7,163.754,8.981798e-7,0,0,0,0
329,1780759813111,13.381,0,-7.114061e-7,1.656682e-7,7.304414e-7,166.891,8.987197e-7,0,0,0,0
330,1780759813163,13.228,0,-7.348843e-7,1.289866e-7,7.461183e-7,170.045,8.991675e-7,0,0,0,0
331,1780759813213,13.345,0,-7.558564e-7,1.023532e-7,7.627549e-7,172.288,8.998169e-7,0,0,0,0
332,1780759813264,13.314,0,-7.888112e-7,8.132958e-8,7.929928e-7,174.113,9.003550e-7,0,0,0,0
333,1780759813316,13.280,0,-8.005974e-7,6.291500e-8,8.030657e-7,175.507,9.009419e-7,0,0,0,0
334,1780759813366,13.299,0,-8.256310e-7,4.972511e-8,8.271270e-7,176.553,9.017615e-7,0,0,0,0
335,1780759813417,13.274,0,-8.388657e-7,5.662610e-8,8.407748e-7,176.138,9.024221e-7,0,0,0,0
336,1780759813466,12.623,0,-8.514636e-7,7.179026e-8,8.544847e-7,175.181,9.033270e-7,0,0,0,0
337,1780759813516,13.299,0,-8.621943e-7,9.040205e-8,8.669207e-7,174.014,9.040351e-7,0,0,0,0
338,1780759813566,12.109,0,-8.647031e-7,1.121494e-7,8.719455e-7,172.610,9.049910e-7,0,0,0,0
339,1780759813615,13.305,0,-8.770996e-7,1.345501e-7,8.873598e-7,171.279,9.057213e-7,0,0,0,0
340,1780759813664,12.853,0,-8.712752e-7,1.588697e-7,8.856410e-7,169.666,9.064631e-7,0,0,0,0
341,1780759813713,11.759,0,-8.751461e-7,1.744566e-7,8.923653e-7,168.726,9.074344e-7,0,0,0,0
342,1780759813763,12.847,0,-8.633298e-7,1.869200e-7,8.833331e-7,167.783,9.081576e-7,0,0,0,0
343,1780759813814,13.288,0,-8.560411e-7,1.939169e-7,8.777301e-7,167.236,9.090724e-7,0,0,0,0
344,1780759813863,14.342,0,-8.428988e-7,1.978894e-7,8.658167e-7,166.788,9.097396e-7,0,0,0,0
345,1780759813913,12.430,0,-8.137107e-7,2.076842e-7,8.397964e-7,165.682,9.103630e-7,0,0,0,0
346,1780759813962,11.859,0,-7.999708e-7,2.119680e-7,8.275770e-7,165.159,9.111123e-7,0,0,0,0
347,1780759814011,14.104,0,-7.722936e-7,2.127274e-7,8.010557e-7,164.600,9.116301e-7,0,0,0,0
348,1780759814062,14.112,0,-7.609923e-7,1.980423e-7,7.863397e-7,165.413,9.122450e-7,0,0,0,0
349,1780759814112,14.603,0,-7.421428e-7,1.768187e-7,7.629160e-7,166.599,9.126734e-7,0,0,0,0
350,1780759814163,14.494,0,-7.284083e-7,1.527459e-7,7.442513e-7,168.157,9.131910e-7,0,0,0,0
351,1780759814214,14.588,0,-7.212726e-7,1.257950e-7,7.321602e-7,170.107,9.135607e-7,0,0,0,0
352,1780759814265,11.772,0,-7.083090e-7,9.712946e-8,7.149376e-7,172.192,9.139146e-7,0,0,0,0
353,1780759814314,14.161,0,-7.148951e-7,6.526505e-8,7.178681e-7,174.784,9.143683e-7,0,0,0,0
354,1780759814364,14.535,0,-7.230431e-7,3.906256e-8,7.240975e-7,176.908,9.147153e-7,0,0,0,0
355,1780759814415,11.890,0,-7.417296e-7,9.465571e-9,7.417900e-7,179.269,9.151993e-7,0,0,0,0
356,1780759814465,13.231,0,-7.498582e-7,-1.472246e-8,7.500027e-7,-178.875,9.155888e-7,0,0,0,0
357,1780759814515,14.027,0,-7.540462e-7,-3.478203e-8,7.548479e-7,-177.359,9.159822e-7,0,0,0,0
358,1780759814565,14.542,0,-7.700912e-7,-6.063926e-8,7.724750e-7,-175.498,9.165209e-7,0,0,0,0
359,1780759814615,12.638,0,-7.735828e-7,-7.542881e-8,7.772515e-7,-174.431,9.169481e-7,0,0,0,0
360,1780759814665,14.220,0,-7.897638e-7,-8.341361e-8,7.941566e-7,-173.971,9.175337e-7,0,0,0,0
361,1780759814715,11.815,0,-7.886702e-7,-8.388148e-8,7.931184e-7,-173.929,9.179906e-7,0,0,0,0
362,1780759814765,13.236,0,-7.941209e-7,-7.830678e-8,7.979724e-7,-174.368,9.184397e-7,0,0,0,0
363,1780759814815,13.279,0,-8.018477e-7,-6.565205e-8,8.045309e-7,-175.319,9.190503e-7,0,0,0,0
364,1780759814864,12.759,0,-8.135231e-7,-4.769461e-8,8.149200e-7,-176.645,9.195191e-7,0,0,0,0
365,1780759814914,13.310,0,-8.305590e-7,-2.878066e-8,8.310575e-7,-178.015,9.201756e-7,0,0,0,0
366,1780759814963,12.395,0,-8.268113e-7,-1.880902e-9,8.268135e-7,-179.870,9.206877e-7,0,0,0,0
367,1780759815012,14.326,0,-8.322175e-7,2.161623e-8,8.324982e-7,178.512,9.213612e-7,0,0,0,0
368,1780759815063,14.546,0,-8.196045e-7,4.710801e-8,8.209572e-7,176.710,9.218615e-7,0,0,0,0
369,1780759815114,11.904,0,-8.123790e-7,7.072758e-8,8.154521e-7,175.024,9.223331e-7,0,0,0,0
370,1780759815164,13.218,0,-8.000070e-7,8.938830e-8,8.049854e-7,173.625,9.229402e-7,0,0,0,0
371,1780759815213,14.318,0,-7.823612e-7,1.044333e-7,7.893006e-7,172.397,9.233646e-7,0,0,0,0
372,1780759815264,14.552,0,-7.732124e-7,1.091330e-7,7.808760e-7,171.966,9.238919e-7,0,0,0,0
373,1780759815313,13.635,0,-7.495134e-7,1.089978e-7,7.573974e-7,171.726,9.242602e-7,0,0,0,0
374,1780759815363,11.690,0,-7.383975e-7,9.861823e-8,7.449540e-7,172.393,9.245930e-7,0,0,0,0
375,1780759815412,13.389,0,-7.170236e-7,8.760524e-8,7.223556e-7,173.034,9.250028e-7,0,0,0,0
376,1780759815464,13.248,0,-7.025550e-7,7.046188e-8,7.060796e-7,174.273,9.252714e-7,0,0,0,0
377,1780759815513,11.897,0,-6.857755e-7,5.859786e-8,6.882745e-7,175.116,9.256008e-7,0,0,0,0
378,1780759815561,14.604,0,-6.681126e-7,4.347825e-8,6.695258e-7,176.277,9.258161e-7,0,0,0,0
379,1780759815612,14.591,0,-6.615568e-7,2.164658e-8,6.619109e-7,178.126,9.260100e-7,0,0,0,0
380,1780759815663,14.548,0,-6.464457e-7,2.144619e-9,6.464492e-7,179.810,9.262496e-7,0,0,0,0
381,1780759815714,12.090,0,-6.531641e-7,-2.091850e-8,6.534990e-7,-178.166,9.264116e-7,0,0,0,0
382,1780759815763,13.493,0,-6.434396e-7,-3.922425e-8,6.446341e-7,-176.512,9.266329e-7,0,0,0,0
383,1780759815812,12.521,0,-6.316181e-7,-5.895255e-8,6.343633e-7,-174.668,9.267787e-7,0,0,0,0
384,1780759815862,13.325,0,-6.258407e-7,-7.496911e-8,6.303150e-7,-173.169,9.269626e-7,0,0,0,0
385,1780759815913,13.278,0,-6.173480e-7,-8.653230e-8,6.233830e-7,-172.021,9.270911e-7,0,0,0,0
386,1780759815964,13.265,0,-6.255667e-7,-9.612550e-8,6.329090e-7,-171.264,9.272161e-7,0,0,0,0
387,1780759816014,14.657,0,-6.274372e-7,-9.414287e-8,6.344607e-7,-171.467,9.273910e-7,0,0,0,0
388,1780759816063,13.472,0,-6.443756e-7,-9.633571e-8,6.515371e-7,-171.497,9.275223e-7,0,0,0,0
389,1780759816114,13.275,0,-6.501309e-7,-9.167534e-8,6.565627e-7,-171.974,9.277170e-7,0,0,0,0
390,1780759816165,14.109,0,-6.618971e-7,-8.916054e-8,6.678752e-7,-172.328,9.278637e-7,0,0,0,0
391,1780759816215,14.575,0,-6.703250e-7,-8.057111e-8,6.751498e-7,-173.146,9.280235e-7,0,0,0,0
392,1780759816266,14.603,0,-6.613397e-7,-5.618465e-8,6.637220e-7,-175.144,9.282385e-7,0,0,0,0
393,1780759816317,14.551,0,-6.636377e-7,-3.106777e-8,6.643645e-7,-177.320,9.283888e-7,0,0,0,0
394,1780759816368,11.722,0,-6.551815e-7,2.320122e-9,6.551856e-7,179.797,9.285864e-7,0,0,0,0
395,1780759816416,14.442,0,-6.599116e-7,2.622955e-8,6.604326e-7,177.724,9.287235e-7,0,0,0,0
396,1780759816467,14.483,0,-6.569827e-7,5.164361e-8,6.590094e-7,175.505,9.288632e-7,0,0,0,0
397,1780759816518,12.112,0,-6.569322e-7,6.685792e-8,6.603256e-7,174.189,9.290393e-7,0,0,0,0
398,1780759816567,13.804,0,-6.556787e-7,7.279626e-8,6.597074e-7,173.665,9.291687e-7,0,0,0,0
399,1780759816616,12.305,0,-6.434415e-7,8.009830e-8,6.484078e-7,172.904,9.293277e-7,0,0,0,0
400,1780759816665,14.679,0,-6.444519e-7,7.628537e-8,6.489513e-7,173.249,9.294296e-7,0,0,0,0
401,1780759816716,14.441,0,-6.237385e-7,8.004780e-8,6.288540e-7,172.687,9.295474e-7,0,0,0,0
402,1780759816765,13.626,0,-6.063398e-7,7.976242e-8,6.115636e-7,172.506,9.296007e-7,0,0,0,0
403,1780759816816,13.550,0,-5.851103e-7,7.470774e-8,5.898604e-7,172.724,9.296326e-7,0,0,0,0
404,1780759816867,13.619,0,-5.705624e-7,5.965365e-8,5.736724e-7,174.031,9.296376e-7,0,0,0,0
405,1780759816917,14.390,0,-5.687848e-7,4.299008e-8,5.704071e-7,175.678,9.296284e-7,0,0,0,0
406,1780759816968,14.479,0,-5.602800e-7,2.507069e-8,5.608406e-7,177.438,9.296049e-7,0,0,0,0
407,1780759817019,14.545,0,-5.698874e-7,-3.114403e-9,5.698959e-7,-179.687,9.295694e-7,0,0,0,0
408,1780759817069,12.937,0,-5.707364e-7,-2.691884e-8,5.713709e-7,-177.300,9.295337e-7,0,0,0,0
409,1780759817119,13.698,0,-5.790634e-7,-5.768646e-8,5.819297e-7,-174.311,9.294761e-7,0,0,0,0
410,1780759817169,14.322,0,-5.835707e-7,-8.619032e-8,5.899013e-7,-171.598,9.294425e-7,0,0,0,0
411,1780759817220,14.309,0,-5.992960e-7,-1.086140e-7,6.090588e-7,-169.727,9.294076e-7,0,0,0,0
412,1780759817270,12.414,0,-6.278604e-7,-1.339125e-7,6.419822e-7,-167.960,9.294036e-7,0,0,0,0
413,1780759817319,14.631,0,-6.454053e-7,-1.507835e-7,6.627847e-7,-166.850,9.294226e-7,0,0,0,0
414,1780759817370,14.340,0,-6.748909e-7,-1.735928e-7,6.968588e-7,-165.575,9.294738e-7,0,0,0,0
415,1780759817420,12.976,0,-6.864227e-7,-1.902716e-7,7.123057e-7,-164.507,9.295432e-7,0,0,0,0
416,1780759817470,13.529,0,-6.980386e-7,-2.017043e-7,7.265965e-7,-163.883,9.296566e-7,0,0,0,0
417,1780759817520,14.311,0,-7.030776e-7,-2.022579e-7,7.315917e-7,-163.951,9.297646e-7,0,0,0,0
418,1780759817572,13.868,0,-7.026511e-7,-1.908205e-7,7.281010e-7,-164.806,9.299216e-7,0,0,0,0
419,1780759817622,11.927,0,-7.089889e-7,-1.771024e-7,7.307739e-7,-165.975,9.300522e-7,0,0,0,0
420,1780759817670,14.274,0,-6.984557e-7,-1.641364e-7,7.174824e-7,-166.776,9.301910e-7,0,0,0,0
421,1780759817719,13.382,0,-6.983663e-7,-1.586773e-7,7.161662e-7,-167.199,9.303689e-7,0,0,0,0
422,1780759817769,12.009,0,-6.880492e-7,-1.432423e-7,7.028016e-7,-168.240,9.305034e-7,0,0,0,0
423,1780759817818,13.462,0,-6.836097e-7,-1.281297e-7,6.955138e-7,-169.384,9.306675e-7,0,0,0,0
424,1780759817868,12.168,0,-6.725752e-7,-1.114131e-7,6.817406e-7,-170.594,9.307865e-7,0,0,0,0
425,1780759817916,14.506,0,-6.553868e-7,-9.202838e-8,6.618165e-7,-172.007,9.308911e-7,0,0,0,0
426,1780759817967,14.418,0,-6.476672e-7,-7.713108e-8,6.522439e-7,-173.209,9.310067e-7,0,0,0,0
427,1780759818018,14.441,0,-6.253412e-7,-5.841626e-8,6.280637e-7,-174.663,9.310802e-7,0,0,0,0
428,1780759818069,14.533,0,-6.132032e-7,-5.008016e-8,6.152448e-7,-175.331,9.311461e-7,0,0,0,0
429,1780759818120,14.523,0,-5.891477e-7,-3.859971e-8,5.904108e-7,-176.251,9.311799e-7,0,0,0,0
430,1780759818171,14.532,0,-5.630989e-7,-2.394249e-8,5.636077e-7,-177.565,9.311908e-7,0,0,0,0
431,1780759818222,14.434,0,-5.410792e-7,-2.127752e-8,5.414974e-7,-177.748,9.311716e-7,0,0,0,0
432,1780759818273,11.781,0,-5.173946e-7,-2.395794e-8,5.179490e-7,-177.349,9.311341e-7,0,0,0,0
433,1780759818322,14.016,0,-5.096041e-7,-3.951606e-8,5.111339e-7,-175.566,9.310514e-7,0,0,0,0
434,1780759818372,11.788,0,-4.939801e-7,-4.701166e-8,4.962120e-7,-174.564,9.309720e-7,0,0,0,0
435,1780759818420,14.300,0,-4.900142e-7,-6.679147e-8,4.945452e-7,-172.238,9.308239e-7,0,0,0,0
436,1780759818471,14.523,0,-4.795470e-7,-8.537231e-8,4.870870e-7,-169.906,9.306857e-7,0,0,0,0
437,1780759818521,12.428,0,-4.719964e-7,-1.070025e-7,4.839733e-7,-167.227,9.305187e-7,0,0,0,0
438,1780759818571,14.246,0,-4.716513e-7,-1.339233e-7,4.902963e-7,-164.148,9.302566e-7,0,0,0,0
439,1780759818620,12.339,0,-4.601085e-7,-1.519670e-7,4.845553e-7,-161.722,9.300381e-7,0,0,0,0
440,1780759818670,13.586,0,-4.628934e-7,-1.811949e-7,4.970934e-7,-158.623,9.297098e-7,0,0,0,0
441,1780759818720,12.043,0,-4.560404e-7,-2.009160e-7,4.983374e-7,-156.223,9.294428e-7,0,0,0,0
442,1780759818769,13.245,0,-4.640251e-7,-2.193043e-7,5.132384e-7,-154.704,9.291492e-7,0,0,0,0
443,1780759818820,13.272,0,-4.664117e-7,-2.239288e-7,5.173819e-7,-154.354,9.287294e-7,0,0,0,0
444,1780759818869,12.791,0,-4.697679e-7,-2.237844e-7,5.203473e-7,-154.528,9.283968e-7,0,0,0,0
445,1780759818919,13.600,0,-4.872940e-7,-2.227014e-7,5.357718e-7,-155.439,9.279469e-7,0,0,0,0
446,1780759818970,13.325,0,-4.949134e-7,-2.107810e-7,5.379293e-7,-156.931,9.276108e-7,0,0,0,0
447,1780759819020,12.168,0,-5.185302e-7,-2.068206e-7,5.582547e-7,-158.255,9.272764e-7,0,0,0,0
448,1780759819069,13.346,0,-5.292081e-7,-1.960155e-7,5.643433e-7,-159.676,9.268496e-7,0,0,0,0
449,1780759819120,13.256,0,-5.370699e-7,-1.963694e-7,5.718436e-7,-159.916,9.265370e-7,0,0,0,0
450,1780759819170,14.314,0,-5.342932e-7,-1.908965e-7,5.673717e-7,-160.339,9.261375e-7,0,0,0,0
451,1780759819220,12.257,0,-5.253145e-7,-1.831684e-7,5.563326e-7,-160.777,9.258389e-7,0,0,0,0
452,1780759819269,11.892,0,-5.251938e-7,-1.708210e-7,5.522756e-7,-161.983,9.254430e-7,0,0,0,0
453,1780759819318,13.298,0,-5.108814e-7,-1.461048e-7,5.313628e-7,-164.040,9.251577e-7,0,0,0,0
454,1780759819368,12.262,0,-5.070631e-7,-1.352921e-7,5.248018e-7,-165.061,9.248842e-7,0,0,0,0
455,1780759819416,14.450,0,-4.899979e-7,-1.228834e-7,5.051715e-7,-165.922,9.245472e-7,0,0,0,0
456,1780759819466,12.637,0,-4.768452e-7,-1.190464e-7,4.914808e-7,-165.982,9.242982e-7,0,0,0,0
457,1780759819516,14.145,0,-4.625066e-7,-1.168326e-7,4.770348e-7,-165.823,9.239712e-7,0,0,0,0
458,1780759819566,14.594,0,-4.481758e-7,-1.231555e-7,4.647890e-7,-164.635,9.237245e-7,0,0,0,0
459,1780759819617,12.009,0,-4.441223e-7,-1.427963e-7,4.665141e-7,-162.176,9.234787e-7,0,0,0,0
460,1780759819665,11.687,0,-4.286146e-7,-1.562109e-7,4.561933e-7,-159.975,9.231607e-7,0,0,0,0
461,1780759819714,13.292,0,-4.265856e-7,-1.819115e-7,4.637533e-7,-156.905,9.229223e-7,0,0,0,0
462,1780759819765,13.737,0,-4.144754e-7,-1.911533e-7,4.564312e-7,-155.241,9.226136e-7,0,0,0,0
463,1780759819816,13.531,0,-4.113683e-7,-2.022931e-7,4.584173e-7,-153.814,9.223767e-7,0,0,0,0
464,1780759819866,14.493,0,-4.138095e-7,-2.151568e-7,4.664019e-7,-152.528,9.220448e-7,0,0,0,0
465,1780759819915,14.057,0,-4.094023e-7,-2.240398e-7,4.666949e-7,-151.311,9.217857e-7,0,0,0,0
466,1780759819965,14.541,0,-4.238318e-7,-2.444001e-7,4.892492e-7,-150.030,9.215176e-7,0,0,0,0
467,1780759820016,12.180,0,-4.230876e-7,-2.624538e-7,4.978806e-7,-148.187,9.211568e-7,0,0,0,0
468,1780759820065,13.345,0,-4.248768e-7,-2.912336e-7,5.151090e-7,-145.571,9.208803e-7,0,0,0,0
469,1780759820115,11.716,0,-4.241761e-7,-3.148122e-7,5.282349e-7,-143.418,9.205092e-7,0,0,0,0
470,1780759820165,13.231,0,-4.272371e-7,-3.357809e-7,5.433970e-7,-141.835,9.202207e-7,0,0,0,0
471,1780759820215,13.320,0,-4.436003e-7,-3.576764e-7,5.698366e-7,-141.121,9.199225e-7,0,0,0,0
472,1780759820266,13.372,0,-4.510773e-7,-3.669237e-7,5.814669e-7,-140.874,9.195114e-7,0,0,0,0
473,1780759820317,13.358,0,-4.709072e-7,-3.867175e-7,6.093472e-7,-140.607,9.191924e-7,0,0,0,0
474,1780759820368,13.289,0,-4.802167e-7,-3.940170e-7,6.211743e-7,-140.631,9.187607e-7,0,0,0,0
475,1780759820418,14.455,0,-4.911389e-7,-4.029308e-7,6.352721e-7,-140.635,9.184269e-7,0,0,0,0
476,1780759820469,14.479,0,-5.013966e-7,-4.063011e-7,6.453519e-7,-140.981,9.181003e-7,0,0,0,0
477,1780759820518,13.932,0,-5.022827e-7,-3.883294e-7,6.348918e-7,-142.291,9.176756e-7,0,0,0,0
478,1780759820567,12.664,0,-5.118541e-7,-3.743483e-7,6.341383e-7,-143.820,9.173611e-7,0,0,0,0
479,1780759820617,14.294,0,-5.095295e-7,-3.495285e-7,6.178919e-7,-145.551,9.169373e-7,0,0,0,0
480,1780759820666,12.552,0,-5.155811e-7,-3.333859e-7,6.139788e-7,-147.112,9.166011e-7,0,0,0,0
481,1780759820716,13.621,0,-5.057250e-7,-3.155198e-7,5.960794e-7,-148.040,9.161255e-7,0,0,0,0
482,1780759820766,11.891,0,-4.951378e-7,-2.970397e-7,5.774028e-7,-149.040,9.157516e-7,0,0,0,0
483,1780759820815,13.378,0,-4.857098e-7,-2.774991e-7,5.593923e-7,-150.260,9.153645e-7,0,0,0,0
484,1780759820866,13.332,0,-4.675013e-7,-2.525271e-7,5.313449e-7,-151.624,9.148066e-7,0,0,0,0
485,1780759820918,13.254,0,-4.663405e-7,-2.374215e-7,5.232996e-7,-153.019,9.143487e-7,0,0,0,0
486,1780759820968,13.300,0,-4.558313e-7,-2.168290e-7,5.047742e-7,-154.561,9.136884e-7,0,0,0,0
487,1780759821018,14.346,0,-4.597253e-7,-2.121228e-7,5.063037e-7,-155.231,9.131532e-7,0,0,0,0
488,1780759821069,14.526,0,-4.534843e-7,-2.077673e-7,4.988139e-7,-155.385,9.125877e-7,0,0,0,0
489,1780759821118,13.679,0,-4.468979e-7,-2.076882e-7,4.928002e-7,-155.074,9.117879e-7,0,0,0,0
490,1780759821169,13.297,0,-4.473342e-7,-2.171917e-7,4.972727e-7,-154.102,9.111662e-7,0,0,0,0
491,1780759821220,13.243,0,-4.346409e-7,-2.256475e-7,4.897239e-7,-152.564,9.103197e-7,0,0,0,0
492,1780759821270,14.352,0,-4.313213e-7,-2.489636e-7,4.980170e-7,-150.006,9.096921e-7,0,0,0,0
493,1780759821320,13.259,0,-4.137940e-7,-2.630914e-7,4.903494e-7,-147.552,9.090672e-7,0,0,0,0
494,1780759821369,14.347,0,-4.053123e-7,-2.877946e-7,4.970953e-7,-144.623,9.082423e-7,0,0,0,0
495,1780759821420,14.364,0,-3.959382e-7,-3.117172e-7,5.039193e-7,-141.787,9.076296e-7,0,0,0,0
496,1780759821470,12.369,0,-4.002858e-7,-3.354432e-7,5.222555e-7,-140.037,9.068076e-7,0,0,0,0
497,1780759821519,12.224,0,-4.176484e-7,-3.646512e-7,5.544372e-7,-138.876,9.061800e-7,0,0,0,0
498,1780759821567,14.612,0,-4.287991e-7,-3.827871e-7,5.747997e-7,-138.245,9.053248e-7,0,0,0,0
499,1780759821619,14.001,0,-4.548195e-7,-4.080775e-7,6.110549e-7,-138.101,9.046892e-7,0,0,0,0
500,1780759821670,13.860,0,-4.692499e-7,-4.228991e-7,6.316954e-7,-137.974,9.040662e-7,0,0,0,0
501,1780759821719,12.633,0,-4.877269e-7,-4.355767e-7,6.539148e-7,-138.233,9.032454e-7,0,0,0,0
502,1780759821769,13.896,0,-5.056627e-7,-4.474416e-7,6.752027e-7,-138.496,9.026383e-7,0,0,0,0
503,1780759821818,12.286,0,-5.153872e-7,-4.483420e-7,6.831065e-7,-138.980,9.018315e-7,0,0,0,0
504,1780759821868,14.172,0,-5.346744e-7,-4.628220e-7,7.071639e-7,-139.120,9.012483e-7,0,0,0,0
505,1780759821918,12.120,0,-5.362122e-7,-4.729220e-7,7.149677e-7,-138.589,9.006905e-7,0,0,0,0
506,1780759821966,11.947,0,-5.375217e-7,-4.926045e-7,7.291014e-7,-137.497,8.999741e-7,0,0,0,0
507,1780759822015,13.297,0,-5.319322e-7,-5.007018e-7,7.305163e-7,-136.732,8.994517e-7,0,0,0,0
508,1780759822066,13.533,0,-5.275292e-7,-5.014267e-7,7.278158e-7,-136.453,8.987665e-7,0,0,0,0
509,1780759822117,13.524,0,-5.297091e-7,-4.996037e-7,7.281453e-7,-136.675,8.982632e-7,0,0,0,0
510,1780759822166,12.550,0,-5.199998e-7,-4.820246e-7,7.090468e-7,-137.170,8.977648e-7,0,0,0,0
511,1780759822217,13.261,0,-5.191991e-7,-4.727658e-7,7.021932e-7,-137.680,8.971140e-7,0,0,0,0
512,1780759822266,14.568,0,-5.074621e-7,-4.510879e-7,6.789684e-7,-138.366,8.966318e-7,0,0,0,0
513,1780759822316,12.532,0,-4.984170e-7,-4.319866e-7,6.595695e-7,-139.084,8.959882e-7,0,0,0,0
514,1780759822366,13.247,0,-4.847675e-7,-4.085072e-7,6.339382e-7,-139.880,8.955100e-7,0,0,0,0
515,1780759822417,13.331,0,-4.799581e-7,-3.752255e-7,6.092241e-7,-141.982,8.948676e-7,0,0,0,0
516,1780759822466,12.607,0,-4.840749e-7,-3.501695e-7,5.974505e-7,-144.119,8.943865e-7,0,0,0,0
517,1780759822516,13.285,0,-4.743801e-7,-3.158227e-7,5.698951e-7,-146.346,8.939017e-7,0,0,0,0
518,1780759822566,14.486,0,-4.721244e-7,-2.961702e-7,5.573314e-7,-147.899,8.932560e-7,0,0,0,0
519,1780759822616,12.891,0,-4.546127e-7,-2.753692e-7,5.315081e-7,-148.796,8.927727e-7,0,0,0,0
520,1780759822666,13.421,0,-4.386840e-7,-2.649928e-7,5.125084e-7,-148.865,8.921474e-7,0,0,0,0
521,1780759822717,13.477,0,-4.222860e-7,-2.622860e-7,4.971110e-7,-148.155,8.916811e-7,0,0,0,0
522,1780759822768,13.240,0,-3.993244e-7,-2.602984e-7,4.766710e-7,-146.902,8.912058e-7,0,0,0,0
523,1780759822818,12.202,0,-3.837967e-7,-2.760364e-7,4.727537e-7,-144.275,8.905624e-7,0,0,0,0
524,1780759822866,14.272,0,-3.535011e-7,-2.845803e-7,4.538160e-7,-141.165,8.900641e-7,0,0,0,0
525,1780759822916,12.522,0,-3.277368e-7,-3.104970e-7,4.514640e-7,-136.547,8.893874e-7,0,0,0,0
526,1780759822965,14.305,0,-3.043504e-7,-3.304511e-7,4.492517e-7,-132.646,8.888672e-7,0,0,0,0
527,1780759823015,12.318,0,-2.854625e-7,-3.555744e-7,4.559847e-7,-128.758,8.883368e-7,0,0,0,0
528,1780759823065,13.312,0,-2.755137e-7,-3.841591e-7,4.727431e-7,-125.648,8.876178e-7,0,0,0,0
529,1780759823117,13.232,0,-2.619818e-7,-4.066077e-7,4.836985e-7,-122.794,8.870502e-7,0,0,0,0
530,1780759823167,13.252,0,-2.612163e-7,-4.423627e-7,5.137302e-7,-120.562,8.862455e-7,0,0,0,0
531,1780759823218,13.281,0,-2.552547e-7,-4.679471e-7,5.330379e-7,-118.611,8.855954e-7,0,0,0,0
532,1780759823269,13.288,0,-2.593786e-7,-5.009573e-7,5.641236e-7,-117.374,8.846796e-7,0,0,0,0
533,1780759823319,11.734,0,-2.611964e-7,-5.281764e-7,5.892316e-7,-116.314,8.839352e-7,0,0,0,0
534,1780759823367,14.276,0,-2.656328e-7,-5.427571e-7,6.042732e-7,-116.078,8.831439e-7,0,0,0,0
535,1780759823417,13.021,0,-2.787541e-7,-5.625208e-7,6.278005e-7,-116.360,8.820199e-7,0,0,0,0
536,1780759823465,12.619,0,-2.823306e-7,-5.696643e-7,6.357893e-7,-116.363,8.811207e-7,0,0,0,0
537,1780759823515,13.411,0,-2.994691e-7,-5.834844e-7,6.558473e-7,-117.169,8.798759e-7,0,0,0,0
538,1780759823566,13.978,0,-3.078851e-7,-5.768418e-7,6.538652e-7,-118.091,8.788928e-7,0,0,0,0
539,1780759823616,14.457,0,-3.223460e-7,-5.753903e-7,6.595309e-7,-119.258,8.778522e-7,0,0,0,0
540,1780759823667,14.462,0,-3.358976e-7,-5.730722e-7,6.642581e-7,-120.376,8.763725e-7,0,0,0,0
541,1780759823716,13.587,0,-3.427718e-7,-5.624494e-7,6.586668e-7,-121.359,8.752004e-7,0,0,0,0
542,1780759823767,13.302,0,-3.548299e-7,-5.589039e-7,6.620255e-7,-122.410,8.735873e-7,0,0,0,0
543,1780759823816,12.879,0,-3.549416e-7,-5.353789e-7,6.423505e-7,-123.543,8.723620e-7,0,0,0,0
544,1780759823866,13.236,0,-3.630035e-7,-5.167768e-7,6.315297e-7,-125.086,8.711435e-7,0,0,0,0
545,1780759823916,12.196,0,-3.650142e-7,-4.890056e-7,6.102146e-7,-126.739,8.695312e-7,0,0,0,0
546,1780759823965,13.277,0,-3.675245e-7,-4.575568e-7,5.868837e-7,-128.773,8.683407e-7,0,0,0,0
547,1780759824016,13.405,0,-3.741568e-7,-4.313191e-7,5.709899e-7,-130.941,8.667895e-7,0,0,0,0
548,1780759824065,12.644,0,-3.675290e-7,-3.986253e-7,5.421989e-7,-132.676,8.656741e-7,0,0,0,0
549,1780759824113,12.317,0,-3.696044e-7,-3.796471e-7,5.298484e-7,-134.232,8.642537e-7,0,0,0,0
550,1780759824162,11.811,0,-3.583888e-7,-3.507640e-7,5.014757e-7,-135.616,8.632276e-7,0,0,0,0
551,1780759824212,13.095,0,-3.486510e-7,-3.355957e-7,4.839235e-7,-136.093,8.622399e-7,0,0,0,0
552,1780759824262,13.357,0,-3.315372e-7,-3.175611e-7,4.590882e-7,-136.233,8.609951e-7,0,0,0,0
553,1780759824311,12.796,0,-3.043305e-7,-3.090891e-7,4.337663e-7,-134.556,8.601205e-7,0,0,0,0
554,1780759824361,13.314,0,-2.788062e-7,-3.153244e-7,4.209066e-7,-131.483,8.590323e-7,0,0,0,0
555,1780759824412,13.886,0,-2.455576e-7,-3.128968e-7,3.977474e-7,-128.124,8.582729e-7,0,0,0,0
556,1780759824463,13.296,0,-2.204301e-7,-3.310412e-7,3.977156e-7,-123.658,8.575790e-7,0,0,0,0
557,1780759824514,13.399,0,-1.901967e-7,-3.472075e-7,3.958887e-7,-118.713,8.567558e-7,0,0,0,0
558,1780759824565,13.174,0,-1.687116e-7,-3.714387e-7,4.079587e-7,-114.428,8.562337e-7,0,0,0,0
559,1780759824616,14.077,0,-1.546391e-7,-3.980280e-7,4.270124e-7,-111.232,8.556335e-7,0,0,0,0
560,1780759824666,14.587,0,-1.393994e-7,-4.198730e-7,4.424088e-7,-108.366,8.552300e-7,0,0,0,0
561,1780759824716,12.443,0,-1.306822e-7,-4.625313e-7,4.806382e-7,-105.777,8.548530e-7,0,0,0,0
562,1780759824766,13.485,0,-1.159763e-7,-4.890370e-7,5.026010e-7,-103.341,8.543666e-7,0,0,0,0
563,1780759824815,12.360,0,-1.116213e-7,-5.220034e-7,5.338042e-7,-102.070,8.540109e-7,0,0,0,0
564,1780759824865,13.363,0,-1.056127e-7,-5.533524e-7,5.633408e-7,-100.806,8.535126e-7,0,0,0,0
565,1780759824916,13.521,0,-1.026714e-7,-5.863942e-7,5.953147e-7,-99.931,8.531275e-7,0,0,0,0
566,1780759824965,12.633,0,-1.087086e-7,-6.175596e-7,6.270546e-7,-99.983,8.525702e-7,0,0,0,0
567,1780759825015,13.224,0,-1.105173e-7,-6.291390e-7,6.387723e-7,-99.963,8.520888e-7,0,0,0,0
568,1780759825064,12.643,0,-1.285590e-7,-6.520249e-7,6.645780e-7,-101.154,8.515541e-7,0,0,0,0
569,1780759825114,13.384,0,-1.433008e-7,-6.570057e-7,6.724519e-7,-102.304,8.507499e-7,0,0,0,0
570,1780759825165,13.300,0,-1.606505e-7,-6.670323e-7,6.861054e-7,-103.541,8.500940e-7,0,0,0,0
571,1780759825216,14.244,0,-1.736760e-7,-6.659642e-7,6.882381e-7,-104.617,8.491723e-7,0,0,0,0
572,1780759825266,11.675,0,-1.774427e-7,-6.511517e-7,6.748959e-7,-105.243,8.484608e-7,0,0,0,0
573,1780759825314,14.275,0,-1.834106e-7,-6.433127e-7,6.689475e-7,-105.913,8.477389e-7,0,0,0,0
574,1780759825365,11.708,0,-1.816886e-7,-6.216968e-7,6.477018e-7,-106.291,8.467614e-7,0,0,0,0
575,1780759825414,13.208,0,-1.892749e-7,-6.092587e-7,6.379821e-7,-107.258,8.460230e-7,0,0,0,0
576,1780759825465,13.299,0,-1.856250e-7,-5.805717e-7,6.095245e-7,-107.731,8.450412e-7,0,0,0,0
577,1780759825516,13.416,0,-1.866461e-7,-5.586542e-7,5.890088e-7,-108.474,8.443428e-7,0,0,0,0
578,1780759825566,14.530,0,-1.882911e-7,-5.402986e-7,5.721679e-7,-109.213,8.434379e-7,0,0,0,0
579,1780759825616,12.950,0,-1.856370e-7,-5.165741e-7,5.489170e-7,-109.766,8.427692e-7,0,0,0,0
580,1780759825665,14.620,0,-1.860426e-7,-5.048785e-7,5.380652e-7,-110.228,8.421094e-7,0,0,0,0
581,1780759825716,14.404,0,-1.628992e-7,-4.750409e-7,5.021952e-7,-108.928,8.412580e-7,0,0,0,0
582,1780759825768,14.061,0,-1.367207e-7,-4.600321e-7,4.799188e-7,-106.552,8.406660e-7,0,0,0,0
583,1780759825818,12.018,0,-1.093475e-7,-4.449147e-7,4.581550e-7,-103.808,8.399369e-7,0,0,0,0
584,1780759825867,13.140,0,-9.026550e-8,-4.360441e-7,4.452890e-7,-101.696,8.394360e-7,0,0,0,0
585,1780759825916,12.457,0,-8.010996e-8,-4.334939e-7,4.408340e-7,-100.470,8.389472e-7,0,0,0,0
586,1780759825966,13.358,0,-6.533137e-8,-4.237935e-7,4.287996e-7,-98.764,8.383305e-7,0,0,0,0
587,1780759826015,12.665,0,-5.333915e-8,-4.327361e-7,4.360110e-7,-97.027,8.378915e-7,0,0,0,0
588,1780759826065,13.605,0,-3.906738e-8,-4.301364e-7,4.319069e-7,-95.190,8.373124e-7,0,0,0,0
589,1780759826114,12.954,0,-3.160522e-8,-4.422982e-7,4.434260e-7,-94.087,8.368752e-7,0,0,0,0
590,1780759826164,13.293,0,-2.423099e-8,-4.528980e-7,4.535458e-7,-93.063,8.364085e-7,0,0,0,0
591,1780759826213,12.411,0,-1.356948e-8,-4.572574e-7,4.574587e-7,-91.700,8.357327e-7,0,0,0,0
592,1780759826262,14.181,0,-1.677823e-8,-4.773247e-7,4.776195e-7,-92.013,8.351810e-7,0,0,0,0
593,1780759826311,13.665,0,-2.096302e-8,-4.882866e-7,4.887364e-7,-92.458,8.343540e-7,0,0,0,0
594,1780759826362,13.334,0,-3.121145e-8,-5.191309e-7,5.200683e-7,-93.441,8.336482e-7,0,0,0,0
595,1780759826412,14.371,0,-4.007294e-8,-5.468816e-7,5.483478e-7,-94.191,8.325783e-7,0,0,0,0
596,1780759826463,14.543,0,-5.601351e-8,-5.831582e-7,5.858421e-7,-95.487,8.316611e-7,0,0,0,0
597,1780759826514,14.552,0,-7.088021e-8,-6.181134e-7,6.221641e-7,-96.542,8.306457e-7,0,0,0,0
598,1780759826565,14.665,0,-8.109862e-8,-6.399080e-7,6.450265e-7,-97.223,8.291693e-7,0,0,0,0
599,1780759826616,14.463,0,-9.213420e-8,-6.720412e-7,6.783274e-7,-97.806,8.279992e-7,0,0,0,0
600,1780759826666,12.975,0,-1.054456e-7,-6.907074e-7,6.987099e-7,-98.680,8.263791e-7,0,0,0,0
601,1780759826716,13.266,0,-1.225943e-7,-7.132464e-7,7.237056e-7,-99.753,8.251215e-7,0,0,0,0
602,1780759826766,14.452,0,-1.376238e-7,-7.176670e-7,7.307436e-7,-100.856,8.238385e-7,0,0,0,0
603,1780759826816,12.469,0,-1.550588e-7,-7.163980e-7,7.329866e-7,-102.213,8.221190e-7,0,0,0,0
604,1780759826866,13.288,0,-1.779937e-7,-7.143904e-7,7.362305e-7,-103.991,8.208234e-7,0,0,0,0
605,1780759826916,14.439,0,-1.925578e-7,-6.986716e-7,7.247210e-7,-105.409,8.191368e-7,0,0,0,0
606,1780759826968,14.027,0,-2.089647e-7,-7.000142e-7,7.305383e-7,-106.621,8.179147e-7,0,0,0,0
607,1780759827017,12.747,0,-2.158217e-7,-6.789670e-7,7.124431e-7,-107.634,8.167209e-7,0,0,0,0
608,1780759827067,13.482,0,-2.209186e-7,-6.655115e-7,7.012208e-7,-108.364,8.151666e-7,0,0,0,0
609,1780759827116,12.873,0,-2.223767e-7,-6.466266e-7,6.837963e-7,-108.978,8.140193e-7,0,0,0,0
610,1780759827166,13.420,0,-2.330741e-7,-6.281863e-7,6.700310e-7,-110.356,8.125101e-7,0,0,0,0
611,1780759827217,13.276,0,-2.380567e-7,-6.153299e-7,6.597741e-7,-111.150,8.113720e-7,0,0,0,0
612,1780759827268,13.260,0,-2.329381e-7,-5.872324e-7,6.317452e-7,-111.637,8.098519e-7,0,0,0,0
613,1780759827318,12.018,0,-2.299394e-7,-5.737848e-7,6.181433e-7,-111.838,8.087188e-7,0,0,0,0
614,1780759827366,14.439,0,-2.154689e-7,-5.526217e-7,5.931422e-7,-111.301,8.075890e-7,0,0,0,0
615,1780759827416,13.218,0,-2.016454e-7,-5.400255e-7,5.764446e-7,-110.476,8.060932e-7,0,0,0,0
616,1780759827466,13.300,0,-1.847754e-7,-5.318133e-7,5.629985e-7,-109.159,8.049928e-7,0,0,0,0
617,1780759827516,14.361,0,-1.656661e-7,-5.207520e-7,5.464686e-7,-107.647,8.035679e-7,0,0,0,0
618,1780759827566,13.024,0,-1.490085e-7,-5.272941e-7,5.479440e-7,-105.780,8.025474e-7,0,0,0,0
619,1780759827616,14.141,0,-1.237973e-7,-5.130891e-7,5.278127e-7,-103.565,8.015852e-7,0,0,0,0
620,1780759827667,13.562,0,-1.051098e-7,-5.158397e-7,5.264396e-7,-101.517,8.003951e-7,0,0,0,0
621,1780759827716,13.014,0,-8.534608e-8,-5.153668e-7,5.223858e-7,-99.403,7.995608e-7,0,0,0,0
622,1780759827766,13.395,0,-6.475989e-8,-5.253471e-7,5.293235e-7,-97.027,7.985291e-7,0,0,0,0
623,1780759827816,12.021,0,-5.375853e-8,-5.439908e-7,5.466406e-7,-95.644,7.978139e-7,0,0,0,0
624,1780759827865,13.484,0,-4.315162e-8,-5.578314e-7,5.594979e-7,-94.423,7.971545e-7,0,0,0,0
625,1780759827916,13.741,0,-3.824232e-8,-5.943242e-7,5.955533e-7,-93.682,7.963506e-7,0,0,0,0
626,1780759827966,14.441,0,-2.678894e-8,-6.187013e-7,6.192810e-7,-92.479,7.957969e-7,0,0,0,0
627,1780759828016,12.991,0,-2.061437e-8,-6.609461e-7,6.612675e-7,-91.786,7.950973e-7,0,0,0,0
628,1780759828064,12.377,0,-1.972502e-8,-6.958547e-7,6.961343e-7,-91.624,7.945878e-7,0,0,0,0
629,1780759828113,14.340,0,-3.395686e-8,-7.240940e-7,7.248898e-7,-92.685,7.939062e-7,0,0,0,0
630,1780759828164,14.527,0,-5.355278e-8,-7.540214e-7,7.559207e-7,-94.062,7.933634e-7,0,0,0,0
631,1780759828216,13.950,0,-6.372380e-8,-7.681539e-7,7.707925e-7,-94.742,7.927909e-7,0,0,0,0
632,1780759828264,13.589,0,-7.646758e-8,-7.992425e-7,8.028922e-7,-95.465,7.919915e-7,0,0,0,0
633,1780759828313,12.515,0,-8.733219e-8,-8.123900e-7,8.170707e-7,-96.136,7.913776e-7,0,0,0,0
634,1780759828363,13.322,0,-9.873460e-8,-8.285602e-7,8.344223e-7,-96.796,7.905390e-7,0,0,0,0
635,1780759828413,12.015,0,-1.060880e-7,-8.311092e-7,8.378527e-7,-97.274,7.898955e-7,0,0,0,0
636,1780759828461,14.483,0,-1.114706e-7,-8.236566e-7,8.311654e-7,-97.707,7.892508e-7,0,0,0,0
637,1780759828512,14.701,0,-1.136490e-7,-8.160991e-7,8.239745e-7,-97.928,7.883789e-7,0,0,0,0
638,1780759828562,12.679,0,-1.202604e-7,-7.950118e-7,8.040562e-7,-98.602,7.877283e-7,0,0,0,0
639,1780759828612,13.560,0,-1.298597e-7,-7.859887e-7,7.966441e-7,-99.382,7.868408e-7,0,0,0,0
640,1780759828662,12.128,0,-1.288157e-7,-7.589708e-7,7.698248e-7,-99.633,7.861656e-7,0,0,0,0
641,1780759828711,13.275,0,-1.232669e-7,-7.359338e-7,7.461858e-7,-99.509,7.854829e-7,0,0,0,0
642,1780759828761,14.581,0,-1.149871e-7,-7.096222e-7,7.188781e-7,-99.204,7.845653e-7,0,0,0,0
643,1780759828812,14.500,0,-1.024615e-7,-6.742765e-7,6.820169e-7,-98.640,7.839010e-7,0,0,0,0
644,1780759828863,14.546,0,-9.086275e-8,-6.494038e-7,6.557296e-7,-97.965,7.830472e-7,0,0,0,0
645,1780759828914,14.572,0,-7.413364e-8,-6.108628e-7,6.153448e-7,-96.920,7.824506e-7,0,0,0,0
646,1780759828965,11.611,0,-5.516387e-8,-5.905954e-7,5.931661e-7,-95.336,7.817093e-7,0,0,0,0
647,1780759829014,13.323,0,-3.047053e-8,-5.724723e-7,5.732827e-7,-93.047,7.812046e-7,0,0,0,0
648,1780759829064,12.059,0,-6.890910e-9,-5.729606e-7,5.730020e-7,-90.689,7.807457e-7,0,0,0,0
649,1780759829112,11.784,0,1.492693e-8,-5.793224e-7,5.795147e-7,-88.524,7.801964e-7,0,0,0,0
650,1780759829161,13.506,0,3.522846e-8,-5.774174e-7,5.784910e-7,-86.509,7.798400e-7,0,0,0,0
651,1780759829212,13.257,0,4.744487e-8,-5.964339e-7,5.983180e-7,-85.452,7.794185e-7,0,0,0,0
652,1780759829263,13.384,0,5.813446e-8,-6.024581e-7,6.052564e-7,-84.488,7.791286e-7,0,0,0,0
653,1780759829314,13.339,0,7.134308e-8,-6.247207e-7,6.287811e-7,-83.485,7.788450e-7,0,0,0,0
654,1780759829365,13.226,0,8.255668e-8,-6.425164e-7,6.477986e-7,-82.678,7.784904e-7,0,0,0,0
655,1780759829416,13.397,0,9.407808e-8,-6.605224e-7,6.671885e-7,-81.894,7.782459e-7,0,0,0,0
656,1780759829466,12.032,0,9.907346e-8,-6.905990e-7,6.976693e-7,-81.836,7.779418e-7,0,0,0,0
657,1780759829515,13.483,0,9.854851e-8,-6.965708e-7,7.035074e-7,-81.947,7.777284e-7,0,0,0,0
658,1780759829566,13.760,0,9.120939e-8,-7.245802e-7,7.302983e-7,-82.825,7.775053e-7,0,0,0,0
659,1780759829614,13.396,0,8.214240e-8,-7.410982e-7,7.456366e-7,-83.675,7.771953e-7,0,0,0,0
660,1780759829665,13.247,0,7.179075e-8,-7.675691e-7,7.709191e-7,-84.657,7.769494e-7,0,0,0,0
661,1780759829714,12.466,0,6.668128e-8,-7.966131e-7,7.993990e-7,-85.215,7.766215e-7,0,0,0,0
662,1780759829764,13.324,0,5.906758e-8,-8.158298e-7,8.179653e-7,-85.859,7.763953e-7,0,0,0,0
663,1780759829815,13.426,0,4.827028e-8,-8.438094e-7,8.451890e-7,-86.726,7.760859e-7,0,0,0,0
664,1780759829866,13.395,0,3.849109e-8,-8.532475e-7,8.541153e-7,-87.417,7.758432e-7,0,0,0,0
665,1780759829916,14.493,0,3.093446e-8,-8.689718e-7,8.695222e-7,-87.961,7.755709e-7,0,0,0,0
666,1780759829966,12.436,0,2.480280e-8,-8.697117e-7,8.700653e-7,-88.366,7.751681e-7,0,0,0,0
667,1780759830025,40.534,0,2.516238e-8,-8.724659e-7,8.728287e-7,-88.348,7.748367e-7,0,0,0,0
668,1780759830075,12.102,0,2.574667e-8,-8.630353e-7,8.634193e-7,-88.291,7.743869e-7,0,0,0,0
669,1780759830124,13.318,0,2.772208e-8,-8.395792e-7,8.400367e-7,-88.109,7.740493e-7,0,0,0,0
670,1780759830175,14.104,0,2.708749e-8,-8.183189e-7,8.187671e-7,-88.104,7.737033e-7,0,0,0,0
671,1780759830225,12.116,0,3.301000e-8,-7.744809e-7,7.751840e-7,-87.559,7.732084e-7,0,0,0,0
672,1780759830274,13.268,0,4.205623e-8,-7.403455e-7,7.415391e-7,-86.749,7.727991e-7,0,0,0,0
673,1780759830325,14.167,0,5.504704e-8,-6.979237e-7,7.000912e-7,-85.490,7.722452e-7,0,0,0,0
674,1780759830375,12.123,0,6.893102e-8,-6.588084e-7,6.624047e-7,-84.027,7.718370e-7,0,0,0,0
675,1780759830424,13.759,0,8.177203e-8,-6.266815e-7,6.319939e-7,-82.566,7.714460e-7,0,0,0,0
676,1780759830475,14.032,0,8.750352e-8,-5.754847e-7,5.820992e-7,-81.354,7.709651e-7,0,0,0,0
677,1780759830525,12.072,0,9.439340e-8,-5.500649e-7,5.581053e-7,-80.263,7.706102e-7,0,0,0,0
678,1780759830574,14.041,0,1.068517e-7,-5.160168e-7,5.269635e-7,-78.301,7.701891e-7,0,0,0,0
679,1780759830622,13.534,0,1.217802e-7,-5.001939e-7,5.148052e-7,-76.317,7.699146e-7,0,0,0,0
680,1780759830673,13.415,0,1.364105e-7,-4.905941e-7,5.092057e-7,-74.461,7.696273e-7,0,0,0,0
681,1780759830721,13.251,0,1.499369e-7,-4.837658e-7,5.064686e-7,-72.780,7.694680e-7,0,0,0,0
682,1780759830772,13.287,0,1.623572e-7,-4.911128e-7,5.172539e-7,-71.707,7.693429e-7,0,0,0,0
683,1780759830823,13.304,0,1.747712e-7,-4.861690e-7,5.166288e-7,-70.227,7.692467e-7,0,0,0,0
684,1780759830873,14.265,0,1.898840e-7,-4.980761e-7,5.330438e-7,-69.131,7.692039e-7,0,0,0,0
685,1780759830924,14.552,0,2.073457e-7,-5.097621e-7,5.503178e-7,-67.866,7.692229e-7,0,0,0,0
686,1780759830974,12.567,0,2.200474e-7,-5.301539e-7,5.740070e-7,-67.458,7.692981e-7,0,0,0,0
687,1780759831023,11.672,0,2.266907e-7,-5.517788e-7,5.965303e-7,-67.665,7.694103e-7,0,0,0,0
688,1780759831072,14.026,0,2.295878e-7,-5.657919e-7,6.105990e-7,-67.914,7.696016e-7,0,0,0,0
689,1780759831122,14.490,0,2.291155e-7,-6.023229e-7,6.444275e-7,-69.174,7.697532e-7,0,0,0,0
690,1780759831173,14.520,0,2.232483e-7,-6.292778e-7,6.677053e-7,-70.467,7.699502e-7,0,0,0,0
691,1780759831224,14.498,0,2.157674e-7,-6.738538e-7,7.075553e-7,-72.245,7.700650e-7,0,0,0,0
692,1780759831275,14.336,0,2.079875e-7,-7.099652e-7,7.398036e-7,-73.672,7.701970e-7,0,0,0,0
693,1780759831325,13.017,0,1.981467e-7,-7.426428e-7,7.686225e-7,-75.061,7.702822e-7,0,0,0,0
694,1780759831374,11.943,0,1.878951e-7,-7.692080e-7,7.918241e-7,-76.273,7.703542e-7,0,0,0,0
695,1780759831423,13.591,0,1.838360e-7,-7.846624e-7,8.059099e-7,-76.814,7.704390e-7,0,0,0,0
696,1780759831472,12.986,0,1.790269e-7,-8.073117e-7,8.269237e-7,-77.497,7.704935e-7,0,0,0,0
697,1780759831520,12.228,0,1.695157e-7,-8.035828e-7,8.212678e-7,-78.088,7.705656e-7,0,0,0,0
698,1780759831570,13.335,0,1.601400e-7,-8.020549e-7,8.178856e-7,-78.709,7.705903e-7,0,0,0,0
699,1780759831620,14.238,0,1.499920e-7,-7.896792e-7,8.037978e-7,-79.245,7.706068e-7,0,0,0,0
700,1780759831670,12.988,0,1.438858e-7,-7.747821e-7,7.880295e-7,-79.479,7.706428e-7,0,0,0,0
701,1780759831720,13.227,0,1.403685e-7,-7.677378e-7,7.804644e-7,-79.639,7.706673e-7,0,0,0,0
702,1780759831770,14.564,0,1.394963e-7,-7.435250e-7,7.564977e-7,-79.374,7.707049e-7,0,0,0,0
703,1780759831821,14.289,0,1.436371e-7,-7.347377e-7,7.486462e-7,-78.939,7.707242e-7,0,0,0,0
704,1780759831872,14.509,0,1.447735e-7,-7.107224e-7,7.253177e-7,-78.486,7.707569e-7,0,0,0,0
705,1780759831923,14.594,0,1.453731e-7,-6.911540e-7,7.062770e-7,-78.122,7.707870e-7,0,0,0,0
706,1780759831972,13.496,0,1.488670e-7,-6.703859e-7,6.867158e-7,-77.480,7.707921e-7,0,0,0,0
707,1780759832023,13.243,0,1.559726e-7,-6.451129e-7,6.637003e-7,-76.408,7.707822e-7,0,0,0,0
708,1780759832072,13.214,0,1.695539e-7,-6.321317e-7,6.544762e-7,-74.985,7.707516e-7,0,0,0,0
709,1780759832122,13.155,0,1.864119e-7,-6.066247e-7,6.346203e-7,-72.918,7.707401e-7,0,0,0,0
710,1780759832173,13.329,0,2.068203e-7,-5.987603e-7,6.334734e-7,-70.944,7.707406e-7,0,0,0,0
711,1780759832223,14.304,0,2.272622e-7,-5.859565e-7,6.284848e-7,-68.801,7.707639e-7,0,0,0,0
712,1780759832272,13.907,0,2.461747e-7,-5.840149e-7,6.337786e-7,-67.144,7.708243e-7,0,0,0,0
713,1780759832323,13.331,0,2.623635e-7,-5.882716e-7,6.441259e-7,-65.964,7.708801e-7,0,0,0,0
714,1780759832374,13.311,0,2.822998e-7,-5.833061e-7,6.480271e-7,-64.175,7.709797e-7,0,0,0,0
715,1780759832425,13.891,0,2.970607e-7,-5.996601e-7,6.692065e-7,-63.647,7.710569e-7,0,0,0,0
716,1780759832475,14.426,0,3.029485e-7,-6.064289e-7,6.778892e-7,-63.455,7.711382e-7,0,0,0,0
717,1780759832525,13.201,0,3.082120e-7,-6.265254e-7,6.982326e-7,-63.806,7.712004e-7,0,0,0,0
718,1780759832574,11.656,0,3.083942e-7,-6.465721e-7,7.163536e-7,-64.500,7.712159e-7,0,0,0,0
719,1780759832623,13.250,0,3.032693e-7,-6.665812e-7,7.323269e-7,-65.536,7.711539e-7,0,0,0,0
720,1780759832674,14.082,0,2.972815e-7,-6.962590e-7,7.570686e-7,-66.879,7.710329e-7,0,0,0,0
721,1780759832724,14.565,0,2.881968e-7,-7.064440e-7,7.629682e-7,-67.807,7.708548e-7,0,0,0,0
722,1780759832775,14.550,0,2.812662e-7,-7.343223e-7,7.863459e-7,-69.042,7.705107e-7,0,0,0,0
723,1780759832825,13.087,0,2.794715e-7,-7.532414e-7,8.034157e-7,-69.644,7.702163e-7,0,0,0,0
724,1780759832875,13.481,0,2.820103e-7,-7.778431e-7,8.273873e-7,-70.072,7.697868e-7,0,0,0,0
725,1780759832925,12.119,0,2.775580e-7,-7.950976e-7,8.421512e-7,-70.757,7.694554e-7,0,0,0,0
726,1780759832974,13.206,0,2.700414e-7,-8.092264e-7,8.530941e-7,-71.546,7.689733e-7,0,0,0,0
727,1780759833025,14.028,0,2.583970e-7,-8.375239e-7,8.764789e-7,-72.854,7.685675e-7,0,0,0,0
728,1780759833074,12.612,0,2.431806e-7,-8.472283e-7,8.814378e-7,-73.985,7.681685e-7,0,0,0,0
729,1780759833124,13.297,0,2.310381e-7,-8.681191e-7,8.983371e-7,-75.097,7.676045e-7,0,0,0,0
730,1780759833175,13.281,0,2.197841e-7,-8.692894e-7,8.966432e-7,-75.811,7.671659e-7,0,0,0,0
731,1780759833226,13.244,0,2.153077e-7,-8.688340e-7,8.951144e-7,-76.082,7.665532e-7,0,0,0,0
732,1780759833277,13.283,0,2.116466e-7,-8.613048e-7,8.869274e-7,-76.194,7.660913e-7,0,0,0,0
733,1780759833328,13.310,0,2.007816e-7,-8.391690e-7,8.628545e-7,-76.544,7.656380e-7,0,0,0,0
734,1780759833379,13.310,0,1.987239e-7,-8.250599e-7,8.486549e-7,-76.458,7.649889e-7,0,0,0,0
735,1780759833430,13.221,0,1.997452e-7,-7.928851e-7,8.176582e-7,-75.860,7.644987e-7,0,0,0,0
736,1780759833480,14.335,0,2.102092e-7,-7.789919e-7,8.068558e-7,-74.899,7.638393e-7,0,0,0,0
737,1780759833530,12.404,0,2.184358e-7,-7.566173e-7,7.875176e-7,-73.897,7.633826e-7,0,0,0,0
738,1780759833580,13.340,0,2.286868e-7,-7.354356e-7,7.701709e-7,-72.727,7.629741e-7,0,0,0,0
739,1780759833631,13.326,0,2.422156e-7,-7.139680e-7,7.539355e-7,-71.260,7.624671e-7,0,0,0,0
740,1780759833682,13.218,0,2.573197e-7,-6.785277e-7,7.256813e-7,-69.232,7.621355e-7,0,0,0,0
741,1780759833732,11.650,0,2.797226e-7,-6.595291e-7,7.163961e-7,-67.017,7.617516e-7,0,0,0,0
742,1780759833781,13.341,0,3.004492e-7,-6.357918e-7,7.032076e-7,-64.706,7.615483e-7,0,0,0,0
743,1780759833832,13.352,0,3.239070e-7,-6.239056e-7,7.029751e-7,-62.563,7.613642e-7,0,0,0,0
744,1780759833881,12.177,0,3.417696e-7,-6.066732e-7,6.963180e-7,-60.605,7.612853e-7,0,0,0,0
745,1780759833931,13.362,0,3.556707e-7,-5.949865e-7,6.931887e-7,-59.130,7.612575e-7,0,0,0,0
746,1780759833982,13.318,0,3.721343e-7,-5.941744e-7,7.010900e-7,-57.941,7.612564e-7,0,0,0,0
747,1780759834032,11.979,0,3.806752e-7,-5.894021e-7,7.016470e-7,-57.143,7.613355e-7,0,0,0,0
748,1780759834081,13.133,0,3.902739e-7,-6.083508e-7,7.227755e-7,-57.319,7.614798e-7,0,0,0,0
749,1780759834130,12.303,0,3.952287e-7,-6.138605e-7,7.300893e-7,-57.225,7.616167e-7,0,0,0,0
750,1780759834180,13.250,0,4.034496e-7,-6.265164e-7,7.451807e-7,-57.220,7.617502e-7,0,0,0,0
751,1780759834231,13.226,0,4.116995e-7,-6.349453e-7,7.567378e-7,-57.041,7.618884e-7,0,0,0,0
752,1780759834280,12.279,0,4.180179e-7,-6.355675e-7,7.607135e-7,-56.667,7.619914e-7,0,0,0,0
753,1780759834330,14.026,0,4.224198e-7,-6.560199e-7,7.802568e-7,-57.222,7.621025e-7,0,0,0,0
754,1780759834380,11.711,0,4.205816e-7,-6.657729e-7,7.874913e-7,-57.719,7.621922e-7,0,0,0,0
755,1780759834429,13.506,0,4.231376e-7,-6.961316e-7,8.146439e-7,-58.707,7.622709e-7,0,0,0,0
756,1780759834480,13.264,0,4.205766e-7,-7.185895e-7,8.326197e-7,-59.660,7.624137e-7,0,0,0,0
757,1780759834531,13.415,0,4.157542e-7,-7.427118e-7,8.511594e-7,-60.761,7.625650e-7,0,0,0,0
758,1780759834582,13.165,0,4.073722e-7,-7.664037e-7,8.679439e-7,-62.008,7.627680e-7,0,0,0,0
759,1780759834633,13.665,0,3.927925e-7,-7.747842e-7,8.686636e-7,-63.116,7.629287e-7,0,0,0,0
760,1780759834684,13.271,0,3.811010e-7,-7.981830e-7,8.844966e-7,-64.477,7.631088e-7,0,0,0,0
761,1780759834735,13.777,0,3.674660e-7,-8.106156e-7,8.900162e-7,-65.614,7.632473e-7,0,0,0,0
762,1780759834786,13.734,0,3.610143e-7,-8.243647e-7,8.999491e-7,-66.350,7.633776e-7,0,0,0,0
763,1780759834837,13.553,0,3.534929e-7,-8.214208e-7,8.942535e-7,-66.716,7.635505e-7,0,0,0,0
764,1780759834888,13.269,0,3.398593e-7,-8.029999e-7,8.719594e-7,-67.060,7.638368e-7,0,0,0,0
765,1780759834937,12.148,1,3.398593e-7,-8.029999e-7,8.719594e-7,-67.060,7.638368e-7,0,0,0,0
766,1780759834986,11.705,0,3.340418e-7,-7.774027e-7,8.461317e-7,-66.747,7.639583e-7,0,0,0,0
767,1780759835035,13.301,0,3.389830e-7,-7.630992e-7,8.350029e-7,-66.048,7.640759e-7,0,0,0,0
768,1780759835084,12.112,0,3.423772e-7,-7.292482e-7,8.056209e-7,-64.850,7.642929e-7,0,0,0,0
769,1780759835133,14.615,0,3.521529e-7,-6.995371e-7,7.831754e-7,-63.279,7.645070e-7,0,0,0,0
770,1780759835182,13.754,0,3.619643e-7,-6.657663e-7,7.578014e-7,-61.468,7.648873e-7,0,0,0,0
771,1780759835231,12.890,0,3.683143e-7,-6.263242e-7,7.265930e-7,-59.542,7.652318e-7,0,0,0,0
772,1780759835281,13.267,0,3.825288e-7,-6.016795e-7,7.129842e-7,-57.553,7.656046e-7,0,0,0,0
773,1780759835330,12.707,0,3.932737e-7,-5.650016e-7,6.883974e-7,-55.160,7.661890e-7,0,0,0,0
774,1780759835380,13.304,0,4.094429e-7,-5.454324e-7,6.820117e-7,-53.105,7.666656e-7,0,0,0,0
775,1780759835431,13.418,0,4.221248e-7,-5.200230e-7,6.697860e-7,-50.932,7.673762e-7,0,0,0,0
776,1780759835482,13.240,0,4.396933e-7,-4.983726e-7,6.646092e-7,-48.579,7.679686e-7,0,0,0,0
777,1780759835532,11.704,0,4.580224e-7,-4.835578e-7,6.660426e-7,-46.553,7.688228e-7,0,0,0,0
778,1780759835581,13.736,0,4.722870e-7,-4.657625e-7,6.633172e-7,-44.601,7.695163e-7,0,0,0,0
779,1780759835632,13.301,0,4.871452e-7,-4.745195e-7,6.800582e-7,-44.248,7.702097e-7,0,0,0,0
780,1780759835683,13.292,0,4.986667e-7,-4.688454e-7,6.844593e-7,-43.235,7.711439e-7,0,0,0,0
781,1780759835733,11.953,0,5.126799e-7,-4.832796e-7,7.045565e-7,-43.309,7.718344e-7,0,0,0,0
782,1780759835782,13.280,0,5.218866e-7,-4.993691e-7,7.223123e-7,-43.737,7.727462e-7,0,0,0,0
783,1780759835832,11.875,0,5.288042e-7,-5.160775e-7,7.388977e-7,-44.302,7.734211e-7,0,0,0,0
784,1780759835881,13.171,0,5.416661e-7,-5.350646e-7,7.613779e-7,-44.649,7.740748e-7,0,0,0,0
785,1780759835930,12.476,0,5.413780e-7,-5.445437e-7,7.678659e-7,-45.167,7.749163e-7,0,0,0,0
786,1780759835980,13.457,0,5.408471e-7,-5.770480e-7,7.908856e-7,-46.855,7.754685e-7,0,0,0,0
787,1780759836031,13.294,0,5.298011e-7,-5.986459e-7,7.994161e-7,-48.491,7.760968e-7,0,0,0,0
788,1780759836082,13.296,0,5.233506e-7,-6.289905e-7,8.182450e-7,-50.238,7.764701e-7,0,0,0,0
789,1780759836132,14.177,0,5.211953e-7,-6.573262e-7,8.388815e-7,-51.589,7.767689e-7,0,0,0,0
790,1780759836183,11.658,0,5.242654e-7,-6.851074e-7,8.626856e-7,-52.576,7.771348e-7,0,0,0,0
791,1780759836232,13.320,0,5.273556e-7,-7.193436e-7,8.919412e-7,-53.755,7.773879e-7,0,0,0,0
792,1780759836283,13.680,0,5.191542e-7,-7.351488e-7,8.999805e-7,-54.771,7.777073e-7,0,0,0,0
793,1780759836332,12.916,0,5.117466e-7,-7.617391e-7,9.176769e-7,-56.106,7.778824e-7,0,0,0,0
794,1780759836382,13.278,0,4.962544e-7,-7.695705e-7,9.157004e-7,-57.184,7.780145e-7,0,0,0,0
795,1780759836433,13.650,0,4.808894e-7,-7.755769e-7,9.125646e-7,-58.199,7.780279e-7,0,0,0,0
796,1780759836482,12.522,0,4.641192e-7,-7.749044e-7,9.032626e-7,-59.081,7.779640e-7,0,0,0,0
797,1780759836532,13.296,0,4.426949e-7,-7.636307e-7,8.826725e-7,-59.898,7.777894e-7,0,0,0,0
798,1780759836582,14.513,0,4.286950e-7,-7.639753e-7,8.760352e-7,-60.702,7.775784e-7,0,0,0,0
799,1780759836633,11.586,0,4.085771e-7,-7.391978e-7,8.445997e-7,-61.069,7.772469e-7,0,0,0,0
800,1780759836682,13.398,0,3.946117e-7,-7.245449e-7,8.250356e-7,-61.426,7.769377e-7,0,0,0,0
801,1780759836732,14.335,0,3.804603e-7,-7.021130e-7,7.985692e-7,-61.548,7.765879e-7,0,0,0,0
802,1780759836783,14.553,0,3.648686e-7,-6.802355e-7,7.719128e-7,-61.792,7.761139e-7,0,0,0,0
803,1780759836833,12.607,0,3.504302e-7,-6.713659e-7,7.573199e-7,-62.437,7.757376e-7,0,0,0,0
804,1780759836883,13.739,0,3.316525e-7,-6.473192e-7,7.273346e-7,-62.872,7.752762e-7,0,0,0,0
805,1780759836932,13.020,0,3.270064e-7,-6.412328e-7,7.198005e-7,-62.980,7.749337e-7,0,0,0,0
806,1780759836980,12.519,0,3.223625e-7,-6.241562e-7,7.024874e-7,-62.685,7.745389e-7,0,0,0,0
807,1780759837028,12.317,0,3.260428e-7,-6.106624e-7,6.922518e-7,-61.902,7.743027e-7,0,0,0,0
808,1780759837078,13.390,0,3.279003e-7,-5.965351e-7,6.807149e-7,-61.204,7.741433e-7,0,0,0,0
809,1780759837126,13.071,0,3.259928e-7,-5.754054e-7,6.613340e-7,-60.467,7.740346e-7,0,0,0,0
810,1780759837176,11.604,0,3.359867e-7,-5.632656e-7,6.558622e-7,-59.184,7.739862e-7,0,0,0,0
811,1780759837225,14.029,0,3.416356e-7,-5.348300e-7,6.346322e-7,-57.431,7.740071e-7,0,0,0,0
812,1780759837275,14.594,0,3.602078e-7,-5.225167e-7,6.346443e-7,-55.419,7.740788e-7,0,0,0,0
813,1780759837325,13.087,0,3.769349e-7,-5.031407e-7,6.286736e-7,-53.161,7.742444e-7,0,0,0,0
814,1780759837375,13.216,0,3.986964e-7,-4.892738e-7,6.311479e-7,-50.824,7.746197e-7,0,0,0,0
815,1780759837425,12.047,0,4.211537e-7,-4.815409e-7,6.397281e-7,-48.827,7.749956e-7,0,0,0,0
816,1780759837474,13.482,0,4.369543e-7,-4.688215e-7,6.408765e-7,-47.015,7.756231e-7,0,0,0,0
817,1780759837525,13.365,0,4.625941e-7,-4.704983e-7,6.598197e-7,-45.485,7.761633e-7,0,0,0,0
818,1780759837576,13.343,0,4.873453e-7,-4.648749e-7,6.735088e-7,-43.648,7.767825e-7,0,0,0,0
819,1780759837627,13.228,0,5.171039e-7,-4.692050e-7,6.982476e-7,-42.220,7.777252e-7,0,0,0,0
820,1780759837678,13.447,0,5.383836e-7,-4.665270e-7,7.123933e-7,-40.910,7.785161e-7,0,0,0,0
821,1780759837729,13.226,0,5.554443e-7,-4.662905e-7,7.252208e-7,-40.013,7.796507e-7,0,0,0,0
822,1780759837780,13.314,0,5.710180e-7,-4.717393e-7,7.406750e-7,-39.561,7.805358e-7,0,0,0,0
823,1780759837831,13.901,0,5.769631e-7,-4.729556e-7,7.460385e-7,-39.343,7.817648e-7,0,0,0,0
824,1780759837880,12.149,0,5.893250e-7,-4.940692e-7,7.690308e-7,-39.975,7.826844e-7,0,0,0,0
825,1780759837930,13.309,0,5.908298e-7,-5.056934e-7,7.776925e-7,-40.560,7.835987e-7,0,0,0,0
826,1780759837980,14.325,0,5.994128e-7,-5.254265e-7,7.971002e-7,-41.237,7.847646e-7,0,0,0,0
827,1780759838032,14.048,0,5.962506e-7,-5.421458e-7,8.058764e-7,-42.279,7.855945e-7,0,0,0,0
828,1780759838082,14.605,0,5.871841e-7,-5.573702e-7,8.095967e-7,-43.508,7.866002e-7,0,0,0,0
829,1780759838132,12.213,0,5.880652e-7,-5.862440e-7,8.303630e-7,-44.911,7.872618e-7,0,0,0,0
830,1780759838182,13.278,0,5.817525e-7,-6.052102e-7,8.394733e-7,-46.132,7.878755e-7,0,0,0,0
831,1780759838232,14.086,0,5.878802e-7,-6.308446e-7,8.623039e-7,-47.019,7.885907e-7,0,0,0,0
832,1780759838283,14.563,0,5.847837e-7,-6.458695e-7,8.712746e-7,-47.842,7.890610e-7,0,0,0,0
833,1780759838332,13.824,0,5.802755e-7,-6.651713e-7,8.827075e-7,-48.900,7.895748e-7,0,0,0,0
834,1780759838383,13.590,0,5.739528e-7,-6.845264e-7,8.933075e-7,-50.021,7.898677e-7,0,0,0,0
835,1780759838433,14.602,0,5.607770e-7,-6.954639e-7,8.933873e-7,-51.120,7.901021e-7,0,0,0,0
836,1780759838484,11.829,0,5.557601e-7,-7.152160e-7,9.057611e-7,-52.151,7.903000e-7,0,0,0,0
837,1780759838532,14.167,0,5.540412e-7,-7.177813e-7,9.067368e-7,-52.336,7.904138e-7,0,0,0,0
838,1780759838582,12.686,0,5.554124e-7,-7.267879e-7,9.147151e-7,-52.613,7.905454e-7,0,0,0,0
839,1780759838631,14.393,0,5.482208e-7,-7.264298e-7,9.100804e-7,-52.959,7.906364e-7,0,0,0,0
840,1780759838680,13.211,0,5.395912e-7,-7.249122e-7,9.036905e-7,-53.338,7.907464e-7,0,0,0,0
841,1780759838731,13.291,0,5.335961e-7,-7.218589e-7,8.976665e-7,-53.528,7.908094e-7,0,0,0,0
842,1780759838780,12.384,0,5.160348e-7,-7.083347e-7,8.763732e-7,-53.926,7.908698e-7,0,0,0,0
843,1780759838830,13.350,0,5.065193e-7,-7.104299e-7,8.725093e-7,-54.512,7.909008e-7,0,0,0,0
844,1780759838881,13.292,0,4.882111e-7,-6.960294e-7,8.501805e-7,-54.953,7.909122e-7,0,0,0,0
845,1780759838932,13.272,0,4.805318e-7,-6.875787e-7,8.388535e-7,-55.051,7.909263e-7,0,0,0,0
846,1780759838983,13.283,0,4.784210e-7,-6.721633e-7,8.250395e-7,-54.558,7.909589e-7,0,0,0,0
847,1780759839032,13.003,0,4.787908e-7,-6.540006e-7,8.105291e-7,-53.792,7.910488e-7,0,0,0,0
848,1780759839081,11.953,0,4.821973e-7,-6.419199e-7,8.028545e-7,-53.087,7.912183e-7,0,0,0,0
849,1780759839130,13.343,0,4.757210e-7,-6.184193e-7,7.802262e-7,-52.431,7.913926e-7,0,0,0,0
850,1780759839181,13.207,0,4.753923e-7,-6.121043e-7,7.750287e-7,-52.165,7.916273e-7,0,0,0,0
851,1780759839231,14.141,0,4.689061e-7,-5.954330e-7,7.579006e-7,-51.779,7.918325e-7,0,0,0,0
852,1780759839282,14.503,0,4.677721e-7,-5.776465e-7,7.432942e-7,-51.000,7.920587e-7,0,0,0,0
853,1780759839332,12.387,0,4.698123e-7,-5.604131e-7,7.312909e-7,-50.026,7.923652e-7,0,0,0,0
854,1780759839382,13.330,0,4.675734e-7,-5.364186e-7,7.115966e-7,-48.923,7.926199e-7,0,0,0,0
855,1780759839433,13.673,0,4.768646e-7,-5.236197e-7,7.082213e-7,-47.676,7.929293e-7,0,0,0,0
856,1780759839483,14.603,0,4.797455e-7,-4.894431e-7,6.853541e-7,-45.573,7.931574e-7,0,0,0,0
857,1780759839533,12.619,0,4.963588e-7,-4.665038e-7,6.811739e-7,-43.224,7.934432e-7,0,0,0,0
858,1780759839582,14.186,0,5.114381e-7,-4.392420e-7,6.741680e-7,-40.657,7.936736e-7,0,0,0,0
859,1780759839633,11.719,0,5.274901e-7,-4.093160e-7,6.676716e-7,-37.810,7.939251e-7,0,0,0,0
860,1780759839682,13.205,0,5.477704e-7,-3.848254e-7,6.694348e-7,-35.089,7.942728e-7,0,0,0,0
861,1780759839733,13.301,0,5.573897e-7,-3.519133e-7,6.591860e-7,-32.267,7.945583e-7,0,0,0,0
862,1780759839783,14.562,0,5.797839e-7,-3.360009e-7,6.701089e-7,-30.093,7.949097e-7,0,0,0,0
863,1780759839833,12.670,0,5.909164e-7,-3.119400e-7,6.681981e-7,-27.829,7.951868e-7,0,0,0,0
864,1780759839883,13.657,0,6.054877e-7,-2.924907e-7,6.724330e-7,-25.784,7.954404e-7,0,0,0,0
865,1780759839934,13.165,0,6.270436e-7,-2.752459e-7,6.847949e-7,-23.699,7.957695e-7,0,0,0,0
866,1780759839983,12.581,0,6.455971e-7,-2.586508e-7,6.954825e-7,-21.833,7.960572e-7,0,0,0,0
867,1780759840033,13.581,0,6.724821e-7,-2.537529e-7,7.187647e-7,-20.673,7.964830e-7,0,0,0,0
868,1780759840084,13.532,0,6.862451e-7,-2.427780e-7,7.279241e-7,-19.483,7.968893e-7,0,0,0,0
869,1780759840132,13.182,0,7.021464e-7,-2.422825e-7,7.427720e-7,-19.037,7.973239e-7,0,0,0,0
870,1780759840183,13.248,0,7.056249e-7,-2.409597e-7,7.456327e-7,-18.854,7.979503e-7,0,0,0,0
871,1780759840234,13.254,0,7.163933e-7,-2.467779e-7,7.577062e-7,-19.007,7.984458e-7,0,0,0,0
872,1780759840284,11.859,0,7.265767e-7,-2.533769e-7,7.694891e-7,-19.225,7.991893e-7,0,0,0,0
873,1780759840333,13.325,0,7.339610e-7,-2.568128e-7,7.775935e-7,-19.285,7.998349e-7,0,0,0,0
874,1780759840384,13.369,0,7.410736e-7,-2.660290e-7,7.873763e-7,-19.747,8.007876e-7,0,0,0,0
875,1780759840435,13.180,0,7.258042e-7,-2.668141e-7,7.732927e-7,-20.184,8.015520e-7,0,0,0,0
876,1780759840486,13.326,0,7.271685e-7,-2.804615e-7,7.793796e-7,-21.091,8.023000e-7,0,0,0,0
877,1780759840537,13.465,0,7.222608e-7,-2.873432e-7,7.773203e-7,-21.695,8.033391e-7,0,0,0,0
878,1780759840586,12.358,0,7.181841e-7,-2.999267e-7,7.782959e-7,-22.666,8.041283e-7,0,0,0,0
879,1780759840636,13.255,0,7.112255e-7,-3.137969e-7,7.773739e-7,-23.807,8.051750e-7,0,0,0,0
880,1780759840686,11.857,0,6.992733e-7,-3.247816e-7,7.710164e-7,-24.913,8.059478e-7,0,0,0,0
881,1780759840735,13.273,0,6.981102e-7,-3.400617e-7,7.765306e-7,-25.972,8.066728e-7,0,0,0,0
882,1780759840786,13.344,0,6.847216e-7,-3.474167e-7,7.678164e-7,-26.903,8.075937e-7,0,0,0,0
883,1780759840837,13.247,0,6.859523e-7,-3.699337e-7,7.793469e-7,-28.338,8.081930e-7,0,0,0,0
884,1780759840888,13.371,0,6.698308e-7,-4.154104e-7,7.881872e-7,-31.806,8.093575e-7,0,0,0,0
885,1780759840938,11.764,1,6.698308e-7,-4.154104e-7,7.881872e-7,-31.806,8.093575e-7,0,0,0,0
886,1780759840987,13.587,0,6.718435e-7,-4.388697e-7,8.024839e-7,-33.154,8.097722e-7,0,0,0,0
887,1780759841037,14.459,0,6.845329e-7,-4.976719e-7,8.463230e-7,-36.018,8.106749e-7,0,0,0,0
888,1780759841088,11.790,1,6.845329e-7,-4.976719e-7,8.463230e-7,-36.018,8.106749e-7,0,0,0,0
889,1780759841137,13.201,0,6.875707e-7,-5.214901e-7,8.629632e-7,-37.179,8.111570e-7,0,0,0,0
890,1780759841186,12.512,0,6.955744e-7,-5.511836e-7,8.874836e-7,-38.394,8.114905e-7,0,0,0,0
891,1780759841236,13.844,0,6.936083e-7,-5.722320e-7,8.991896e-7,-39.523,8.119434e-7,0,0,0,0
892,1780759841287,13.827,0,6.898212e-7,-5.885117e-7,9.067521e-7,-40.469,8.122811e-7,0,0,0,0
893,1780759841337,14.446,0,6.701758e-7,-6.263960e-7,9.173372e-7,-43.066,8.130729e-7,0,0,0,0
894,1780759841388,14.528,0,6.679772e-7,-6.525175e-7,9.337947e-7,-44.329,8.134006e-7,0,0,0,0
895,1780759841439,14.494,0,6.584112e-7,-6.638122e-7,9.349609e-7,-45.234,8.138971e-7,0,0,0,0
896,1780759841490,14.542,0,6.497793e-7,-6.766752e-7,9.381378e-7,-46.162,8.142842e-7,0,0,0,0
897,1780759841540,12.737,0,6.406742e-7,-6.844117e-7,9.374875e-7,-46.890,8.146854e-7,0,0,0,0
898,1780759841589,11.947,1,6.406742e-7,-6.844117e-7,9.374875e-7,-46.890,8.146854e-7,0,0,0,0
899,1780759841637,14.441,0,6.343697e-7,-6.939651e-7,9.402194e-7,-47.569,8.156484e-7,0,0,0,0
900,1780759841687,12.895,1,6.343697e-7,-6.939651e-7,9.402194e-7,-47.569,8.156484e-7,0,0,0,0
901,1780759841736,14.094,0,6.245919e-7,-6.924115e-7,9.324960e-7,-47.948,8.162523e-7,0,0,0,0
902,1780759841786,12.909,0,6.252565e-7,-6.990968e-7,9.379136e-7,-48.191,8.166989e-7,0,0,0,0
903,1780759841834,12.530,0,6.191557e-7,-6.859781e-7,9.240777e-7,-47.931,8.171729e-7,0,0,0,0
904,1780759841883,14.489,0,6.181628e-7,-6.735372e-7,9.142087e-7,-47.455,8.177991e-7,0,0,0,0
905,1780759841932,13.597,0,6.174303e-7,-6.621167e-7,9.053280e-7,-47.000,8.182755e-7,0,0,0,0
906,1780759841982,11.647,0,6.062616e-7,-6.464943e-7,8.862889e-7,-46.839,8.189044e-7,0,0,0,0
907,1780759842031,13.187,0,6.044073e-7,-6.461250e-7,8.847518e-7,-46.911,8.193291e-7,0,0,0,0
908,1780759842081,14.457,0,5.892254e-7,-6.377254e-7,8.682628e-7,-47.264,8.198788e-7,0,0,0,0
909,1780759842132,14.562,0,5.856822e-7,-6.344417e-7,8.634465e-7,-47.288,8.202306e-7,0,0,0,0
910,1780759842183,14.559,0,5.761090e-7,-6.239876e-7,8.492715e-7,-47.285,8.205704e-7,0,0,0,0
911,1780759842233,12.603,0,5.695270e-7,-6.135807e-7,8.371632e-7,-47.132,8.209564e-7,0,0,0,0
912,1780759842283,13.326,0,5.610709e-7,-6.039939e-7,8.243841e-7,-47.110,8.211925e-7,0,0,0,0
913,1780759842332,12.606,0,5.367738e-7,-5.890518e-7,7.969367e-7,-47.659,8.214226e-7,0,0,0,0
914,1780759842382,13.290,0,5.303631e-7,-5.837525e-7,7.887027e-7,-47.744,8.215095e-7,0,0,0,0
915,1780759842431,12.242,0,5.149967e-7,-5.687703e-7,7.672817e-7,-47.841,8.215793e-7,0,0,0,0
916,1780759842480,14.115,0,5.127523e-7,-5.565100e-7,7.567155e-7,-47.343,8.216154e-7,0,0,0,0
917,1780759842531,14.426,0,5.074679e-7,-5.427035e-7,7.430012e-7,-46.922,8.216418e-7,0,0,0,0
918,1780759842582,11.869,0,5.011746e-7,-5.300130e-7,7.294448e-7,-46.602,8.216707e-7,0,0,0,0
919,1780759842630,14.237,0,5.070561e-7,-5.215055e-7,7.273746e-7,-45.805,8.216978e-7,0,0,0,0
920,1780759842681,14.419,0,5.008378e-7,-5.043144e-7,7.107541e-7,-45.198,8.217847e-7,0,0,0,0
921,1780759842730,13.875,0,5.090634e-7,-4.971147e-7,7.115255e-7,-44.320,8.218638e-7,0,0,0,0
922,1780759842779,12.384,0,5.171417e-7,-4.830736e-7,7.076691e-7,-43.049,8.219960e-7,0,0,0,0
923,1780759842829,13.365,0,5.277928e-7,-4.725579e-7,7.084322e-7,-41.840,8.222325e-7,0,0,0,0
924,1780759842878,12.356,0,5.342044e-7,-4.661090e-7,7.089654e-7,-41.106,8.224604e-7,0,0,0,0
925,1780759842927,14.375,0,5.310616e-7,-4.583895e-7,7.015321e-7,-40.799,8.228025e-7,0,0,0,0
926,1780759842978,14.489,0,5.362010e-7,-4.615266e-7,7.074732e-7,-40.720,8.230623e-7,0,0,0,0
927,1780759843029,14.535,0,5.300943e-7,-4.520414e-7,6.966645e-7,-40.456,8.233244e-7,0,0,0,0
928,1780759843080,11.740,0,5.385880e-7,-4.463028e-7,6.994736e-7,-39.647,8.236250e-7,0,0,0,0
929,1780759843129,13.749,0,5.365192e-7,-4.372368e-7,6.921191e-7,-39.178,8.238543e-7,0,0,0,0
930,1780759843180,13.295,0,5.359256e-7,-4.243853e-7,6.836074e-7,-38.375,8.240887e-7,0,0,0,0
931,1780759843231,13.365,0,5.402086e-7,-4.036839e-7,6.743782e-7,-36.770,8.242234e-7,0,0,0,0
932,1780759843280,12.491,0,5.363436e-7,-3.750553e-7,6.544699e-7,-34.964,8.243201e-7,0,0,0,0
933,1780759843330,13.299,0,5.482197e-7,-3.602196e-7,6.559748e-7,-33.308,8.243548e-7,0,0,0,0
934,1780759843381,13.294,0,5.462303e-7,-3.392163e-7,6.429893e-7,-31.841,8.243644e-7,0,0,0,0
935,1780759843432,13.260,0,5.564430e-7,-3.239152e-7,6.438555e-7,-30.204,8.242976e-7,0,0,0,0
936,1780759843482,13.964,0,5.646256e-7,-3.062341e-7,6.423250e-7,-28.474,8.242452e-7,0,0,0,0
937,1780759843533,14.543,0,5.703441e-7,-2.895207e-7,6.396208e-7,-26.913,8.241441e-7,0,0,0,0
938,1780759843584,14.548,0,5.751748e-7,-2.753802e-7,6.376992e-7,-25.584,8.240648e-7,0,0,0,0
939,1780759843635,14.487,0,5.668415e-7,-2.563635e-7,6.221186e-7,-24.336,8.239773e-7,0,0,0,0
940,1780759843686,14.434,0,5.727699e-7,-2.416180e-7,6.216467e-7,-22.872,8.238089e-7,0,0,0,0
941,1780759843737,14.439,0,5.878533e-7,-2.008338e-7,6.212130e-7,-18.862,8.235737e-7,0,0,0,0
942,1780759843787,12.427,1,5.878533e-7,-2.008338e-7,6.212130e-7,-18.862,8.235737e-7,0,0,0,0
943,1780759843836,14.324,0,5.951237e-7,-1.818491e-7,6.222872e-7,-16.991,8.235372e-7,0,0,0,0
944,1780759843885,13.859,0,6.002810e-7,-1.662371e-7,6.228740e-7,-15.479,8.235248e-7,0,0,0,0
945,1780759843936,13.230,0,6.054989e-7,-1.578176e-7,6.257279e-7,-14.609,8.235766e-7,0,0,0,0
946,1780759843987,13.887,0,5.943870e-7,-1.478458e-7,6.124984e-7,-13.968,8.236845e-7,0,0,0,0
947,1780759844038,13.214,0,5.841315e-7,-1.407380e-7,6.008467e-7,-13.546,8.240248e-7,0,0,0,0
948,1780759844089,13.401,0,5.822583e-7,-1.380969e-7,5.984108e-7,-13.343,8.241919e-7,0,0,0,0
949,1780759844138,12.227,1,5.822583e-7,-1.380969e-7,5.984108e-7,-13.343,8.241919e-7,0,0,0,0
950,1780759844187,14.440,0,5.584016e-7,-1.480268e-7,5.776888e-7,-14.847,8.246558e-7,0,0,0,0
951,1780759844238,14.623,0,5.554765e-7,-1.506417e-7,5.755406e-7,-15.173,8.249055e-7,0,0,0,0
952,1780759844289,14.493,0,5.484367e-7,-1.480955e-7,5.680801e-7,-15.111,8.251021e-7,0,0,0,0
953,1780759844340,11.612,0,5.628312e-7,-1.532692e-7,5.833270e-7,-15.233,8.253495e-7,0,0,0,0
954,1780759844389,13.420,0,5.655332e-7,-1.526934e-7,5.857842e-7,-15.110,8.255424e-7,0,0,0,0
955,1780759844439,14.484,0,5.735139e-7,-1.540062e-7,5.938317e-7,-15.031,8.257052e-7,0,0,0,0
956,1780759844489,12.533,0,5.797441e-7,-1.546807e-7,6.000245e-7,-14.939,8.259301e-7,0,0,0,0
957,1780759844537,12.389,1,5.797441e-7,-1.546807e-7,6.000245e-7,-14.939,8.259301e-7,0,0,0,0
958,1780759844586,14.607,0,5.872374e-7,-1.516858e-7,6.065117e-7,-14.483,8.260966e-7,0,0,0,0
959,1780759844637,14.587,0,5.920195e-7,-1.360133e-7,6.074428e-7,-12.939,8.264794e-7,0,0,0,0
960,1780759844685,14.100,1,5.920195e-7,-1.360133e-7,6.074428e-7,-12.939,8.264794e-7,0,0,0,0
961,1780759844736,14.602,0,6.017840e-7,-1.270960e-7,6.150588e-7,-11.926,8.266093e-7,0,0,0,0
962,1780759844787,14.455,0,6.020060e-7,-1.030210e-7,6.107573e-7,-9.711,8.269240e-7,0,0,0,0
963,1780759844837,12.425,1,6.020060e-7,-1.030210e-7,6.107573e-7,-9.711,8.269240e-7,0,0,0,0
964,1780759844887,13.446,0,6.070232e-7,-8.932476e-8,6.135601e-7,-8.371,8.270846e-7,0,0,0,0
965,1780759844936,12.767,0,6.064261e-7,-7.482362e-8,6.110247e-7,-7.034,8.271814e-7,0,0,0,0
966,1780759844986,13.754,0,6.104580e-7,-6.611250e-8,6.140275e-7,-6.181,8.272512e-7,0,0,0,0
967,1780759845037,13.317,0,5.998952e-7,-5.467615e-8,6.023817e-7,-5.208,8.273480e-7,0,0,0,0
968,1780759845087,14.099,0,6.056289e-7,-4.519690e-8,6.073130e-7,-4.268,8.275174e-7,0,0,0,0
969,1780759845137,12.933,1,6.056289e-7,-4.519690e-8,6.073130e-7,-4.268,8.275174e-7,0,0,0,0
970,1780759845187,13.450,0,6.066213e-7,-4.658061e-8,6.084070e-7,-4.391,8.276133e-7,0,0,0,0
971,1780759845236,12.162,0,6.055359e-7,-4.534695e-8,6.072315e-7,-4.283,8.277881e-7,0,0,0,0
972,1780759845285,14.166,0,5.943219e-7,-3.984810e-8,5.956563e-7,-3.836,8.279363e-7,0,0,0,0
973,1780759845336,11.719,0,6.017002e-7,-3.782898e-8,6.028881e-7,-3.597,8.280894e-7,0,0,0,0
974,1780759845385,13.306,0,5.937142e-7,-3.365318e-8,5.946672e-7,-3.244,8.283546e-7,0,0,0,0
975,1780759845436,13.249,0,5.956303e-7,-3.265952e-8,5.965250e-7,-3.138,8.285612e-7,0,0,0,0
976,1780759845487,13.692,0,5.880325e-7,-2.963975e-8,5.887790e-7,-2.886,8.288865e-7,0,0,0,0
977,1780759845537,14.412,0,5.739334e-7,-2.864764e-8,5.746479e-7,-2.858,8.293848e-7,0,0,0,0
978,1780759845587,12.410,1,5.739334e-7,-2.864764e-8,5.746479e-7,-2.858,8.293848e-7,0,0,0,0
979,1780759845636,14.184,0,5.562119e-7,-3.567650e-8,5.573549e-7,-3.670,8.297284e-7,0,0,0,0
980,1780759845687,14.178,0,5.362404e-7,-4.390065e-8,5.380345e-7,-4.680,8.302867e-7,0,0,0,0
981,1780759845738,14.521,0,5.365224e-7,-5.026369e-8,5.388717e-7,-5.352,8.304921e-7,0,0,0,0
982,1780759845789,11.968,1,5.365224e-7,-5.026369e-8,5.388717e-7,-5.352,8.304921e-7,0,0,0,0
983,1780759845837,14.136,0,5.313926e-7,-6.695414e-8,5.355940e-7,-7.181,8.310085e-7,0,0,0,0
984,1780759845888,14.512,0,5.314551e-7,-7.721816e-8,5.370356e-7,-8.267,8.312397e-7,0,0,0,0
985,1780759845939,14.489,0,5.226788e-7,-8.489038e-8,5.295276e-7,-9.225,8.315474e-7,0,0,0,0
986,1780759845990,14.572,0,5.303576e-7,-9.199500e-8,5.382772e-7,-9.841,8.317637e-7,0,0,0,0
987,1780759846040,12.741,0,5.212767e-7,-1.040341e-7,5.315567e-7,-11.287,8.320506e-7,0,0,0,0
988,1780759846088,12.612,1,5.212767e-7,-1.040341e-7,5.315567e-7,-11.287,8.320506e-7,0,0,0,0
989,1780759846137,11.722,0,5.234763e-7,-1.195316e-7,5.369499e-7,-12.863,8.322314e-7,0,0,0,0
990,1780759846185,14.231,0,5.195484e-7,-1.327700e-7,5.362447e-7,-14.335,8.324112e-7,0,0,0,0
991,1780759846236,14.524,0,5.214818e-7,-1.423023e-7,5.405490e-7,-15.263,8.326186e-7,0,0,0,0
992,1780759846286,12.290,0,5.216200e-7,-1.425126e-7,5.407377e-7,-15.281,8.327698e-7,0,0,0,0
993,1780759846336,13.347,0,5.176075e-7,-1.404117e-7,5.363142e-7,-15.177,8.329759e-7,0,0,0,0
994,1780759846385,12.700,0,5.286815e-7,-1.412042e-7,5.472137e-7,-14.954,8.331322e-7,0,0,0,0
995,1780759846434,14.241,0,5.257778e-7,-1.445337e-7,5.452819e-7,-15.371,8.333066e-7,0,0,0,0
996,1780759846485,14.583,0,5.359853e-7,-1.483590e-7,5.561391e-7,-15.472,8.335300e-7,0,0,0,0
997,1780759846536,14.583,0,5.396384e-7,-1.480839e-7,5.595877e-7,-15.345,8.337162e-7,0,0,0,0
998,1780759846586,12.408,0,5.509100e-7,-1.422631e-7,5.689821e-7,-14.479,8.339696e-7,0,0,0,0
999,1780759846636,13.210,0,5.657067e-7,-1.410549e-7,5.830271e-7,-14.001,8.341883e-7,0,0,0,0
1000,1780759846687,13.385,0,5.683808e-7,-1.394955e-7,5.852484e-7,-13.789,8.344344e-7,0,0,0,0
1001,1780759846737,14.412,0,5.901132e-7,-1.499228e-7,6.088600e-7,-14.255,8.350834e-7,0,0,0,0
1002,1780759846787,12.323,1,5.901132e-7,-1.499228e-7,6.088600e-7,-14.255,8.350834e-7,0,0,0,0
1003,1780759846837,13.251,0,6.013245e-7,-1.557630e-7,6.211709e-7,-14.522,8.355218e-7,0,0,0,0
1004,1780759846887,14.351,0,6.105897e-7,-1.769393e-7,6.357101e-7,-16.161,8.363989e-7,0,0,0,0
1005,1780759846937,12.386,1,6.105897e-7,-1.769393e-7,6.357101e-7,-16.161,8.363989e-7,0,0,0,0
1006,1780759846986,14.021,0,6.179023e-7,-1.875134e-7,6.457279e-7,-16.881,8.367946e-7,0,0,0,0
1007,1780759847037,14.367,0,6.431763e-7,-2.107403e-7,6.768214e-7,-18.142,8.377582e-7,0,0,0,0
1008,1780759847088,14.617,0,6.497217e-7,-2.212301e-7,6.863535e-7,-18.804,8.382064e-7,0,0,0,0
1009,1780759847139,14.406,0,6.618397e-7,-2.297636e-7,7.005877e-7,-19.145,8.388066e-7,0,0,0,0
1010,1780759847190,11.630,0,6.692323e-7,-2.314023e-7,7.081094e-7,-19.074,8.392766e-7,0,0,0,0
1011,1780759847239,13.249,0,6.744972e-7,-2.350149e-7,7.142678e-7,-19.210,8.397414e-7,0,0,0,0
1012,1780759847290,13.378,0,6.881844e-7,-2.393351e-7,7.286144e-7,-19.177,8.403458e-7,0,0,0,0
1013,1780759847341,13.296,0,6.865043e-7,-2.423791e-7,7.280355e-7,-19.446,8.407983e-7,0,0,0,0
1014,1780759847392,13.429,0,7.016465e-7,-2.486184e-7,7.443916e-7,-19.511,8.413643e-7,0,0,0,0
1015,1780759847442,14.401,0,7.036564e-7,-2.509017e-7,7.470501e-7,-19.625,8.417979e-7,0,0,0,0
1016,1780759847492,12.797,0,7.150026e-7,-2.456102e-7,7.560113e-7,-18.958,8.422169e-7,0,0,0,0
1017,1780759847541,14.450,0,7.261706e-7,-2.442582e-7,7.661500e-7,-18.591,8.428032e-7,0,0,0,0
1018,1780759847592,14.541,0,7.303140e-7,-2.467225e-7,7.708635e-7,-18.667,8.432596e-7,0,0,0,0
1019,1780759847643,14.459,0,7.436237e-7,-2.540670e-7,7.858284e-7,-18.863,8.438790e-7,0,0,0,0
1020,1780759847694,14.139,0,7.471305e-7,-2.623578e-7,7.918558e-7,-19.349,8.443755e-7,0,0,0,0
1021,1780759847745,14.112,0,7.689562e-7,-2.724241e-7,8.157871e-7,-19.508,8.450620e-7,0,0,0,0
1022,1780759847796,14.574,0,7.777575e-7,-2.829599e-7,8.276310e-7,-19.992,8.456321e-7,0,0,0,0
1023,1780759847846,12.119,0,7.869255e-7,-2.898899e-7,8.386226e-7,-20.223,8.462134e-7,0,0,0,0
1024,1780759847896,13.328,0,7.981123e-7,-2.918370e-7,8.497953e-7,-20.085,8.470386e-7,0,0,0,0
1025,1780759847946,11.756,0,7.938086e-7,-2.923040e-7,8.459159e-7,-20.215,8.476873e-7,0,0,0,0
1026,1780759847995,13.339,0,8.048714e-7,-2.892873e-7,8.552807e-7,-19.769,8.485616e-7,0,0,0,0
1027,1780759848046,13.415,0,8.011404e-7,-2.870007e-7,8.509967e-7,-19.710,8.492488e-7,0,0,0,0
1028,1780759848097,13.301,0,8.082607e-7,-2.812033e-7,8.557807e-7,-19.183,8.499339e-7,0,0,0,0
1029,1780759848146,12.158,0,8.095168e-7,-2.701203e-7,8.533946e-7,-18.453,8.508878e-7,0,0,0,0
1030,1780759848196,13.312,0,8.140948e-7,-2.599790e-7,8.545990e-7,-17.711,8.516124e-7,0,0,0,0
1031,1780759848245,12.657,0,8.190107e-7,-2.494969e-7,8.561701e-7,-16.942,8.526102e-7,0,0,0,0
1032,1780759848295,13.215,0,8.168260e-7,-2.383576e-7,8.508931e-7,-16.268,8.533668e-7,0,0,0,0
1033,1780759848346,13.309,0,8.299020e-7,-2.259716e-7,8.601166e-7,-15.232,8.541263e-7,0,0,0,0
1034,1780759848397,13.360,0,8.335534e-7,-2.154244e-7,8.609407e-7,-14.491,8.551713e-7,0,0,0,0
1035,1780759848448,13.142,0,8.596499e-7,-2.098388e-7,8.848900e-7,-13.718,8.559715e-7,0,0,0,0
1036,1780759848499,13.400,0,8.735999e-7,-2.006977e-7,8.963572e-7,-12.938,8.571193e-7,0,0,0,0
1037,1780759848550,13.272,0,8.862089e-7,-1.867508e-7,9.056722e-7,-11.900,8.580042e-7,0,0,0,0
1038,1780759848600,11.955,0,9.026229e-7,-1.701530e-7,9.185206e-7,-10.676,8.592350e-7,0,0,0,0
1039,1780759848648,14.005,0,9.089579e-7,-1.514928e-7,9.214959e-7,-9.462,8.601893e-7,0,0,0,0
1040,1780759848698,12.457,0,9.269198e-7,-1.277469e-7,9.356814e-7,-7.847,8.611611e-7,0,0,0,0
1041,1780759848747,14.121,0,9.267897e-7,-1.000365e-7,9.321730e-7,-6.161,8.625010e-7,0,0,0,0
1042,1780759848798,14.437,0,9.320666e-7,-7.190396e-8,9.348360e-7,-4.411,8.634931e-7,0,0,0,0
1043,1780759848849,14.544,0,9.277934e-7,-4.443556e-8,9.288569e-7,-2.742,8.648240e-7,0,0,0,0
1044,1780759848900,11.857,0,9.237779e-7,-2.735987e-8,9.241829e-7,-1.696,8.657941e-7,0,0,0,0
1045,1780759848948,14.375,0,9.230340e-7,-1.001254e-8,9.230883e-7,-0.621,8.667566e-7,0,0,0,0
1046,1780759848999,14.094,0,9.026342e-7,9.858040e-9,9.026880e-7,0.626,8.680075e-7,0,0,0,0
1047,1780759849048,13.714,0,8.932455e-7,3.302788e-8,8.938559e-7,2.118,8.688852e-7,0,0,0,0
1048,1780759849098,14.391,0,8.705023e-7,5.419210e-8,8.721875e-7,3.562,8.699960e-7,0,0,0,0
1049,1780759849149,11.930,0,8.497871e-7,7.720705e-8,8.532872e-7,5.191,8.707542e-7,0,0,0,0
1050,1780759849197,11.763,0,8.236311e-7,9.990176e-8,8.296677e-7,6.916,8.716958e-7,0,0,0,0
1051,1780759849246,13.851,0,7.890432e-7,1.196861e-7,7.980689e-7,8.625,8.723251e-7,0,0,0,0
1052,1780759849295,12.162,0,7.619851e-7,1.377203e-7,7.743308e-7,10.245,8.728916e-7,0,0,0,0
1053,1780759849345,13.198,0,7.256699e-7,1.491284e-7,7.408347e-7,11.613,8.735601e-7,0,0,0,0
1054,1780759849393,13.041,0,7.137615e-7,1.589505e-7,7.312460e-7,12.555,8.739989e-7,0,0,0,0
1055,1780759849444,13.268,0,6.856478e-7,1.704906e-7,7.065266e-7,13.964,8.745433e-7,0,0,0,0
1056,1780759849494,14.097,0,6.609347e-7,1.812588e-7,6.853389e-7,15.336,8.748952e-7,0,0,0,0
1057,1780759849544,12.774,0,6.425147e-7,1.947740e-7,6.713881e-7,16.864,8.752159e-7,0,0,0,0
1058,1780759849593,14.613,0,6.204765e-7,2.067696e-7,6.540219e-7,18.430,8.755981e-7,0,0,0,0
1059,1780759849641,14.240,0,6.072615e-7,2.205528e-7,6.460728e-7,19.961,8.758539e-7,0,0,0,0
1060,1780759849691,12.621,0,5.781917e-7,2.328714e-7,6.233255e-7,21.938,8.761576e-7,0,0,0,0
1061,1780759849739,12.040,0,5.626333e-7,2.421610e-7,6.125342e-7,23.287,8.763481e-7,0,0,0,0
1062,1780759849788,14.198,0,5.339486e-7,2.455541e-7,5.877056e-7,24.697,8.765165e-7,0,0,0,0
1063,1780759849839,14.428,0,5.216085e-7,2.400229e-7,5.741833e-7,24.710,8.766963e-7,0,0,0,0
1064,1780759849890,14.550,0,5.109638e-7,2.301862e-7,5.604192e-7,24.251,8.768192e-7,0,0,0,0
1065,1780759849941,14.511,0,4.936841e-7,2.131679e-7,5.377402e-7,23.354,8.769619e-7,0,0,0,0
1066,1780759849992,14.595,0,4.890076e-7,1.949832e-7,5.264474e-7,21.739,8.770588e-7,0,0,0,0
1067,1780759850043,11.878,0,4.708260e-7,1.758561e-7,5.025958e-7,20.481,8.771742e-7,0,0,0,0
1068,1780759850092,13.726,0,4.771160e-7,1.541751e-7,5.014077e-7,17.908,8.772488e-7,0,0,0,0
1069,1780759850141,12.591,0,4.774845e-7,1.267651e-7,4.940252e-7,14.868,8.773276e-7,0,0,0,0
1070,1780759850191,13.361,0,4.818658e-7,1.031569e-7,4.927839e-7,12.083,8.774302e-7,0,0,0,0
1071,1780759850241,14.242,0,4.920567e-7,8.058019e-8,4.986111e-7,9.300,8.775143e-7,0,0,0,0
1072,1780759850290,13.695,0,4.929165e-7,6.833265e-8,4.976304e-7,7.893,8.776329e-7,0,0,0,0
1073,1780759850341,13.283,0,5.089325e-7,6.456682e-8,5.130118e-7,7.230,8.777269e-7,0,0,0,0
1074,1780759850391,14.236,0,5.160720e-7,5.125615e-8,5.186112e-7,5.672,8.778295e-7,0,0,0,0
1075,1780759850441,12.160,0,5.438808e-7,3.399752e-8,5.449423e-7,3.577,8.779767e-7,0,0,0,0
1076,1780759850490,14.292,0,5.635255e-7,1.279096e-8,5.636707e-7,1.300,8.781122e-7,0,0,0,0
1077,1780759850541,14.490,0,5.829848e-7,-3.422724e-9,5.829949e-7,-0.336,8.783141e-7,0,0,0,0
1078,1780759850592,11.799,0,6.051461e-7,-1.459331e-8,6.053220e-7,-1.381,8.784892e-7,0,0,0,0
1079,1780759850641,13.232,0,6.209117e-7,-2.244055e-8,6.213171e-7,-2.070,8.786835e-7,0,0,0,0
1080,1780759850691,14.191,0,6.505533e-7,-2.248219e-8,6.509417e-7,-1.979,8.789731e-7,0,0,0,0
1081,1780759850740,13.194,0,6.649744e-7,-2.577963e-8,6.654739e-7,-2.220,8.792259e-7,0,0,0,0
1082,1780759850789,12.595,0,6.757294e-7,-2.491907e-8,6.761887e-7,-2.112,8.795824e-7,0,0,0,0
1083,1780759850837,12.364,1,6.757294e-7,-2.491907e-8,6.761887e-7,-2.112,8.795824e-7,0,0,0,0
1084,1780759850887,13.251,0,6.830984e-7,-1.928453e-8,6.833706e-7,-1.617,8.798655e-7,0,0,0,0
1085,1780759850937,14.358,0,7.006468e-7,1.575617e-8,7.008240e-7,1.288,8.805535e-7,0,0,0,0
1086,1780759850986,13.355,1,7.006468e-7,1.575617e-8,7.008240e-7,1.288,8.805535e-7,0,0,0,0
1087,1780759851037,13.278,0,6.934369e-7,4.408129e-8,6.948366e-7,3.637,8.808597e-7,0,0,0,0
1088,1780759851086,12.398,0,6.996849e-7,7.632136e-8,7.038351e-7,6.225,8.812572e-7,0,0,0,0
1089,1780759851136,13.304,0,6.891489e-7,1.027705e-7,6.967697e-7,8.482,8.815540e-7,0,0,0,0
1090,1780759851187,13.391,0,6.826881e-7,1.279352e-7,6.945721e-7,10.614,8.819201e-7,0,0,0,0
1091,1780759851237,14.361,0,6.651667e-7,1.736517e-7,6.874603e-7,14.631,8.824300e-7,0,0,0,0
1092,1780759851287,12.466,1,6.651667e-7,1.736517e-7,6.874603e-7,14.631,8.824300e-7,0,0,0,0
1093,1780759851337,13.325,0,6.652128e-7,2.043836e-7,6.959028e-7,17.079,8.827426e-7,0,0,0,0
1094,1780759851386,12.685,0,6.474610e-7,2.282970e-7,6.865313e-7,19.423,8.829654e-7,0,0,0,0
1095,1780759851435,13.874,0,6.441119e-7,2.526221e-7,6.918801e-7,21.415,8.832304e-7,0,0,0,0
1096,1780759851486,11.838,0,6.254904e-7,2.742094e-7,6.829561e-7,23.672,8.834140e-7,0,0,0,0
1097,1780759851535,13.199,0,6.123161e-7,2.943070e-7,6.793730e-7,25.671,8.835744e-7,0,0,0,0
1098,1780759851586,13.296,0,5.942182e-7,3.075627e-7,6.690964e-7,27.366,8.837740e-7,0,0,0,0
1099,1780759851637,13.303,0,5.711568e-7,3.123223e-7,6.509725e-7,28.671,8.839030e-7,0,0,0,0
1100,1780759851687,11.734,0,5.592559e-7,3.140460e-7,6.413985e-7,29.316,8.840524e-7,0,0,0,0
1101,1780759851736,13.234,0,5.366832e-7,3.073949e-7,6.184824e-7,29.803,8.841503e-7,0,0,0,0
1102,1780759851786,14.227,0,5.412961e-7,3.079051e-7,6.227415e-7,29.632,8.842615e-7,0,0,0,0
1103,1780759851837,14.392,0,5.454906e-7,2.805990e-7,6.134295e-7,27.221,8.844263e-7,0,0,0,0
1104,1780759851887,12.402,1,5.454906e-7,2.805990e-7,6.134295e-7,27.221,8.844263e-7,0,0,0,0
1105,1780759851936,11.798,0,5.591752e-7,2.571417e-7,6.154662e-7,24.696,8.845390e-7,0,0,0,0
1106,1780759851985,13.233,0,5.657869e-7,2.249074e-7,6.088499e-7,21.678,8.846319e-7,0,0,0,0
1107,1780759852034,12.075,0,5.861570e-7,2.015497e-7,6.198405e-7,18.975,8.847677e-7,0,0,0,0
1108,1780759852083,13.999,0,5.955031e-7,1.763611e-7,6.210694e-7,16.497,8.848845e-7,0,0,0,0
1109,1780759852133,12.634,0,6.177268e-7,1.600264e-7,6.381182e-7,14.524,8.850090e-7,0,0,0,0
1110,1780759852182,14.431,0,6.374278e-7,1.434047e-7,6.533598e-7,12.679,8.852041e-7,0,0,0,0
1111,1780759852230,13.990,0,6.547682e-7,1.209774e-7,6.658506e-7,10.468,8.853696e-7,0,0,0,0
1112,1780759852282,13.549,0,6.740863e-7,1.023315e-7,6.818094e-7,8.632,8.856192e-7,0,0,0,0
1113,1780759852333,13.539,0,6.847333e-7,8.611595e-8,6.901272e-7,7.168,8.858256e-7,0,0,0,0
1114,1780759852381,12.908,0,7.063447e-7,8.174354e-8,7.110590e-7,6.601,8.860455e-7,0,0,0,0
1115,1780759852432,13.445,0,7.126065e-7,8.278548e-8,7.173991e-7,6.627,8.863674e-7,0,0,0,0
1116,1780759852483,13.299,0,7.263451e-7,9.735618e-8,7.328407e-7,7.634,8.866148e-7,0,0,0,0
1117,1780759852534,13.230,0,7.306467e-7,1.151713e-7,7.396682e-7,8.958,8.869664e-7,0,0,0,0
1118,1780759852585,13.230,0,7.278353e-7,1.360481e-7,7.404413e-7,10.588,8.872268e-7,0,0,0,0
1119,1780759852636,13.197,0,7.259174e-7,1.633645e-7,7.440726e-7,12.683,8.875684e-7,0,0,0,0
1120,1780759852686,11.794,0,7.138852e-7,1.926864e-7,7.394323e-7,15.105,8.878103e-7,0,0,0,0
1121,1780759852735,13.239,0,7.192328e-7,2.310406e-7,7.554308e-7,17.809,8.880383e-7,0,0,0,0
1122,1780759852786,13.814,0,7.061935e-7,2.585349e-7,7.520303e-7,20.108,8.883339e-7,0,0,0,0
1123,1780759852836,14.058,0,6.944688e-7,2.905534e-7,7.528002e-7,22.704,8.885249e-7,0,0,0,0
1124,1780759852887,14.404,0,6.448986e-7,3.482829e-7,7.329360e-7,28.372,8.888567e-7,0,0,0,0
1125,1780759852937,12.553,1,6.448986e-7,3.482829e-7,7.329360e-7,28.372,8.888567e-7,0,0,0,0
1126,1780759852986,14.281,0,6.218380e-7,3.778825e-7,7.276522e-7,31.286,8.889317e-7,0,0,0,0
1127,1780759853037,14.356,0,5.644107e-7,4.238941e-7,7.058651e-7,36.908,8.889515e-7,0,0,0,0
1128,1780759853087,12.300,1,5.644107e-7,4.238941e-7,7.058651e-7,36.908,8.889515e-7,0,0,0,0
1129,1780759853137,13.312,0,5.317815e-7,4.362371e-7,6.878186e-7,39.363,8.888907e-7,0,0,0,0
1130,1780759853186,12.384,0,5.104118e-7,4.539816e-7,6.830955e-7,41.651,8.888114e-7,0,0,0,0
1131,1780759853236,13.276,0,4.884707e-7,4.671989e-7,6.759278e-7,43.725,8.887220e-7,0,0,0,0
1132,1780759853287,13.824,0,4.666144e-7,4.665721e-7,6.598625e-7,44.997,8.885812e-7,0,0,0,0
1133,1780759853337,14.426,0,4.444434e-7,4.529390e-7,6.345736e-7,45.542,8.883230e-7,0,0,0,0
1134,1780759853388,14.418,0,4.505589e-7,4.389396e-7,6.290241e-7,44.252,8.882138e-7,0,0,0,0
1135,1780759853439,14.469,0,4.554075e-7,4.157225e-7,6.166207e-7,42.392,8.880854e-7,0,0,0,0
1136,1780759853488,12.965,0,4.651429e-7,3.912039e-7,6.077816e-7,40.065,8.879950e-7,0,0,0,0
1137,1780759853539,13.308,0,4.778768e-7,3.647620e-7,6.011802e-7,37.354,8.879194e-7,0,0,0,0
1138,1780759853590,13.261,0,4.856069e-7,3.325608e-7,5.885667e-7,34.405,8.878320e-7,0,0,0,0
1139,1780759853641,13.369,0,5.070976e-7,3.175785e-7,5.983344e-7,32.058,8.877820e-7,0,0,0,0
1140,1780759853691,14.241,0,5.114751e-7,2.951814e-7,5.905412e-7,29.990,8.877361e-7,0,0,0,0
1141,1780759853742,14.022,0,5.282757e-7,2.809864e-7,5.983549e-7,28.008,8.877094e-7,0,0,0,0
1142,1780759853791,13.214,0,5.392024e-7,2.671459e-7,6.017526e-7,26.356,8.876956e-7,0,0,0,0
1143,1780759853841,14.475,0,5.514480e-7,2.584054e-7,6.089895e-7,25.108,8.876841e-7,0,0,0,0
1144,1780759853890,13.349,0,5.672393e-7,2.599071e-7,6.239488e-7,24.617,8.876879e-7,0,0,0,0
1145,1780759853941,13.232,0,5.668596e-7,2.609458e-7,6.240373e-7,24.718,8.877022e-7,0,0,0,0
1146,1780759853991,14.609,0,5.825229e-7,2.755948e-7,6.444264e-7,25.319,8.877167e-7,0,0,0,0
1147,1780759854041,12.211,0,5.839713e-7,2.887985e-7,6.514807e-7,26.314,8.877409e-7,0,0,0,0
1148,1780759854090,14.155,0,6.001634e-7,3.098388e-7,6.754229e-7,27.305,8.877710e-7,0,0,0,0
1149,1780759854141,14.615,0,6.050210e-7,3.303841e-7,6.893505e-7,28.638,8.878039e-7,0,0,0,0
1150,1780759854191,12.105,0,5.969781e-7,3.480617e-7,6.910353e-7,30.244,8.878372e-7,0,0,0,0
1151,1780759854241,13.274,0,5.915621e-7,3.714296e-7,6.985024e-7,32.124,8.878509e-7,0,0,0,0
1152,1780759854291,11.853,0,5.692326e-7,3.898877e-7,6.899552e-7,34.409,8.878411e-7,0,0,0,0
1153,1780759854340,13.276,0,5.576541e-7,4.162419e-7,6.958703e-7,36.738,8.877987e-7,0,0,0,0
1154,1780759854391,13.320,0,5.335681e-7,4.370132e-7,6.896923e-7,39.319,8.877297e-7,0,0,0,0
1155,1780759854442,13.640,0,5.090697e-7,4.598352e-7,6.860032e-7,42.091,8.875773e-7,0,0,0,0
1156,1780759854493,13.285,0,4.877697e-7,4.825500e-7,6.861296e-7,44.692,8.874241e-7,0,0,0,0
1157,1780759854543,11.809,0,4.582855e-7,5.008459e-7,6.788758e-7,47.541,8.871609e-7,0,0,0,0
1158,1780759854591,14.215,0,4.409136e-7,5.327775e-7,6.915610e-7,50.390,8.869314e-7,0,0,0,0
1159,1780759854641,12.202,0,4.099232e-7,5.450047e-7,6.819583e-7,53.051,8.866830e-7,0,0,0,0
1160,1780759854690,14.000,0,3.942669e-7,5.532714e-7,6.793789e-7,54.526,8.863241e-7,0,0,0,0
1161,1780759854741,14.540,0,3.816233e-7,5.486936e-7,6.683569e-7,55.181,8.860417e-7,0,0,0,0
1162,1780759854789,14.130,0,3.750574e-7,5.343961e-7,6.528761e-7,54.938,8.856391e-7,0,0,0,0
1163,1780759854840,14.506,0,3.785967e-7,5.160512e-7,6.400346e-7,53.735,8.853295e-7,0,0,0,0
1164,1780759854890,12.650,0,3.796658e-7,4.850019e-7,6.159326e-7,51.946,8.849023e-7,0,0,0,0
1165,1780759854939,14.495,0,3.993671e-7,4.599450e-7,6.091334e-7,49.032,8.845788e-7,0,0,0,0
1166,1780759854988,13.537,0,4.095706e-7,4.234176e-7,5.890930e-7,45.952,8.842613e-7,0,0,0,0
1167,1780759855037,12.852,1,4.095706e-7,4.234176e-7,5.890930e-7,45.952,8.842613e-7,0,0,0,0
1168,1780759855086,14.308,0,4.294901e-7,3.833363e-7,5.756809e-7,41.750,8.838462e-7,0,0,0,0
1169,1780759855137,14.323,0,4.645996e-7,3.245738e-7,5.667459e-7,34.939,8.832076e-7,0,0,0,0
1170,1780759855187,12.396,1,4.645996e-7,3.245738e-7,5.667459e-7,34.939,8.832076e-7,0,0,0,0
1171,1780759855236,14.366,0,4.923372e-7,3.098437e-7,5.817207e-7,32.184,8.829714e-7,0,0,0,0
1172,1780759855287,14.597,0,5.225255e-7,3.000007e-7,6.025225e-7,29.862,8.824744e-7,0,0,0,0
1173,1780759855337,12.149,1,5.225255e-7,3.000007e-7,6.025225e-7,29.862,8.824744e-7,0,0,0,0
1174,1780759855387,13.741,0,5.285960e-7,3.023004e-7,6.089328e-7,29.765,8.822786e-7,0,0,0,0
1175,1780759855438,13.624,0,5.317318e-7,3.313277e-7,6.265116e-7,31.927,8.818327e-7,0,0,0,0
1176,1780759855489,13.214,0,5.148389e-7,3.524181e-7,6.239051e-7,34.392,8.816407e-7,0,0,0,0
1177,1780759855540,13.375,0,4.919924e-7,3.824817e-7,6.231763e-7,37.862,8.813771e-7,0,0,0,0
1178,1780759855591,13.747,0,4.558582e-7,4.088918e-7,6.123718e-7,41.891,8.811757e-7,0,0,0,0
1179,1780759855640,12.278,0,4.367248e-7,4.386971e-7,6.190184e-7,45.129,8.808998e-7,0,0,0,0
1180,1780759855690,13.307,0,4.086914e-7,4.643490e-7,6.185860e-7,48.648,8.806908e-7,0,0,0,0
1181,1780759855739,12.536,0,3.810924e-7,4.881354e-7,6.192799e-7,52.020,8.803750e-7,0,0,0,0
1182,1780759855787,12.376,1,3.810924e-7,4.881354e-7,6.192799e-7,52.020,8.803750e-7,0,0,0,0
1183,1780759855837,13.284,0,3.559058e-7,5.081928e-7,6.204264e-7,54.995,8.801052e-7,0,0,0,0
1184,1780759855885,13.138,0,3.214023e-7,5.173330e-7,6.090426e-7,58.149,8.798072e-7,0,0,0,0
1185,1780759855936,13.214,0,3.059516e-7,5.301070e-7,6.120620e-7,60.009,8.793864e-7,0,0,0,0
1186,1780759855987,13.424,0,2.798972e-7,5.287692e-7,5.982803e-7,62.106,8.790638e-7,0,0,0,0
1187,1780759856036,12.436,0,2.742991e-7,5.389330e-7,6.047221e-7,63.025,8.786208e-7,0,0,0,0
1188,1780759856086,13.319,0,2.722449e-7,5.418289e-7,6.063793e-7,63.323,8.782673e-7,0,0,0,0
1189,1780759856137,13.452,0,2.690987e-7,5.330309e-7,5.971064e-7,63.213,8.778945e-7,0,0,0,0
1190,1780759856187,14.528,0,2.750804e-7,4.922712e-7,5.639150e-7,60.804,8.769735e-7,0,0,0,0
1191,1780759856237,12.285,1,2.750804e-7,4.922712e-7,5.639150e-7,60.804,8.769735e-7,0,0,0,0
1192,1780759856287,13.315,0,2.940924e-7,4.679620e-7,5.527014e-7,57.853,8.764076e-7,0,0,0,0
1193,1780759856337,14.296,0,3.295401e-7,4.114454e-7,5.271470e-7,51.308,8.755499e-7,0,0,0,0
1194,1780759856387,12.608,1,3.295401e-7,4.114454e-7,5.271470e-7,51.308,8.755499e-7,0,0,0,0
1195,1780759856437,13.269,0,3.480763e-7,3.906407e-7,5.232182e-7,48.298,8.749900e-7,0,0,0,0
1196,1780759856487,11.629,0,3.699206e-7,3.669515e-7,5.210515e-7,44.769,8.745803e-7,0,0,0,0
1197,1780759856536,13.271,0,4.059170e-7,3.508390e-7,5.365227e-7,40.837,8.740616e-7,0,0,0,0
1198,1780759856587,13.418,0,4.246619e-7,3.331544e-7,5.397495e-7,38.115,8.736921e-7,0,0,0,0
1199,1780759856637,14.343,0,4.709912e-7,3.269680e-7,5.733592e-7,34.769,8.728879e-7,0,0,0,0
1200,1780759856687,11.886,1,4.709912e-7,3.269680e-7,5.733592e-7,34.769,8.728879e-7,0,0,0,0
1201,1780759856737,13.345,0,4.840949e-7,3.311380e-7,5.865153e-7,34.374,8.725737e-7,0,0,0,0
1202,1780759856787,11.846,0,4.913331e-7,3.461458e-7,6.010201e-7,35.165,8.721934e-7,0,0,0,0
1203,1780759856836,13.284,0,4.839806e-7,3.628119e-7,6.048717e-7,36.857,8.719313e-7,0,0,0,0
1204,1780759856885,12.374,0,4.804396e-7,3.916829e-7,6.198690e-7,39.189,8.716172e-7,0,0,0,0
1205,1780759856934,14.188,0,4.609480e-7,4.124545e-7,6.185400e-7,41.822,8.714113e-7,0,0,0,0
1206,1780759856982,14.078,0,4.459419e-7,4.301133e-7,6.195657e-7,43.965,8.712221e-7,0,0,0,0
1207,1780759857031,13.100,0,4.239095e-7,4.448745e-7,6.145019e-7,46.382,8.709965e-7,0,0,0,0
1208,1780759857082,13.254,0,4.009438e-7,4.624706e-7,6.120744e-7,49.076,8.708397e-7,0,0,0,0
1209,1780759857132,14.544,0,3.822304e-7,4.881607e-7,6.200008e-7,51.939,8.706442e-7,0,0,0,0
1210,1780759857182,11.953,0,3.546358e-7,5.046629e-7,6.168073e-7,54.904,8.705083e-7,0,0,0,0
1211,1780759857231,14.501,0,3.432503e-7,5.292933e-7,6.308504e-7,57.036,8.703911e-7,0,0,0,0
1212,1780759857282,14.462,0,3.221578e-7,5.397365e-7,6.285707e-7,59.168,8.702533e-7,0,0,0,0
1213,1780759857333,14.498,0,3.090874e-7,5.513118e-7,6.320441e-7,60.723,8.701583e-7,0,0,0,0
1214,1780759857384,14.557,0,2.972757e-7,5.529157e-7,6.277648e-7,61.735,8.700354e-7,0,0,0,0
1215,1780759857435,14.488,0,2.788799e-7,5.539386e-7,6.201790e-7,63.277,8.699382e-7,0,0,0,0
1216,1780759857486,14.438,0,2.740279e-7,5.552148e-7,6.191565e-7,63.731,8.698013e-7,0,0,0,0
1217,1780759857536,12.333,0,2.668884e-7,5.397247e-7,6.021064e-7,63.688,8.696832e-7,0,0,0,0
1218,1780759857586,13.197,0,2.792875e-7,5.293330e-7,5.984938e-7,62.183,8.695473e-7,0,0,0,0
1219,1780759857637,13.786,0,2.925330e-7,5.090130e-7,5.870858e-7,60.114,8.693201e-7,0,0,0,0
1220,1780759857687,14.286,0,3.308726e-7,4.663572e-7,5.718092e-7,54.645,8.687642e-7,0,0,0,0
1221,1780759857736,13.308,1,3.308726e-7,4.663572e-7,5.718092e-7,54.645,8.687642e-7,0,0,0,0
1222,1780759857787,13.338,0,3.468098e-7,4.408847e-7,5.609424e-7,51.811,8.684630e-7,0,0,0,0
1223,1780759857836,12.687,0,3.725393e-7,4.303400e-7,5.691907e-7,49.118,8.681249e-7,0,0,0,0
1224,1780759857884,12.096,0,3.907129e-7,4.139580e-7,5.692256e-7,46.655,8.676340e-7,0,0,0,0
1225,1780759857933,14.504,0,4.214327e-7,4.050542e-7,5.845292e-7,43.865,8.672407e-7,0,0,0,0
1226,1780759857984,14.554,0,4.436498e-7,3.979125e-7,5.959526e-7,41.889,8.666915e-7,0,0,0,0
1227,1780759858035,14.484,0,4.606222e-7,3.974319e-7,6.083789e-7,40.788,8.662566e-7,0,0,0,0
1228,1780759858085,12.015,0,4.710320e-7,4.070065e-7,6.225154e-7,40.829,8.658101e-7,0,0,0,0
1229,1780759858134,14.245,0,4.626233e-7,4.128141e-7,6.200289e-7,41.744,8.652145e-7,0,0,0,0
1230,1780759858185,14.501,0,4.655833e-7,4.402068e-7,6.407416e-7,43.395,8.647938e-7,0,0,0,0
1231,1780759858235,12.400,0,4.558830e-7,4.606686e-7,6.481087e-7,45.299,8.642797e-7,0,0,0,0
1232,1780759858284,13.974,0,4.461565e-7,4.918598e-7,6.640645e-7,47.789,8.639161e-7,0,0,0,0
1233,1780759858335,14.479,0,4.311964e-7,5.211875e-7,6.764368e-7,50.398,8.634618e-7,0,0,0,0
1234,1780759858386,14.551,0,4.049907e-7,5.425415e-7,6.770293e-7,53.260,8.631449e-7,0,0,0,0
1235,1780759858437,14.361,0,3.400319e-7,5.866850e-7,6.781011e-7,59.904,8.624923e-7,0,0,0,0
1236,1780759858487,12.469,1,3.400319e-7,5.866850e-7,6.781011e-7,59.904,8.624923e-7,0,0,0,0
1237,1780759858537,13.255,0,3.145493e-7,6.149165e-7,6.906979e-7,62.909,8.622517e-7,0,0,0,0
1238,1780759858586,12.371,0,2.774260e-7,6.302337e-7,6.885925e-7,66.241,8.619652e-7,0,0,0,0
1239,1780759858636,13.260,0,2.461944e-7,6.486386e-7,6.937894e-7,69.215,8.617936e-7,0,0,0,0
1240,1780759858687,13.449,0,2.160276e-7,6.649966e-7,6.992056e-7,72.003,8.616574e-7,0,0,0,0
1241,1780759858737,14.274,0,1.673359e-7,6.950646e-7,7.149239e-7,76.464,8.614437e-7,0,0,0,0
1242,1780759858787,12.386,1,1.673359e-7,6.950646e-7,7.149239e-7,76.464,8.614437e-7,0,0,0,0
1243,1780759858837,13.313,0,1.441770e-7,6.953531e-7,7.101429e-7,78.286,8.613584e-7,0,0,0,0
1244,1780759858887,14.577,0,1.119082e-7,6.837509e-7,6.928483e-7,80.705,8.612605e-7,0,0,0,0
1245,1780759858937,12.236,1,1.119082e-7,6.837509e-7,6.928483e-7,80.705,8.612605e-7,0,0,0,0
1246,1780759858985,12.094,0,1.010759e-7,6.735402e-7,6.810820e-7,81.465,8.611982e-7,0,0,0,0
1247,1780759859035,13.392,0,9.403014e-8,6.661776e-7,6.727810e-7,81.966,8.611327e-7,0,0,0,0
1248,1780759859085,14.490,0,8.387199e-8,6.551512e-7,6.604980e-7,82.705,8.610051e-7,0,0,0,0
1249,1780759859136,14.640,0,9.238097e-8,6.554080e-7,6.618866e-7,81.977,8.608748e-7,0,0,0,0
1250,1780759859186,12.585,0,9.910452e-8,6.448816e-7,6.524523e-7,81.263,8.606256e-7,0,0,0,0
1251,1780759859236,13.226,0,1.118809e-7,6.437594e-7,6.534091e-7,80.141,8.603878e-7,0,0,0,0
1252,1780759859287,13.679,0,1.228731e-7,6.334361e-7,6.452434e-7,79.022,8.601091e-7,0,0,0,0
1253,1780759859338,13.317,0,1.407187e-7,6.442125e-7,6.594024e-7,77.678,8.593328e-7,0,0,0,0
1254,1780759859387,12.640,1,1.407187e-7,6.442125e-7,6.594024e-7,77.678,8.593328e-7,0,0,0,0
1255,1780759859437,13.589,0,1.485849e-7,6.471760e-7,6.640137e-7,77.070,8.588038e-7,0,0,0,0
1256,1780759859486,11.971,0,1.660635e-7,6.658630e-7,6.862584e-7,75.996,8.583660e-7,0,0,0,0
1257,1780759859536,13.265,0,1.639371e-7,6.754690e-7,6.950782e-7,76.358,8.579048e-7,0,0,0,0
1258,1780759859587,13.333,0,1.663992e-7,6.954093e-7,7.150404e-7,76.543,8.572974e-7,0,0,0,0
1259,1780759859637,14.290,0,1.658092e-7,7.271726e-7,7.458369e-7,77.155,8.563016e-7,0,0,0,0
1260,1780759859687,12.269,1,1.658092e-7,7.271726e-7,7.458369e-7,77.155,8.563016e-7,0,0,0,0
1261,1780759859736,14.266,0,1.660533e-7,7.494472e-7,7.676228e-7,77.507,8.559075e-7,0,0,0,0
1262,1780759859785,13.345,0,1.528034e-7,7.593047e-7,7.745273e-7,78.622,8.555279e-7,0,0,0,0
1263,1780759859836,13.254,0,1.427724e-7,7.768147e-7,7.898260e-7,79.586,8.550696e-7,0,0,0,0
1264,1780759859885,11.968,0,1.249719e-7,7.835292e-7,7.934330e-7,80.938,8.547681e-7,0,0,0,0
1265,1780759859934,13.828,0,1.103276e-7,7.959473e-7,8.035573e-7,82.108,8.544314e-7,0,0,0,0
1266,1780759859986,13.388,0,9.143735e-8,8.040193e-7,8.092020e-7,83.512,8.542200e-7,0,0,0,0
1267,1780759860037,13.281,0,6.998321e-8,8.078992e-7,8.109247e-7,85.049,8.539998e-7,0,0,0,0
1268,1780759860087,11.666,0,5.438654e-8,8.187602e-7,8.205646e-7,86.200,8.538681e-7,0,0,0,0
1269,1780759860136,13.246,0,3.056052e-8,8.136425e-7,8.142162e-7,87.849,8.537629e-7,0,0,0,0
1270,1780759860187,13.340,0,1.739482e-8,8.150009e-7,8.151865e-7,88.777,8.536760e-7,0,0,0,0
1271,1780759860237,11.797,0,2.940370e-9,8.046736e-7,8.046790e-7,89.791,8.536389e-7,0,0,0,0
1272,1780759860286,13.318,0,-4.356678e-9,7.830874e-7,7.830995e-7,90.319,8.536142e-7,0,0,0,0
1273,1780759860337,13.386,0,-3.474560e-9,7.624785e-7,7.624865e-7,90.261,8.535829e-7,0,0,0,0
1274,1780759860387,14.273,0,2.933721e-9,7.240069e-7,7.240129e-7,89.768,8.534108e-7,0,0,0,0
1275,1780759860437,12.308,1,2.933721e-9,7.240069e-7,7.240129e-7,89.768,8.534108e-7,0,0,0,0
1276,1780759860487,13.354,0,1.085343e-8,7.022956e-7,7.023795e-7,89.115,8.532829e-7,0,0,0,0
1277,1780759860536,12.554,0,2.675907e-8,6.910750e-7,6.915929e-7,87.783,8.530714e-7,0,0,0,0
1278,1780759860586,13.296,0,4.049773e-8,6.741927e-7,6.754079e-7,86.562,8.528656e-7,0,0,0,0
1279,1780759860637,13.278,0,5.802853e-8,6.578262e-7,6.603807e-7,84.959,8.525197e-7,0,0,0,0
1280,1780759860686,12.132,0,8.319668e-8,6.481419e-7,6.534597e-7,82.685,8.521867e-7,0,0,0,0
1281,1780759860736,13.224,0,1.022499e-7,6.325889e-7,6.407994e-7,80.818,8.517888e-7,0,0,0,0
1282,1780759860786,13.967,0,1.305852e-7,6.420776e-7,6.552222e-7,78.504,8.511682e-7,0,0,0,0
1283,1780759860837,14.273,0,1.768278e-7,6.398021e-7,6.637882e-7,74.550,8.498353e-7,0,0,0,0
1284,1780759860885,13.871,1,1.768278e-7,6.398021e-7,6.637882e-7,74.550,8.498353e-7,0,0,0,0
1285,1780759860937,13.210,0,1.985899e-7,6.396431e-7,6.697621e-7,72.752,8.491619e-7,0,0,0,0
1286,1780759860986,12.118,0,2.134128e-7,6.369729e-7,6.717734e-7,71.477,8.484295e-7,0,0,0,0
1287,1780759861035,14.353,0,2.309537e-7,6.536655e-7,6.932663e-7,70.541,8.473828e-7,0,0,0,0
1288,1780759861086,14.520,0,2.341160e-7,6.647560e-7,7.047772e-7,70.599,8.465633e-7,0,0,0,0
1289,1780759861137,14.300,0,2.254869e-7,7.214936e-7,7.559083e-7,72.645,8.446379e-7,0,0,0,0
1290,1780759861186,13.286,1,2.254869e-7,7.214936e-7,7.559083e-7,72.645,8.446379e-7,0,0,0,0
1291,1780759861237,13.241,0,2.120269e-7,7.445444e-7,7.741458e-7,74.104,8.438433e-7,0,0,0,0
1292,1780759861287,14.367,0,1.689471e-7,7.904830e-7,8.083356e-7,77.936,8.421280e-7,0,0,0,0
1293,1780759861337,12.262,1,1.689471e-7,7.904830e-7,8.083356e-7,77.936,8.421280e-7,0,0,0,0
1294,1780759861387,13.233,0,1.490511e-7,8.207111e-7,8.341361e-7,79.707,8.412669e-7,0,0,0,0
1295,1780759861437,14.204,0,1.056214e-7,8.601961e-7,8.666563e-7,83.000,8.399550e-7,0,0,0,0
1296,1780759861488,11.755,1,1.056214e-7,8.601961e-7,8.666563e-7,83.000,8.399550e-7,0,0,0,0
1297,1780759861537,13.265,0,8.156679e-8,8.691093e-7,8.729284e-7,84.638,8.394645e-7,0,0,0,0
1298,1780759861586,12.015,0,6.145573e-8,8.773622e-7,8.795119e-7,85.993,8.390329e-7,0,0,0,0
1299,1780759861636,13.311,0,4.246291e-8,8.789635e-7,8.799886e-7,87.234,8.385382e-7,0,0,0,0
1300,1780759861686,14.307,0,2.451903e-8,8.662190e-7,8.665660e-7,88.379,8.382317e-7,0,0,0,0
1301,1780759861737,14.278,0,7.399937e-9,8.344571e-7,8.344899e-7,89.492,8.376327e-7,0,0,0,0
1302,1780759861787,12.338,1,7.399937e-9,8.344571e-7,8.344899e-7,89.492,8.376327e-7,0,0,0,0
1303,1780759861837,13.299,0,5.426252e-10,8.101182e-7,8.101184e-7,89.962,8.374147e-7,0,0,0,0
1304,1780759861887,14.521,0,-2.001754e-9,7.390590e-7,7.390617e-7,90.155,8.369206e-7,0,0,0,0
1305,1780759861937,12.306,1,-2.001754e-9,7.390590e-7,7.390617e-7,90.155,8.369206e-7,0,0,0,0
1306,1780759861986,14.292,0,2.545124e-9,7.086536e-7,7.086582e-7,89.794,8.366344e-7,0,0,0,0
1307,1780759862037,14.297,0,1.930227e-8,6.468721e-7,6.471600e-7,88.291,8.361499e-7,0,0,0,0
1308,1780759862087,12.373,1,1.930227e-8,6.468721e-7,6.471600e-7,88.291,8.361499e-7,0,0,0,0
1309,1780759862137,13.229,0,3.123274e-8,6.161761e-7,6.169672e-7,87.098,8.357325e-7,0,0,0,0
1310,1780759862188,13.361,0,7.570186e-8,5.654308e-7,5.704759e-7,82.374,8.347099e-7,0,0,0,0
1311,1780759862236,13.137,1,7.570186e-8,5.654308e-7,5.704759e-7,82.374,8.347099e-7,0,0,0,0
1312,1780759862286,14.623,0,9.290686e-8,5.430761e-7,5.509658e-7,80.292,8.341396e-7,0,0,0,0
1313,1780759862337,14.467,0,1.161189e-7,5.400969e-7,5.524385e-7,77.866,8.325500e-7,0,0,0,0
1314,1780759862387,12.368,1,1.161189e-7,5.400969e-7,5.524385e-7,77.866,8.325500e-7,0,0,0,0
1315,1780759862437,13.177,0,1.236078e-7,5.576087e-7,5.711447e-7,77.501,8.317707e-7,0,0,0,0
1316,1780759862487,11.711,0,1.272414e-7,5.727192e-7,5.866836e-7,77.474,8.306625e-7,0,0,0,0
1317,1780759862536,13.190,0,1.305544e-7,5.969112e-7,6.110216e-7,77.663,8.298091e-7,0,0,0,0
1318,1780759862587,13.336,0,1.279821e-7,6.272562e-7,6.401795e-7,78.468,8.286501e-7,0,0,0,0
1319,1780759862636,12.427,0,1.150890e-7,6.572731e-7,6.672731e-7,80.068,8.277929e-7,0,0,0,0
1320,1780759862686,13.281,0,1.041787e-7,7.051643e-7,7.128183e-7,81.596,8.269679e-7,0,0,0,0
1321,1780759862737,13.397,0,8.393319e-8,7.354532e-7,7.402271e-7,83.489,8.259276e-7,0,0,0,0
1322,1780759862787,14.333,0,3.549166e-8,8.055775e-7,8.063589e-7,87.477,8.243424e-7,0,0,0,0
1323,1780759862837,12.574,1,3.549166e-8,8.055775e-7,8.063589e-7,87.477,8.243424e-7,0,0,0,0
1324,1780759862886,14.362,0,9.684360e-9,8.328938e-7,8.329501e-7,89.334,8.237526e-7,0,0,0,0
1325,1780759862936,12.334,0,-1.286698e-8,8.590427e-7,8.591390e-7,90.858,8.232005e-7,0,0,0,0
1326,1780759862984,11.918,0,-3.619616e-8,8.682443e-7,8.689985e-7,92.387,8.225497e-7,0,0,0,0
1327,1780759863033,14.412,0,-5.391848e-8,8.897144e-7,8.913466e-7,93.468,8.221343e-7,0,0,0,0
1328,1780759863082,13.515,0,-7.686761e-8,8.897367e-7,8.930510e-7,94.938,8.216885e-7,0,0,0,0
1329,1780759863133,13.398,0,-1.005177e-7,8.909603e-7,8.966125e-7,96.437,8.214557e-7,0,0,0,0
1330,1780759863183,13.927,0,-1.218947e-7,8.872519e-7,8.955860e-7,97.823,8.212694e-7,0,0,0,0
1331,1780759863234,11.690,0,-1.414879e-7,8.837866e-7,8.950406e-7,99.095,8.212188e-7,0,0,0,0
1332,1780759863283,13.236,0,-1.498948e-7,8.824441e-7,8.950843e-7,99.640,8.212194e-7,0,0,0,0
1333,1780759863331,12.781,0,-1.513818e-7,8.665640e-7,8.796872e-7,99.909,8.212609e-7,0,0,0,0
1334,1780759863382,13.482,0,-1.390382e-7,8.608607e-7,8.720165e-7,99.175,8.213143e-7,0,0,0,0
1335,1780759863433,13.370,0,-1.293653e-7,8.348390e-7,8.448027e-7,98.808,8.213518e-7,0,0,0,0
1336,1780759863483,14.431,0,-1.182576e-7,8.156800e-7,8.242079e-7,98.249,8.213528e-7,0,0,0,0
1337,1780759863532,13.651,0,-1.085015e-7,7.939207e-7,8.013006e-7,97.782,8.213056e-7,0,0,0,0
1338,1780759863583,13.290,0,-9.254209e-8,7.731067e-7,7.786257e-7,96.826,8.211808e-7,0,0,0,0
1339,1780759863633,14.012,0,-7.484422e-8,7.634771e-7,7.671369e-7,95.599,8.210180e-7,0,0,0,0
1340,1780759863683,12.435,0,-6.070879e-8,7.377205e-7,7.402143e-7,94.704,8.207007e-7,0,0,0,0
1341,1780759863733,13.399,0,-4.152293e-8,7.280131e-7,7.291963e-7,93.264,8.203860e-7,0,0,0,0
1342,1780759863782,11.921,0,-2.680105e-8,7.091911e-7,7.096974e-7,92.164,8.199824e-7,0,0,0,0
1343,1780759863831,14.086,0,-1.134526e-8,6.985824e-7,6.986745e-7,90.930,8.193238e-7,0,0,0,0
1344,1780759863882,11.685,0,5.691913e-9,6.949009e-7,6.949242e-7,89.531,8.187273e-7,0,0,0,0
1345,1780759863931,13.247,0,2.095283e-8,6.891829e-7,6.895013e-7,88.259,8.178161e-7,0,0,0,0
1346,1780759863980,12.042,0,3.808337e-8,7.061429e-7,7.071691e-7,86.913,8.170574e-7,0,0,0,0
1347,1780759864030,13.803,0,4.464130e-8,7.096061e-7,7.110089e-7,86.400,8.159454e-7,0,0,0,0
1348,1780759864081,13.770,0,4.366989e-8,7.234767e-7,7.247935e-7,86.546,8.150771e-7,0,0,0,0
1349,1780759864132,13.257,0,3.658217e-8,7.356465e-7,7.365555e-7,87.153,8.141883e-7,0,0,0,0
1350,1780759864183,13.344,0,2.604323e-8,7.489881e-7,7.494408e-7,88.009,8.130033e-7,0,0,0,0
1351,1780759864233,14.359,0,1.223229e-8,7.737611e-7,7.738578e-7,89.094,8.121116e-7,0,0,0,0
1352,1780759864282,13.252,0,-6.539641e-9,7.888512e-7,7.888783e-7,90.475,8.109319e-7,0,0,0,0
1353,1780759864333,13.243,0,-2.056726e-8,8.246384e-7,8.248948e-7,91.429,8.100621e-7,0,0,0,0
1354,1780759864383,14.491,0,-4.212518e-8,8.440605e-7,8.451110e-7,92.857,8.092121e-7,0,0,0,0
1355,1780759864434,14.414,0,-6.453390e-8,8.682533e-7,8.706483e-7,94.251,8.081538e-7,0,0,0,0
1356,1780759864485,14.589,0,-8.833636e-8,8.844935e-7,8.888938e-7,95.703,8.074083e-7,0,0,0,0
1357,1780759864536,14.489,0,-1.089156e-7,9.071261e-7,9.136413e-7,96.847,8.065079e-7,0,0,0,0
1358,1780759864587,14.271,0,-1.566179e-7,9.446171e-7,9.575127e-7,99.414,8.053762e-7,0,0,0,0
1359,1780759864638,14.452,0,-1.751061e-7,9.631213e-7,9.789100e-7,100.304,8.048284e-7,0,0,0,0
1360,1780759864687,12.998,1,-1.751061e-7,9.631213e-7,9.789100e-7,100.304,8.048284e-7,0,0,0,0
1361,1780759864737,14.206,0,-2.145508e-7,9.645724e-7,9.881457e-7,102.540,8.042360e-7,0,0,0,0
1362,1780759864787,12.468,1,-2.145508e-7,9.645724e-7,9.881457e-7,102.540,8.042360e-7,0,0,0,0
1363,1780759864836,14.393,0,-2.326912e-7,9.553263e-7,9.832566e-7,103.689,8.041036e-7,0,0,0,0
1364,1780759864886,12.070,0,-2.481333e-7,9.317454e-7,9.642197e-7,104.912,8.040369e-7,0,0,0,0
1365,1780759864936,13.312,0,-2.522098e-7,9.117520e-7,9.459923e-7,105.463,8.040460e-7,0,0,0,0
1366,1780759864985,11.803,0,-2.524151e-7,8.733078e-7,9.090544e-7,106.121,8.040784e-7,0,0,0,0
1367,1780759865035,13.276,0,-2.521884e-7,8.504977e-7,8.870994e-7,106.516,8.041461e-7,0,0,0,0
1368,1780759865086,13.310,0,-2.482012e-7,8.132757e-7,8.503066e-7,106.972,8.041831e-7,0,0,0,0
1369,1780759865137,13.224,0,-2.437270e-7,7.810395e-7,8.181843e-7,107.331,8.042050e-7,0,0,0,0
1370,1780759865187,14.178,0,-2.217879e-7,7.232359e-7,7.564787e-7,107.049,8.040885e-7,0,0,0,0
1371,1780759865237,12.210,1,-2.217879e-7,7.232359e-7,7.564787e-7,107.049,8.040885e-7,0,0,0,0
1372,1780759865287,13.281,0,-2.019825e-7,7.140283e-7,7.420467e-7,105.795,8.038930e-7,0,0,0,0
1373,1780759865337,14.330,0,-1.726751e-7,6.886142e-7,7.099339e-7,104.077,8.032149e-7,0,0,0,0
1374,1780759865388,14.585,0,-1.634000e-7,6.839848e-7,7.032317e-7,103.436,8.028093e-7,0,0,0,0
1375,1780759865438,12.515,1,-1.634000e-7,6.839848e-7,7.032317e-7,103.436,8.028093e-7,0,0,0,0
1376,1780759865487,11.658,0,-1.430234e-7,6.789185e-7,6.938198e-7,101.896,8.023433e-7,0,0,0,0
1377,1780759865536,13.257,0,-1.271137e-7,6.917815e-7,7.033631e-7,100.412,8.015771e-7,0,0,0,0
1378,1780759865587,13.325,0,-1.209750e-7,6.964438e-7,7.068726e-7,99.854,8.009029e-7,0,0,0,0
1379,1780759865638,13.260,0,-1.230908e-7,7.380340e-7,7.482282e-7,99.469,7.991292e-7,0,0,0,0
1380,1780759865686,12.888,1,-1.230908e-7,7.380340e-7,7.482282e-7,99.469,7.991292e-7,0,0,0,0
1381,1780759865737,13.271,0,-1.296687e-7,7.579419e-7,7.689538e-7,99.708,7.980411e-7,0,0,0,0
1382,1780759865787,14.195,0,-1.509011e-7,7.960876e-7,8.102633e-7,100.733,7.963470e-7,0,0,0,0
1383,1780759865838,14.531,0,-1.643748e-7,8.250844e-7,8.412986e-7,101.267,7.952197e-7,0,0,0,0
1384,1780759865889,14.580,0,-1.821294e-7,8.426866e-7,8.621438e-7,102.196,7.943689e-7,0,0,0,0
1385,1780759865939,11.803,0,-2.045282e-7,8.769495e-7,9.004844e-7,103.128,7.933089e-7,0,0,0,0
1386,1780759865989,13.743,0,-2.272638e-7,8.985457e-7,9.268404e-7,104.194,7.925880e-7,0,0,0,0
1387,1780759866040,13.285,0,-2.501162e-7,9.202385e-7,9.536231e-7,105.205,7.919645e-7,0,0,0,0
1388,1780759866091,13.305,0,-2.721220e-7,9.383210e-7,9.769835e-7,106.173,7.912645e-7,0,0,0,0
1389,1780759866141,14.044,0,-2.929938e-7,9.381690e-7,9.828562e-7,107.344,7.908182e-7,0,0,0,0
1390,1780759866190,13.227,0,-3.127937e-7,9.478029e-7,9.980832e-7,108.264,7.902998e-7,0,0,0,0
1391,1780759866241,13.239,0,-3.301278e-7,9.349695e-7,9.915404e-7,109.448,7.899712e-7,0,0,0,0
1392,1780759866292,13.356,0,-3.403671e-7,9.281736e-7,9.886131e-7,110.138,7.896397e-7,0,0,0,0
1393,1780759866341,12.101,0,-3.449601e-7,9.137177e-7,9.766665e-7,110.683,7.894578e-7,0,0,0,0
1394,1780759866391,13.803,0,-3.350954e-7,8.940701e-7,9.548038e-7,110.546,7.893328e-7,0,0,0,0
1395,1780759866441,14.087,0,-3.250223e-7,8.770821e-7,9.353676e-7,110.333,7.891961e-7,0,0,0,0
1396,1780759866491,12.059,0,-3.168951e-7,8.493780e-7,9.065680e-7,110.460,7.891216e-7,0,0,0,0
1397,1780759866541,13.289,0,-3.037662e-7,8.372485e-7,8.906508e-7,109.942,7.890772e-7,0,0,0,0
1398,1780759866592,13.332,0,-2.874214e-7,8.091425e-7,8.586750e-7,109.556,7.890489e-7,0,0,0,0
1399,1780759866641,12.117,0,-2.714667e-7,7.924151e-7,8.376251e-7,108.911,7.890345e-7,0,0,0,0
1400,1780759866691,13.290,0,-2.574477e-7,7.707931e-7,8.126508e-7,108.470,7.890135e-7,0,0,0,0
1401,1780759866741,14.090,0,-2.431188e-7,7.463145e-7,7.849153e-7,108.043,7.890020e-7,0,0,0,0
1402,1780759866791,12.085,0,-2.279286e-7,7.403633e-7,7.746543e-7,107.112,7.889948e-7,0,0,0,0
1403,1780759866841,13.362,0,-2.111291e-7,7.131323e-7,7.437293e-7,106.492,7.889878e-7,0,0,0,0
1404,1780759866891,14.122,0,-1.938932e-7,7.023876e-7,7.286583e-7,105.432,7.889847e-7,0,0,0,0
1405,1780759866941,12.075,0,-1.808975e-7,6.901552e-7,7.134690e-7,104.687,7.889464e-7,0,0,0,0
1406,1780759866990,14.193,0,-1.730256e-7,6.886017e-7,7.100072e-7,104.105,7.888993e-7,0,0,0,0
1407,1780759867041,14.133,0,-1.717163e-7,6.967402e-7,7.175886e-7,103.845,7.888034e-7,0,0,0,0
1408,1780759867090,12.909,0,-1.743623e-7,7.033845e-7,7.246737e-7,103.922,7.887289e-7,0,0,0,0
1409,1780759867141,13.328,0,-1.830625e-7,7.320163e-7,7.545593e-7,104.041,7.886455e-7,0,0,0,0
1410,1780759867192,13.315,0,-1.947583e-7,7.485246e-7,7.734468e-7,104.584,7.885872e-7,0,0,0,0
1411,1780759867241,12.029,0,-2.052972e-7,7.804771e-7,8.070263e-7,104.737,7.885413e-7,0,0,0,0
1412,1780759867291,13.296,0,-2.172422e-7,8.062244e-7,8.349802e-7,105.081,7.884562e-7,0,0,0,0
1413,1780759867341,14.091,0,-2.362716e-7,8.207085e-7,8.540414e-7,106.060,7.883828e-7,0,0,0,0
1414,1780759867391,12.118,0,-2.550719e-7,8.404312e-7,8.782860e-7,106.883,7.882722e-7,0,0,0,0
1415,1780759867441,13.262,0,-2.723276e-7,8.473037e-7,8.899921e-7,107.818,7.881784e-7,0,0,0,0
1416,1780759867491,14.015,0,-2.876363e-7,8.709460e-7,9.172140e-7,108.276,7.880836e-7,0,0,0,0
1417,1780759867542,11.683,0,-2.991157e-7,8.851512e-7,9.343248e-7,108.671,7.879114e-7,0,0,0,0
1418,1780759867591,13.365,0,-3.154203e-7,9.028306e-7,9.563436e-7,109.258,7.877389e-7,0,0,0,0
1419,1780759867641,14.075,0,-3.293129e-7,9.064583e-7,9.644240e-7,109.966,7.874452e-7,0,0,0,0
1420,1780759867692,11.756,0,-3.384007e-7,9.018576e-7,9.632561e-7,110.567,7.871916e-7,0,0,0,0
1421,1780759867741,13.411,0,-3.442366e-7,9.012340e-7,9.647391e-7,110.905,7.869114e-7,0,0,0,0
1422,1780759867792,13.681,0,-3.368437e-7,8.820757e-7,9.442041e-7,110.901,7.864786e-7,0,0,0,0
1423,1780759867840,13.231,0,-3.264518e-7,8.781040e-7,9.368230e-7,110.394,7.860998e-7,0,0,0,0
1424,1780759867890,14.187,0,-3.121328e-7,8.590472e-7,9.139962e-7,109.968,7.854937e-7,0,0,0,0
1425,1780759867942,13.667,0,-3.021837e-7,8.438231e-7,8.962993e-7,109.703,7.849896e-7,0,0,0,0
1426,1780759867991,12.179,0,-2.930645e-7,8.232806e-7,8.738866e-7,109.594,7.842420e-7,0,0,0,0
1427,1780759868040,14.185,0,-2.839531e-7,7.979194e-7,8.469384e-7,109.589,7.836738e-7,0,0,0,0
1428,1780759868090,12.290,0,-2.776411e-7,7.832580e-7,8.310101e-7,109.518,7.831118e-7,0,0,0,0
1429,1780759868140,13.351,0,-2.700051e-7,7.540644e-7,8.009468e-7,109.701,7.823405e-7,0,0,0,0
1430,1780759868191,13.237,0,-2.622230e-7,7.406855e-7,7.857327e-7,109.495,7.817598e-7,0,0,0,0
1431,1780759868241,14.063,0,-2.571657e-7,7.237770e-7,7.681064e-7,109.561,7.809383e-7,0,0,0,0
1432,1780759868291,12.143,0,-2.669716e-7,7.149197e-7,7.631409e-7,110.477,7.803349e-7,0,0,0,0
1433,1780759868341,13.288,0,-2.797203e-7,7.128983e-7,7.658116e-7,111.424,7.797770e-7,0,0,0,0
1434,1780759868392,13.287,0,-2.893333e-7,7.031054e-7,7.603098e-7,112.368,7.791168e-7,0,0,0,0
1435,1780759868441,12.149,0,-2.988147e-7,7.189743e-7,7.785976e-7,112.568,7.786991e-7,0,0,0,0
1436,1780759868491,13.347,0,-3.024761e-7,7.265485e-7,7.869972e-7,112.603,7.781993e-7,0,0,0,0
1437,1780759868541,14.014,0,-3.082235e-7,7.434133e-7,8.047764e-7,112.519,7.778496e-7,0,0,0,0
1438,1780759868592,14.573,0,-3.135300e-7,7.585508e-7,8.207925e-7,112.457,7.775148e-7,0,0,0,0
1439,1780759868641,13.603,0,-3.188045e-7,7.700156e-7,8.334029e-7,112.491,7.771277e-7,0,0,0,0
1440,1780759868690,12.273,0,-3.275267e-7,7.929161e-7,8.578984e-7,112.444,7.768891e-7,0,0,0,0
1441,1780759868738,11.990,1,-3.275267e-7,7.929161e-7,8.578984e-7,112.444,7.768891e-7,0,0,0,0
1442,1780759868787,14.203,0,-3.329381e-7,8.063408e-7,8.723722e-7,112.436,7.765059e-7,0,0,0,0
1443,1780759868837,12.227,1,-3.329381e-7,8.063408e-7,8.723722e-7,112.436,7.765059e-7,0,0,0,0
1444,1780759868886,13.771,0,-3.401789e-7,8.128789e-7,8.811888e-7,112.709,7.764096e-7,0,0,0,0
1445,1780759868937,14.227,0,-3.724816e-7,8.313728e-7,9.110012e-7,114.134,7.764981e-7,0,0,0,0
1446,1780759868987,12.573,1,-3.724816e-7,8.313728e-7,9.110012e-7,114.134,7.764981e-7,0,0,0,0
1447,1780759869036,13.836,0,-3.895900e-7,8.314691e-7,9.182163e-7,115.106,7.766971e-7,0,0,0,0
1448,1780759869085,13.041,0,-4.056996e-7,8.498209e-7,9.416940e-7,115.520,7.769026e-7,0,0,0,0
1449,1780759869135,14.367,0,-4.186094e-7,8.474422e-7,9.451942e-7,116.288,7.772359e-7,0,0,0,0
1450,1780759869185,12.331,0,-4.345551e-7,8.485771e-7,9.533736e-7,117.117,7.775507e-7,0,0,0,0
1451,1780759869234,14.170,0,-4.443103e-7,8.385172e-7,9.489588e-7,117.918,7.779153e-7,0,0,0,0
1452,1780759869285,14.507,0,-4.503294e-7,8.304558e-7,9.446975e-7,118.470,7.784713e-7,0,0,0,0
1453,1780759869336,14.453,0,-4.491106e-7,8.201934e-7,9.351030e-7,118.704,7.789086e-7,0,0,0,0
1454,1780759869387,14.434,0,-4.210053e-7,7.782928e-7,8.848645e-7,118.410,7.798436e-7,0,0,0,0
1455,1780759869437,12.173,1,-4.210053e-7,7.782928e-7,8.848645e-7,118.410,7.798436e-7,0,0,0,0
1456,1780759869486,11.601,0,-3.988431e-7,7.465228e-7,8.463877e-7,118.114,7.801419e-7,0,0,0,0
1457,1780759869534,13.841,0,-3.811162e-7,7.231399e-7,8.174233e-7,117.791,7.804244e-7,0,0,0,0
1458,1780759869586,13.304,0,-3.636237e-7,7.017410e-7,7.903560e-7,117.392,7.805334e-7,0,0,0,0
1459,1780759869635,12.392,0,-3.456576e-7,6.826749e-7,7.651955e-7,116.854,7.805386e-7,0,0,0,0
1460,1780759869685,13.448,0,-3.324557e-7,6.822524e-7,7.589434e-7,115.980,7.804394e-7,0,0,0,0
1461,1780759869734,12.683,0,-3.091939e-7,6.724382e-7,7.401176e-7,114.693,7.801622e-7,0,0,0,0
1462,1780759869782,12.510,0,-2.922981e-7,6.823147e-7,7.422881e-7,113.190,7.798495e-7,0,0,0,0
1463,1780759869832,13.254,0,-2.817648e-7,6.880060e-7,7.434674e-7,112.271,7.794412e-7,0,0,0,0
1464,1780759869881,12.572,0,-2.787555e-7,6.996922e-7,7.531758e-7,111.722,7.788137e-7,0,0,0,0
1465,1780759869931,13.143,0,-2.775580e-7,7.146476e-7,7.666548e-7,111.225,7.782873e-7,0,0,0,0
1466,1780759869982,13.343,0,-2.791271e-7,7.185203e-7,7.708329e-7,111.230,7.774900e-7,0,0,0,0
1467,1780759870032,14.246,0,-2.828858e-7,7.405722e-7,7.927620e-7,110.906,7.768269e-7,0,0,0,0
1468,1780759870082,12.564,0,-2.846012e-7,7.477044e-7,8.000373e-7,110.838,7.760902e-7,0,0,0,0
1469,1780759870131,13.934,0,-2.939992e-7,7.631200e-7,8.177944e-7,111.070,7.750439e-7,0,0,0,0
1470,1780759870182,14.520,0,-3.072865e-7,7.761932e-7,8.348059e-7,111.598,7.742382e-7,0,0,0,0
1471,1780759870233,14.540,0,-3.157122e-7,7.933277e-7,8.538401e-7,111.701,7.731921e-7,0,0,0,0
1472,1780759870284,14.533,0,-3.309523e-7,8.158586e-7,8.804287e-7,112.080,7.723987e-7,0,0,0,0
1473,1780759870333,13.710,0,-3.460527e-7,8.239906e-7,8.937075e-7,112.781,7.716141e-7,0,0,0,0
1474,1780759870381,13.042,0,-3.687744e-7,8.493138e-7,9.259203e-7,113.471,7.705972e-7,0,0,0,0
1475,1780759870432,13.158,0,-3.891340e-7,8.584574e-7,9.425362e-7,114.385,7.698833e-7,0,0,0,0
1476,1780759870483,13.335,0,-4.104721e-7,8.668007e-7,9.590781e-7,115.340,7.690875e-7,0,0,0,0
1477,1780759870532,11.893,0,-4.298091e-7,8.705734e-7,9.708934e-7,116.276,7.685694e-7,0,0,0,0
1478,1780759870582,13.254,0,-4.452280e-7,8.623577e-7,9.705096e-7,117.307,7.679956e-7,0,0,0,0
1479,1780759870632,14.494,0,-4.592271e-7,8.581799e-7,9.733253e-7,118.152,7.676346e-7,0,0,0,0
1480,1780759870681,12.807,0,-4.698397e-7,8.424452e-7,9.646053e-7,119.149,7.673382e-7,0,0,0,0
1481,1780759870732,13.469,0,-4.815168e-7,8.352984e-7,9.641483e-7,119.962,7.670528e-7,0,0,0,0
1482,1780759870783,13.424,0,-4.854588e-7,8.146135e-7,9.482961e-7,120.792,7.668888e-7,0,0,0,0
1483,1780759870834,13.274,0,-4.844133e-7,7.931873e-7,9.294096e-7,121.413,7.667372e-7,0,0,0,0
1484,1780759870884,14.413,0,-4.785704e-7,7.709092e-7,9.073757e-7,121.831,7.666252e-7,0,0,0,0
1485,1780759870933,13.639,0,-4.667746e-7,7.383028e-7,8.734813e-7,122.302,7.665328e-7,0,0,0,0
1486,1780759870982,12.445,0,-4.578012e-7,7.282829e-7,8.602197e-7,122.154,7.663816e-7,0,0,0,0
1487,1780759871030,12.336,0,-4.437989e-7,7.082923e-7,8.358442e-7,122.070,7.662275e-7,0,0,0,0
1488,1780759871080,13.298,0,-4.322467e-7,6.975487e-7,8.206164e-7,121.785,7.659566e-7,0,0,0,0
1489,1780759871131,13.194,0,-4.221075e-7,6.870191e-7,8.063312e-7,121.567,7.656749e-7,0,0,0,0
1490,1780759871181,14.322,0,-4.165890e-7,6.689661e-7,7.880749e-7,121.912,7.653607e-7,0,0,0,0
1491,1780759871230,13.687,0,-4.152203e-7,6.759331e-7,7.932802e-7,121.562,7.648930e-7,0,0,0,0
1492,1780759871281,13.263,0,-4.076971e-7,6.759624e-7,7.893935e-7,121.096,7.645398e-7,0,0,0,0
1493,1780759871331,14.371,0,-4.112091e-7,6.971051e-7,8.093506e-7,120.536,7.640702e-7,0,0,0,0
1494,1780759871381,12.575,0,-4.095741e-7,7.117518e-7,8.211830e-7,119.918,7.637411e-7,0,0,0,0
1495,1780759871431,13.257,0,-4.108369e-7,7.265919e-7,8.346992e-7,119.485,7.633663e-7,0,0,0,0
1496,1780759871482,13.450,0,-4.163759e-7,7.458822e-7,8.542301e-7,119.172,7.631168e-7,0,0,0,0
1497,1780759871533,13.373,0,-4.187160e-7,7.546077e-7,8.629924e-7,119.025,7.629108e-7,0,0,0,0
1498,1780759871583,14.371,0,-4.326185e-7,7.802706e-7,8.921777e-7,119.006,7.627035e-7,0,0,0,0
1499,1780759871633,12.374,0,-4.418837e-7,8.031509e-7,9.166856e-7,118.819,7.626224e-7,0,0,0,0
1500,1780759871682,14.415,0,-4.600039e-7,8.328075e-7,9.514052e-7,118.914,7.625949e-7,0,0,0,0
1501,1780759871733,14.378,0,-4.766691e-7,8.496677e-7,9.742426e-7,119.293,7.626367e-7,0,0,0,0
1502,1780759871783,12.113,0,-4.923892e-7,8.576205e-7,9.889186e-7,119.862,7.627510e-7,0,0,0,0
1503,1780759871831,11.868,0,-5.103532e-7,8.696499e-7,1.008341e-6,120.407,7.629851e-7,0,0,0,0
1504,1780759871881,13.179,0,-5.243793e-7,8.592855e-7,1.006651e-6,121.394,7.632410e-7,0,0,0,0
1505,1780759871932,13.403,0,-5.475798e-7,8.521886e-7,1.012951e-6,122.723,7.636662e-7,0,0,0,0
1506,1780759871983,13.294,0,-5.633003e-7,8.297561e-7,1.002897e-6,124.172,7.640699e-7,0,0,0,0
1507,1780759872032,11.986,0,-5.761741e-7,8.089458e-7,9.931615e-7,125.460,7.647104e-7,0,0,0,0
1508,1780759872081,13.826,0,-5.849389e-7,7.918071e-7,9.844348e-7,126.455,7.652567e-7,0,0,0,0
1509,1780759872131,11.874,0,-5.817687e-7,7.693573e-7,9.645545e-7,127.096,7.658586e-7,0,0,0,0
1510,1780759872181,13.491,0,-5.770826e-7,7.583332e-7,9.529394e-7,127.271,7.666618e-7,0,0,0,0
1511,1780759872231,14.412,0,-5.605647e-7,7.325774e-7,9.224437e-7,127.423,7.672635e-7,0,0,0,0
1512,1780759872282,14.526,0,-5.422339e-7,7.193232e-7,9.008016e-7,127.009,7.679969e-7,0,0,0,0
1513,1780759872333,14.306,0,-5.182301e-7,7.019164e-7,8.724959e-7,126.439,7.685041e-7,0,0,0,0
1514,1780759872381,13.697,0,-4.937766e-7,6.822849e-7,8.422162e-7,125.894,7.689898e-7,0,0,0,0
1515,1780759872432,13.735,0,-4.717787e-7,6.754620e-7,8.239078e-7,124.933,7.695654e-7,0,0,0,0
1516,1780759872482,12.094,0,-4.401756e-7,6.573682e-7,7.911305e-7,123.806,7.699557e-7,0,0,0,0
1517,1780759872532,13.472,0,-4.163389e-7,6.611122e-7,7.812858e-7,122.201,7.703584e-7,0,0,0,0
1518,1780759872583,13.172,0,-3.843494e-7,6.538665e-7,7.584628e-7,120.447,7.705972e-7,0,0,0,0
1519,1780759872634,13.536,0,-3.652012e-7,6.548414e-7,7.497927e-7,119.148,7.707707e-7,0,0,0,0
1520,1780759872682,12.891,0,-3.514041e-7,6.582811e-7,7.462029e-7,118.094,7.709221e-7,0,0,0,0
1521,1780759872733,13.394,0,-3.406071e-7,6.622326e-7,7.446913e-7,117.218,7.710107e-7,0,0,0,0
1522,1780759872783,14.416,0,-3.418887e-7,6.742278e-7,7.559570e-7,116.889,7.710799e-7,0,0,0,0
1523,1780759872833,12.703,0,-3.441549e-7,6.812854e-7,7.632774e-7,116.801,7.711189e-7,0,0,0,0
1524,1780759872883,13.298,0,-3.600330e-7,7.097311e-7,7.958279e-7,116.898,7.711552e-7,0,0,0,0
1525,1780759872932,12.417,0,-3.738465e-7,7.294722e-7,8.196895e-7,117.135,7.712128e-7,0,0,0,0
1526,1780759872981,14.238,0,-3.921441e-7,7.493581e-7,8.457627e-7,117.623,7.713053e-7,0,0,0,0
1527,1780759873032,14.407,0,-4.139377e-7,7.656450e-7,8.703774e-7,118.397,7.714944e-7,0,0,0,0
1528,1780759873083,14.439,0,-4.352084e-7,7.633599e-7,8.787063e-7,119.688,7.717098e-7,0,0,0,0
1529,1780759873131,13.758,0,-4.688769e-7,7.714631e-7,9.027739e-7,121.290,7.720750e-7,0,0,0,0
1530,1780759873182,14.422,0,-4.970408e-7,7.655546e-7,9.127559e-7,122.994,7.724565e-7,0,0,0,0
1531,1780759873233,14.569,0,-5.281592e-7,7.619754e-7,9.271238e-7,124.728,7.729135e-7,0,0,0,0
1532,1780759873283,11.760,0,-5.516272e-7,7.484510e-7,9.297695e-7,126.391,7.736456e-7,0,0,0,0
1533,1780759873333,13.247,0,-5.737435e-7,7.336029e-7,9.313189e-7,128.029,7.742712e-7,0,0,0,0
1534,1780759873383,14.370,0,-5.963790e-7,7.169652e-7,9.325808e-7,129.754,7.751873e-7,0,0,0,0
1535,1780759873432,13.468,0,-6.009023e-7,6.856538e-7,9.117043e-7,131.231,7.759432e-7,0,0,0,0
1536,1780759873481,11.795,0,-6.078438e-7,6.703721e-7,9.049160e-7,132.199,7.766881e-7,0,0,0,0
1537,1780759873531,13.738,0,-6.064736e-7,6.515218e-7,8.901072e-7,132.949,7.776736e-7,0,0,0,0
1538,1780759873581,13.764,0,-6.060067e-7,6.342050e-7,8.771887e-7,133.698,7.783872e-7,0,0,0,0
1539,1780759873633,13.246,0,-5.991990e-7,6.134623e-7,8.575403e-7,134.326,7.793196e-7,0,0,0,0
1540,1780759873684,13.290,0,-5.827029e-7,5.869179e-7,8.270522e-7,134.794,7.799957e-7,0,0,0,0
1541,1780759873733,12.265,0,-5.676904e-7,5.733136e-7,8.068215e-7,134.718,7.808041e-7,0,0,0,0
1542,1780759873782,11.632,0,-5.476959e-7,5.515725e-7,7.773049e-7,134.798,7.813434e-7,0,0,0,0
1543,1780759873831,13.339,0,-5.377386e-7,5.432920e-7,7.644141e-7,134.706,7.817991e-7,0,0,0,0
1544,1780759873880,12.595,0,-5.227168e-7,5.332986e-7,7.467531e-7,134.426,7.823397e-7,0,0,0,0
1545,1780759873930,13.349,0,-5.112016e-7,5.286781e-7,7.354098e-7,134.037,7.826788e-7,0,0,0,0
1546,1780759873981,13.273,0,-5.031143e-7,5.379090e-7,7.365257e-7,133.086,7.830825e-7,0,0,0,0
1547,1780759874032,13.437,0,-4.880292e-7,5.500819e-7,7.353657e-7,131.579,7.833727e-7,0,0,0,0
1548,1780759874082,13.934,0,-4.862776e-7,5.825251e-7,7.588158e-7,129.854,7.836311e-7,0,0,0,0
1549,1780759874132,11.915,0,-4.811624e-7,6.031827e-7,7.715870e-7,128.580,7.840048e-7,0,0,0,0
1550,1780759874182,13.333,0,-4.843503e-7,6.312441e-7,7.956534e-7,127.499,7.842778e-7,0,0,0,0
1551,1780759874231,11.995,0,-4.890285e-7,6.509152e-7,8.141496e-7,126.917,7.847002e-7,0,0,0,0
1552,1780759874281,13.249,0,-4.940020e-7,6.676938e-7,8.305739e-7,126.496,7.850542e-7,0,0,0,0
1553,1780759874330,12.720,0,-5.064508e-7,6.879750e-7,8.542845e-7,126.359,7.854346e-7,0,0,0,0
1554,1780759874380,13.291,0,-5.147191e-7,6.957561e-7,8.654550e-7,126.494,7.860000e-7,0,0,0,0
1555,1780759874431,13.219,0,-5.363383e-7,7.184524e-7,8.965671e-7,126.742,7.864330e-7,0,0,0,0
1556,1780759874482,13.208,0,-5.428745e-7,7.251331e-7,9.058315e-7,126.821,7.870745e-7,0,0,0,0
1557,1780759874533,13.191,0,-5.586705e-7,7.335651e-7,9.220794e-7,127.292,7.875576e-7,0,0,0,0
1558,1780759874582,12.474,0,-5.769159e-7,7.362820e-7,9.353839e-7,128.081,7.882646e-7,0,0,0,0
1559,1780759874632,13.264,0,-5.924672e-7,7.240242e-7,9.355364e-7,129.293,7.888217e-7,0,0,0,0
1560,1780759874682,13.761,0,-6.176735e-7,7.130489e-7,9.433765e-7,130.901,7.894135e-7,0,0,0,0
1561,1780759874733,14.295,0,-6.253756e-7,6.873219e-7,9.292503e-7,132.298,7.903096e-7,0,0,0,0
1562,1780759874782,13.240,0,-6.386254e-7,6.747184e-7,9.290249e-7,133.426,7.909933e-7,0,0,0,0
1563,1780759874832,13.724,0,-6.366039e-7,6.531325e-7,9.120563e-7,134.266,7.919644e-7,0,0,0,0
1564,1780759874883,14.362,0,-6.329728e-7,6.347929e-7,8.964466e-7,134.918,7.926621e-7,0,0,0,0
1565,1780759874933,12.298,0,-6.354045e-7,6.165202e-7,8.853451e-7,135.864,7.933410e-7,0,0,0,0
1566,1780759874983,13.306,0,-6.361509e-7,5.862951e-7,8.651185e-7,137.335,7.942574e-7,0,0,0,0
1567,1780759875032,12.407,0,-6.425750e-7,5.689687e-7,8.582703e-7,138.477,7.949459e-7,0,0,0,0
1568,1780759875082,13.527,0,-6.337014e-7,5.422598e-7,8.340402e-7,139.446,7.958930e-7,0,0,0,0
1569,1780759875130,12.692,0,-6.319908e-7,5.222629e-7,8.198604e-7,140.430,7.965586e-7,0,0,0,0
1570,1780759875181,13.314,0,-6.280957e-7,5.020429e-7,8.040841e-7,141.364,7.972283e-7,0,0,0,0
1571,1780759875231,14.255,0,-6.200132e-7,4.883189e-7,7.892223e-7,141.776,7.980904e-7,0,0,0,0
1572,1780759875282,11.676,0,-6.155460e-7,4.890608e-7,7.861790e-7,141.532,7.987175e-7,0,0,0,0
1573,1780759875331,13.284,0,-6.003847e-7,4.869580e-7,7.730393e-7,140.955,7.995447e-7,0,0,0,0
1574,1780759875381,14.322,0,-5.944790e-7,5.061625e-7,7.807725e-7,139.588,8.001100e-7,0,0,0,0
1575,1780759875432,14.491,0,-5.907950e-7,5.147879e-7,7.836105e-7,138.933,8.008610e-7,0,0,0,0
1576,1780759875482,12.509,0,-5.926280e-7,5.335324e-7,7.974113e-7,138.004,8.014068e-7,0,0,0,0
1577,1780759875532,13.435,0,-5.923554e-7,5.535503e-7,8.107422e-7,136.940,8.019784e-7,0,0,0,0
1578,1780759875583,13.357,0,-5.891236e-7,5.686889e-7,8.188246e-7,136.011,8.027499e-7,0,0,0,0
1579,1780759875633,14.277,0,-5.991853e-7,5.923057e-7,8.425254e-7,135.331,8.033468e-7,0,0,0,0
1580,1780759875684,14.621,0,-5.965955e-7,6.059062e-7,8.503226e-7,134.556,8.042078e-7,0,0,0,0
1581,1780759875735,14.517,0,-6.060086e-7,6.320733e-7,8.756501e-7,133.794,8.048625e-7,0,0,0,0
1582,1780759875786,14.266,0,-6.128851e-7,6.513166e-7,8.943385e-7,133.259,8.055709e-7,0,0,0,0
1583,1780759875837,14.127,0,-6.488291e-7,6.855679e-7,9.439187e-7,133.423,8.073218e-7,0,0,0,0
1584,1780759875885,13.743,1,-6.488291e-7,6.855679e-7,9.439187e-7,133.423,8.073218e-7,0,0,0,0
1585,1780759875937,13.258,0,-6.711865e-7,6.908421e-7,9.631999e-7,134.173,8.084678e-7,0,0,0,0
1586,1780759875987,14.212,0,-7.177760e-7,6.926848e-7,9.975042e-7,136.019,8.104464e-7,0,0,0,0
1587,1780759876037,12.653,1,-7.177760e-7,6.926848e-7,9.975042e-7,136.019,8.104464e-7,0,0,0,0
1588,1780759876085,11.709,0,-7.452383e-7,6.859556e-7,1.012875e-6,137.372,8.118860e-7,0,0,0,0
1589,1780759876135,13.410,0,-7.605132e-7,6.715668e-7,1.014585e-6,138.554,8.130703e-7,0,0,0,0
1590,1780759876186,13.240,0,-7.685761e-7,6.525747e-7,1.008247e-6,139.666,8.146958e-7,0,0,0,0
1591,1780759876237,13.283,0,-7.744149e-7,6.354395e-7,1.001749e-6,140.630,8.159527e-7,0,0,0,0
1592,1780759876286,11.813,0,-7.664010e-7,6.067815e-7,9.775246e-7,141.630,8.176218e-7,0,0,0,0
1593,1780759876335,14.020,0,-7.680616e-7,5.908638e-7,9.690400e-7,142.429,8.188478e-7,0,0,0,0
1594,1780759876384,12.759,0,-7.599313e-7,5.738561e-7,9.522638e-7,142.942,8.200718e-7,0,0,0,0
1595,1780759876435,13.283,0,-7.520625e-7,5.573622e-7,9.360826e-7,143.457,8.216251e-7,0,0,0,0
1596,1780759876484,12.564,0,-7.373438e-7,5.361210e-7,9.116478e-7,143.979,8.227598e-7,0,0,0,0
1597,1780759876533,14.397,0,-7.144489e-7,5.107640e-7,8.782466e-7,144.439,8.241587e-7,0,0,0,0
1598,1780759876583,12.322,0,-6.986932e-7,4.939936e-7,8.556879e-7,144.739,8.251273e-7,0,0,0,0
1599,1780759876633,13.294,0,-6.691327e-7,4.700281e-7,8.177194e-7,144.914,8.260173e-7,0,0,0,0
1600,1780759876682,12.401,0,-6.539343e-7,4.588895e-7,7.988802e-7,144.941,8.270428e-7,0,0,0,0
1601,1780759876731,14.211,0,-6.334925e-7,4.461167e-7,7.748116e-7,144.846,8.277500e-7,0,0,0,0
1602,1780759876782,14.618,0,-6.159923e-7,4.380773e-7,7.558824e-7,144.581,8.285600e-7,0,0,0,0
1603,1780759876832,11.851,0,-5.942691e-7,4.328807e-7,7.352152e-7,143.929,8.291114e-7,0,0,0,0
1604,1780759876881,13.855,0,-5.669383e-7,4.272456e-7,7.098999e-7,142.998,8.295803e-7,0,0,0,0
1605,1780759876932,14.435,0,-5.617305e-7,4.393517e-7,7.131417e-7,141.970,8.301043e-7,0,0,0,0
1606,1780759876983,14.300,0,-5.507897e-7,4.487412e-7,7.104491e-7,140.829,8.304680e-7,0,0,0,0
1607,1780759877033,12.270,0,-5.494758e-7,4.724957e-7,7.246902e-7,139.308,8.308942e-7,0,0,0,0
1608,1780759877083,13.322,0,-5.486164e-7,4.879385e-7,7.342097e-7,138.350,8.311974e-7,0,0,0,0
1609,1780759877132,12.554,0,-5.538026e-7,5.012107e-7,7.469334e-7,137.854,8.315469e-7,0,0,0,0
1610,1780759877182,13.424,0,-5.681815e-7,5.192198e-7,7.696879e-7,137.578,8.318233e-7,0,0,0,0
1611,1780759877231,12.576,0,-5.768567e-7,5.293590e-7,7.829334e-7,137.459,8.321028e-7,0,0,0,0
1612,1780759877281,13.210,0,-6.014138e-7,5.574392e-7,8.200225e-7,137.173,8.325004e-7,0,0,0,0
1613,1780759877330,11.866,0,-6.113448e-7,5.839114e-7,8.453963e-7,136.315,8.328389e-7,0,0,0,0
1614,1780759877379,14.137,0,-6.332652e-7,6.114399e-7,8.802747e-7,136.005,8.332926e-7,0,0,0,0
1615,1780759877428,13.485,0,-6.552664e-7,6.304073e-7,9.092785e-7,136.108,8.336988e-7,0,0,0,0
1616,1780759877477,12.167,0,-6.760857e-7,6.382063e-7,9.297307e-7,136.651,8.341290e-7,0,0,0,0
1617,1780759877526,14.404,0,-7.024607e-7,6.422030e-7,9.517750e-7,137.566,8.347850e-7,0,0,0,0
1618,1780759877577,14.508,0,-7.165526e-7,6.312125e-7,9.549224e-7,138.623,8.353244e-7,0,0,0,0
1619,1780759877628,14.476,0,-7.407563e-7,6.208270e-7,9.665124e-7,140.034,8.360752e-7,0,0,0,0
1620,1780759877679,14.473,0,-7.530549e-7,6.000400e-7,9.628810e-7,141.452,8.366953e-7,0,0,0,0
1621,1780759877728,12.963,0,-7.606015e-7,5.768194e-7,9.545864e-7,142.824,8.375134e-7,0,0,0,0
1622,1780759877779,13.347,0,-7.575443e-7,5.555799e-7,9.394373e-7,143.744,8.381402e-7,0,0,0,0
1623,1780759877830,13.274,0,-7.384171e-7,5.291508e-7,9.084384e-7,144.375,8.386916e-7,0,0,0,0
1624,1780759877880,13.904,0,-7.347869e-7,5.150382e-7,8.973160e-7,144.972,8.393328e-7,0,0,0,0
1625,1780759877930,12.660,0,-7.206155e-7,4.912226e-7,8.721160e-7,145.719,8.397623e-7,0,0,0,0
1626,1780759877980,13.323,0,-7.159135e-7,4.662987e-7,8.543809e-7,146.922,8.402465e-7,0,0,0,0
1627,1780759878029,12.054,0,-7.021036e-7,4.412537e-7,8.292492e-7,147.852,8.405926e-7,0,0,0,0
1628,1780759878079,13.283,0,-6.871063e-7,4.221682e-7,8.064373e-7,148.433,8.408722e-7,0,0,0,0
1629,1780759878128,11.930,0,-6.813064e-7,4.110005e-7,7.956757e-7,148.899,8.412028e-7,0,0,0,0
1630,1780759878178,13.362,0,-6.646559e-7,3.929831e-7,7.721419e-7,149.406,8.414105e-7,0,0,0,0
1631,1780759878229,13.276,0,-6.686016e-7,3.901528e-7,7.741106e-7,149.735,8.416393e-7,0,0,0,0
1632,1780759878277,13.148,0,-6.714853e-7,3.865217e-7,7.747848e-7,150.074,8.418087e-7,0,0,0,0
1633,1780759878328,13.312,0,-6.772425e-7,3.927629e-7,7.828921e-7,149.889,8.419678e-7,0,0,0,0
1634,1780759878379,13.261,0,-6.808849e-7,4.057535e-7,7.926160e-7,149.208,8.422059e-7,0,0,0,0
1635,1780759878430,13.298,0,-6.782419e-7,4.220156e-7,7.988174e-7,148.109,8.423607e-7,0,0,0,0
1636,1780759878480,14.076,0,-6.878464e-7,4.501236e-7,8.220364e-7,146.799,8.425457e-7,0,0,0,0
1637,1780759878530,11.759,0,-6.829696e-7,4.709707e-7,8.296149e-7,145.410,8.426359e-7,0,0,0,0
1638,1780759878580,13.388,0,-6.905043e-7,4.941516e-7,8.491066e-7,144.411,8.426986e-7,0,0,0,0
1639,1780759878629,11.918,0,-6.915884e-7,5.121157e-7,8.605562e-7,143.480,8.427229e-7,0,0,0,0
1640,1780759878678,14.067,0,-6.955416e-7,5.306203e-7,8.748348e-7,142.660,8.427032e-7,0,0,0,0
1641,1780759878728,12.357,0,-6.946170e-7,5.522281e-7,8.873830e-7,141.515,8.426617e-7,0,0,0,0
1642,1780759878778,13.381,0,-6.863326e-7,5.680281e-7,8.909031e-7,140.388,8.425753e-7,0,0,0,0
1643,1780759878827,11.863,0,-7.032568e-7,5.891380e-7,9.174168e-7,140.046,8.424571e-7,0,0,0,0
1644,1780759878876,14.417,0,-7.132533e-7,5.958980e-7,9.294217e-7,140.122,8.423964e-7,0,0,0,0
1645,1780759878927,14.479,0,-7.276167e-7,6.004300e-7,9.433675e-7,140.471,8.423666e-7,0,0,0,0
1646,1780759878977,12.345,0,-7.371574e-7,5.984169e-7,9.494756e-7,140.931,8.423997e-7,0,0,0,0
1647,1780759879026,14.336,0,-7.516323e-7,5.912450e-7,9.563063e-7,141.811,8.424529e-7,0,0,0,0
1648,1780759879074,13.826,0,-7.720847e-7,5.852868e-7,9.688526e-7,142.836,8.426601e-7,0,0,0,0
1649,1780759879125,14.683,0,-7.780169e-7,5.701137e-7,9.645413e-7,143.767,8.429007e-7,0,0,0,0
1650,1780759879175,12.680,0,-7.913977e-7,5.571698e-7,9.678577e-7,144.853,8.432150e-7,0,0,0,0
1651,1780759879224,13.646,0,-7.826491e-7,5.346044e-7,9.478088e-7,145.664,8.437393e-7,0,0,0,0
1652,1780759879273,12.763,0,-7.808727e-7,5.172852e-7,9.366676e-7,146.478,8.441637e-7,0,0,0,0
1653,1780759879324,13.289,0,-7.750196e-7,4.978031e-7,9.211207e-7,147.287,8.448282e-7,0,0,0,0
1654,1780759879374,13.737,0,-7.641231e-7,4.765207e-7,9.005310e-7,148.052,8.453599e-7,0,0,0,0
1655,1780759879424,11.851,0,-7.634389e-7,4.621779e-7,8.924390e-7,148.810,8.461292e-7,0,0,0,0
1656,1780759879473,14.034,0,-7.478952e-7,4.371078e-7,8.662623e-7,149.696,8.467182e-7,0,0,0,0
1657,1780759879524,14.489,0,-7.421765e-7,4.151029e-7,8.503742e-7,150.782,8.473100e-7,0,0,0,0
1658,1780759879573,13.320,0,-7.290977e-7,3.932968e-7,8.284117e-7,151.656,8.481292e-7,0,0,0,0
1659,1780759879624,13.225,0,-7.185774e-7,3.736540e-7,8.099202e-7,152.526,8.487275e-7,0,0,0,0
1660,1780759879674,13.671,0,-7.142898e-7,3.705183e-7,8.046700e-7,152.583,8.495406e-7,0,0,0,0
1661,1780759879723,13.080,0,-6.944536e-7,3.625225e-7,7.833827e-7,152.434,8.501460e-7,0,0,0,0
1662,1780759879774,13.177,0,-6.913965e-7,3.618570e-7,7.803650e-7,152.374,8.507446e-7,0,0,0,0
1663,1780759879824,13.751,0,-6.744379e-7,3.544795e-7,7.619201e-7,152.274,8.515455e-7,0,0,0,0
1664,1780759879876,13.247,0,-6.683752e-7,3.576447e-7,7.580469e-7,151.849,8.521320e-7,0,0,0,0
1665,1780759879925,12.571,0,-6.579025e-7,3.588920e-7,7.494259e-7,151.387,8.529115e-7,0,0,0,0
1666,1780759879975,13.313,0,-6.516537e-7,3.582710e-7,7.436468e-7,151.199,8.534750e-7,0,0,0,0
1667,1780759880025,14.708,0,-6.561515e-7,3.642316e-7,7.504662e-7,150.965,8.540456e-7,0,0,0,0
1668,1780759880074,12.715,0,-6.535635e-7,3.696969e-7,7.508802e-7,150.505,8.548195e-7,0,0,0,0
1669,1780759880124,14.618,0,-6.710467e-7,3.859578e-7,7.741234e-7,150.094,8.554146e-7,0,0,0,0
1670,1780759880173,12.985,0,-6.779541e-7,4.067783e-7,7.906266e-7,149.036,8.562444e-7,0,0,0,0
1671,1780759880224,13.302,0,-6.950348e-7,4.334819e-7,8.191336e-7,148.049,8.568798e-7,0,0,0,0
1672,1780759880274,13.706,0,-7.091344e-7,4.541005e-7,8.420682e-7,147.366,8.577796e-7,0,0,0,0
1673,1780759880324,11.677,0,-7.163842e-7,4.728659e-7,8.583755e-7,146.572,8.584699e-7,0,0,0,0
1674,1780759880373,13.773,0,-7.345204e-7,4.963272e-7,8.864879e-7,145.952,8.591777e-7,0,0,0,0
1675,1780759880425,13.616,0,-7.433480e-7,5.063979e-7,8.994471e-7,145.736,8.601544e-7,0,0,0,0
1676,1780759880474,11.721,0,-7.676333e-7,5.186805e-7,9.264396e-7,145.954,8.609044e-7,0,0,0,0
1677,1780759880523,14.222,0,-7.798285e-7,5.241133e-7,9.395888e-7,146.095,8.619438e-7,0,0,0,0
1678,1780759880574,14.581,0,-7.936750e-7,5.269729e-7,9.526911e-7,146.417,8.627228e-7,0,0,0,0
1679,1780759880624,14.583,0,-8.126977e-7,5.353664e-7,9.731879e-7,146.625,8.635227e-7,0,0,0,0
1680,1780759880675,14.613,0,-8.167323e-7,5.332125e-7,9.753806e-7,146.861,8.646077e-7,0,0,0,0
1681,1780759880725,13.617,0,-8.357548e-7,5.306526e-7,9.899890e-7,147.587,8.654160e-7,0,0,0,0
1682,1780759880773,12.777,0,-8.373083e-7,5.163495e-7,9.837184e-7,148.339,8.664911e-7,0,0,0,0
1683,1780759880824,13.343,0,-8.449475e-7,4.958318e-7,9.796864e-7,149.595,8.672758e-7,0,0,0,0
1684,1780759880874,13.580,0,-8.443262e-7,4.718147e-7,9.672103e-7,150.803,8.680639e-7,0,0,0,0
1685,1780759880924,14.599,0,-8.375464e-7,4.458374e-7,9.488177e-7,151.973,8.690772e-7,0,0,0,0
1686,1780759880974,12.663,0,-8.376364e-7,4.283708e-7,9.408168e-7,152.915,8.698092e-7,0,0,0,0
1687,1780759881024,14.522,0,-8.213491e-7,4.051550e-7,9.158411e-7,153.744,8.707441e-7,0,0,0,0
1688,1780759881073,12.695,0,-8.232576e-7,3.814798e-7,9.073478e-7,155.138,8.714086e-7,0,0,0,0
1689,1780759881124,13.502,0,-8.133061e-7,3.493800e-7,8.851741e-7,156.753,8.722853e-7,0,0,0,0
1690,1780759881173,11.696,0,-8.060792e-7,3.194506e-7,8.670711e-7,158.381,8.729210e-7,0,0,0,0
1691,1780759881223,13.192,0,-7.939259e-7,2.932617e-7,8.463573e-7,159.727,8.735499e-7,0,0,0,0
1692,1780759881274,13.229,0,-7.703046e-7,2.762636e-7,8.183464e-7,160.270,8.743427e-7,0,0,0,0
1693,1780759881325,13.601,0,-7.572614e-7,2.669880e-7,8.029492e-7,160.579,8.748942e-7,0,0,0,0
1694,1780759881376,13.297,0,-7.311022e-7,2.554427e-7,7.744426e-7,160.741,8.755701e-7,0,0,0,0
1695,1780759881427,13.275,0,-7.196488e-7,2.473326e-7,7.609651e-7,161.033,8.760381e-7,0,0,0,0
1696,1780759881478,13.256,0,-6.974245e-7,2.383004e-7,7.370129e-7,161.135,8.764841e-7,0,0,0,0
1697,1780759881528,13.824,0,-6.789043e-7,2.289391e-7,7.164664e-7,161.365,8.770338e-7,0,0,0,0
1698,1780759881580,13.271,0,-6.512486e-7,2.198138e-7,6.873447e-7,161.349,8.774192e-7,0,0,0,0
1699,1780759881629,12.307,0,-6.225270e-7,2.114386e-7,6.574543e-7,161.240,8.778756e-7,0,0,0,0
1700,1780759881677,11.960,0,-6.164934e-7,2.139256e-7,6.525552e-7,160.863,8.781955e-7,0,0,0,0
1701,1780759881726,14.270,0,-6.044668e-7,2.167602e-7,6.421566e-7,160.272,8.785119e-7,0,0,0,0
1702,1780759881774,13.568,0,-6.139697e-7,2.217231e-7,6.527786e-7,160.144,8.789338e-7,0,0,0,0
1703,1780759881824,14.611,0,-6.157150e-7,2.304961e-7,6.574446e-7,159.476,8.792618e-7,0,0,0,0
1704,1780759881874,12.578,0,-6.242356e-7,2.430720e-7,6.698911e-7,158.724,8.796997e-7,0,0,0,0
1705,1780759881924,13.582,0,-6.374209e-7,2.592742e-7,6.881341e-7,157.866,8.800431e-7,0,0,0,0
1706,1780759881975,14.595,0,-6.426617e-7,2.799890e-7,7.010049e-7,156.459,8.805085e-7,0,0,0,0
1707,1780759882024,12.655,0,-6.681838e-7,3.025294e-7,7.334805e-7,155.641,8.808685e-7,0,0,0,0
1708,1780759882074,13.854,0,-6.858485e-7,3.173320e-7,7.557035e-7,155.171,8.812532e-7,0,0,0,0
1709,1780759882125,14.068,0,-7.164526e-7,3.314357e-7,7.894010e-7,155.174,8.818034e-7,0,0,0,0
1710,1780759882174,13.330,0,-7.394858e-7,3.392847e-7,8.136051e-7,155.354,8.822540e-7,0,0,0,0
1711,1780759882224,14.168,0,-7.584257e-7,3.497003e-7,8.351645e-7,155.246,8.828805e-7,0,0,0,0
1712,1780759882273,13.068,0,-7.809515e-7,3.573685e-7,8.588349e-7,155.411,8.833785e-7,0,0,0,0
1713,1780759882324,13.313,0,-7.920673e-7,3.604482e-7,8.702261e-7,155.531,8.838915e-7,0,0,0,0
1714,1780759882373,11.687,0,-8.183372e-7,3.599146e-7,8.939878e-7,156.260,8.846000e-7,0,0,0,0
1715,1780759882423,13.257,0,-8.284406e-7,3.509382e-7,8.997063e-7,157.042,8.851558e-7,0,0,0,0
1716,1780759882473,14.184,0,-8.424572e-7,3.418030e-7,9.091553e-7,157.917,8.859136e-7,0,0,0,0
1717,1780759882524,14.602,0,-8.335073e-7,3.277728e-7,8.956391e-7,158.533,8.864824e-7,0,0,0,0
1718,1780759882574,14.593,0,-8.247718e-7,3.091213e-7,8.807976e-7,159.454,8.870171e-7,0,0,0,0
1719,1780759882624,12.712,0,-8.244151e-7,2.899871e-7,8.739295e-7,160.621,8.877113e-7,0,0,0,0
1720,1780759882673,11.955,0,-8.089403e-7,2.638806e-7,8.508921e-7,161.933,8.882218e-7,0,0,0,0
1721,1780759882723,13.262,0,-8.143433e-7,2.347644e-7,8.475077e-7,163.918,8.888821e-7,0,0,0,0
1722,1780759882774,13.295,0,-8.028509e-7,2.056266e-7,8.287653e-7,165.634,8.893721e-7,0,0,0,0
1723,1780759882824,13.807,0,-7.977510e-7,1.776731e-7,8.172970e-7,167.444,8.900046e-7,0,0,0,0
1724,1780759882874,12.398,0,-7.852928e-7,1.516555e-7,7.998026e-7,169.070,8.904818e-7,0,0,0,0
1725,1780759882924,13.321,0,-7.626384e-7,1.294602e-7,7.735485e-7,170.366,8.909466e-7,0,0,0,0
1726,1780759882975,13.427,0,-7.573236e-7,1.150945e-7,7.660195e-7,171.359,8.915467e-7,0,0,0,0
1727,1780759883025,14.606,0,-7.393447e-7,1.057285e-7,7.468662e-7,171.862,8.920012e-7,0,0,0,0
1728,1780759883073,13.691,0,-7.328817e-7,9.302856e-8,7.387624e-7,172.766,8.926003e-7,0,0,0,0
1729,1780759883125,13.452,0,-7.105896e-7,7.886057e-8,7.149521e-7,173.667,8.930419e-7,0,0,0,0
1730,1780759883173,13.007,0,-6.900440e-7,6.818703e-8,6.934048e-7,174.357,8.934556e-7,0,0,0,0
1731,1780759883221,12.626,0,-6.670453e-7,5.807533e-8,6.695686e-7,175.024,8.939719e-7,0,0,0,0
1732,1780759883270,11.743,0,-6.424609e-7,5.571704e-8,6.448724e-7,175.043,8.943211e-7,0,0,0,0
1733,1780759883320,13.263,0,-6.337957e-7,5.987829e-8,6.366180e-7,174.603,8.947499e-7,0,0,0,0
1734,1780759883370,13.790,0,-6.140250e-7,6.775546e-8,6.177520e-7,173.703,8.950521e-7,0,0,0,0
1735,1780759883420,11.748,0,-6.135079e-7,7.518131e-8,6.180972e-7,173.014,8.953344e-7,0,0,0,0
1736,1780759883470,13.386,0,-5.926389e-7,8.486084e-8,5.986838e-7,171.851,8.956955e-7,0,0,0,0
1737,1780759883519,12.004,0,-5.870174e-7,9.724862e-8,5.950183e-7,170.593,8.959329e-7,0,0,0,0
1738,1780759883568,13.805,0,-5.909548e-7,1.143646e-7,6.019193e-7,169.047,8.962418e-7,0,0,0,0
1739,1780759883620,13.520,0,-5.973973e-7,1.296221e-7,6.112982e-7,167.758,8.964718e-7,0,0,0,0
1740,1780759883669,12.565,0,-6.194297e-7,1.458025e-7,6.363580e-7,166.755,8.967941e-7,0,0,0,0
1741,1780759883719,13.174,0,-6.300070e-7,1.596043e-7,6.499095e-7,165.784,8.970541e-7,0,0,0,0
1742,1780759883770,13.374,0,-6.584909e-7,1.733372e-7,6.809230e-7,165.252,8.973286e-7,0,0,0,0
1743,1780759883821,13.281,0,-6.723589e-7,1.869551e-7,6.978672e-7,164.461,8.977359e-7,0,0,0,0
1744,1780759883872,13.357,0,-6.901071e-7,2.021987e-7,7.191190e-7,163.670,8.980533e-7,0,0,0,0
1745,1780759883920,12.730,0,-7.099544e-7,2.061289e-7,7.392729e-7,163.810,8.985107e-7,0,0,0,0
1746,1780759883970,13.750,0,-7.284399e-7,2.102112e-7,7.581645e-7,163.903,8.988731e-7,0,0,0,0
1747,1780759884020,11.667,0,-7.584473e-7,2.183794e-7,7.892604e-7,163.937,8.992685e-7,0,0,0,0
1748,1780759884069,13.704,0,-7.721883e-7,2.275597e-7,8.050206e-7,163.580,8.998496e-7,0,0,0,0
1749,1780759884119,11.897,0,-7.984163e-7,2.385304e-7,8.332859e-7,163.366,9.003130e-7,0,0,0,0
1750,1780759884168,14.454,0,-8.111073e-7,2.423676e-7,8.465442e-7,163.363,9.009756e-7,0,0,0,0
1751,1780759884219,14.488,0,-8.250728e-7,2.404653e-7,8.594002e-7,163.751,9.014880e-7,0,0,0,0
1752,1780759884269,12.036,0,-8.380759e-7,2.310512e-7,8.693423e-7,164.587,9.022210e-7,0,0,0,0
1753,1780759884318,14.356,0,-8.381872e-7,2.176312e-7,8.659799e-7,165.445,9.027902e-7,0,0,0,0
1754,1780759884369,14.574,0,-8.471126e-7,2.035971e-7,8.712356e-7,166.486,9.033747e-7,0,0,0,0
1755,1780759884419,12.504,0,-8.341068e-7,1.946856e-7,8.565259e-7,166.862,9.041673e-7,0,0,0,0
1756,1780759884469,13.254,0,-8.355821e-7,1.798355e-7,8.547154e-7,167.854,9.047430e-7,0,0,0,0
1757,1780759884518,11.944,0,-8.303166e-7,1.631771e-7,8.461988e-7,168.882,9.055215e-7,0,0,0,0
1758,1780759884567,13.629,0,-8.248237e-7,1.421261e-7,8.369790e-7,170.223,9.060895e-7,0,0,0,0
1759,1780759884619,13.306,0,-8.260880e-7,1.179388e-7,8.344644e-7,171.875,9.066568e-7,0,0,0,0
1760,1780759884668,12.362,0,-8.112867e-7,9.396010e-8,8.167096e-7,173.394,9.074027e-7,0,0,0,0
1761,1780759884716,11.770,0,-8.114845e-7,6.700891e-8,8.142464e-7,175.279,9.079359e-7,0,0,0,0
1762,1780759884766,13.266,0,-7.960031e-7,3.756245e-8,7.968889e-7,177.298,9.086267e-7,0,0,0,0
1763,1780759884816,13.827,0,-7.904608e-7,1.046376e-8,7.905300e-7,179.242,9.091073e-7,0,0,0,0
1764,1780759884866,11.918,0,-7.746294e-7,-2.452600e-8,7.750175e-7,-178.187,9.095772e-7,0,0,0,0
1765,1780759884914,11.720,0,-7.516055e-7,-5.472852e-8,7.535954e-7,-175.835,9.101508e-7,0,0,0,0
1766,1780759884964,13.232,0,-7.401366e-7,-7.914289e-8,7.443560e-7,-173.897,9.105439e-7,0,0,0,0
1767,1780759885015,13.314,0,-7.146880e-7,-1.012176e-7,7.218199e-7,-171.939,9.110313e-7,0,0,0,0
1768,1780759885065,14.413,0,-7.083594e-7,-1.249605e-7,7.192970e-7,-169.995,9.113597e-7,0,0,0,0
1769,1780759885115,11.796,0,-6.924980e-7,-1.429271e-7,7.070938e-7,-168.338,9.117756e-7,0,0,0,0
1770,1780759885164,13.716,0,-6.821318e-7,-1.580135e-7,7.001943e-7,-166.958,9.120576e-7,0,0,0,0
1771,1780759885213,13.494,0,-6.699137e-7,-1.665873e-7,6.903156e-7,-166.036,9.123267e-7,0,0,0,0
1772,1780759885262,11.779,0,-6.501994e-7,-1.702455e-7,6.721182e-7,-165.327,9.126462e-7,0,0,0,0
1773,1780759885311,13.875,0,-6.430771e-7,-1.746261e-7,6.663651e-7,-164.808,9.128599e-7,0,0,0,0
1774,1780759885362,14.015,0,-6.313905e-7,-1.703716e-7,6.539728e-7,-164.899,9.131197e-7,0,0,0,0
1775,1780759885413,14.526,0,-6.339721e-7,-1.624607e-7,6.544571e-7,-165.627,9.133000e-7,0,0,0,0
1776,1780759885464,14.569,0,-6.264396e-7,-1.507911e-7,6.443326e-7,-166.466,9.134789e-7,0,0,0,0
1777,1780759885515,14.471,0,-6.220100e-7,-1.333396e-7,6.361414e-7,-167.901,9.137013e-7,0,0,0,0
1778,1780759885565,14.651,0,-6.169622e-7,-1.112049e-7,6.269042e-7,-169.782,9.138677e-7,0,0,0,0
1779,1780759885615,13.240,0,-6.135286e-7,-9.031321e-8,6.201401e-7,-171.626,9.140851e-7,0,0,0,0
1780,1780759885665,13.548,0,-6.232234e-7,-7.356511e-8,6.275501e-7,-173.268,9.142520e-7,0,0,0,0
1781,1780759885715,12.039,0,-6.219901e-7,-5.205581e-8,6.241646e-7,-175.216,9.144246e-7,0,0,0,0
1782,1780759885764,14.189,0,-6.385732e-7,-3.353040e-8,6.394529e-7,-176.994,9.146512e-7,0,0,0,0
1783,1780759885815,14.557,0,-6.368880e-7,-1.390795e-8,6.370398e-7,-178.749,9.148302e-7,0,0,0,0
1784,1780759885864,13.276,0,-6.398613e-7,8.932075e-9,6.399236e-7,179.200,9.150492e-7,0,0,0,0
1785,1780759885913,12.189,0,-6.515095e-7,3.186920e-8,6.522885e-7,177.200,9.152079e-7,0,0,0,0
1786,1780759885963,13.488,0,-6.559560e-7,5.701328e-8,6.584290e-7,175.033,9.154176e-7,0,0,0,0
1787,1780759886011,12.797,0,-6.826959e-7,8.066931e-8,6.874454e-7,173.261,9.155735e-7,0,0,0,0
1788,1780759886060,12.552,0,-6.987590e-7,1.067002e-7,7.068586e-7,171.318,9.157520e-7,0,0,0,0
1789,1780759886108,12.294,0,-7.283046e-7,1.264964e-7,7.392083e-7,170.147,9.160169e-7,0,0,0,0
1790,1780759886157,14.075,0,-7.538139e-7,1.456725e-7,7.677603e-7,169.063,9.162561e-7,0,0,0,0
1791,1780759886207,12.360,0,-7.784083e-7,1.619611e-7,7.950792e-7,168.246,9.166242e-7,0,0,0,0
1792,1780759886257,13.324,0,-8.136157e-7,1.740176e-7,8.320172e-7,167.927,9.169484e-7,0,0,0,0
1793,1780759886305,12.875,0,-8.374810e-7,1.908843e-7,8.589594e-7,167.160,9.173300e-7,0,0,0,0
1794,1780759886354,12.424,0,-8.732792e-7,1.952412e-7,8.948384e-7,167.397,9.179133e-7,0,0,0,0
1795,1780759886402,11.883,0,-8.939202e-7,1.987505e-7,9.157483e-7,167.465,9.184198e-7,0,0,0,0
1796,1780759886451,14.134,0,-9.254612e-7,1.965531e-7,9.461033e-7,168.009,9.191580e-7,0,0,0,0
1797,1780759886501,11.813,0,-9.488915e-7,1.927856e-7,9.682776e-7,168.516,9.197862e-7,0,0,0,0
1798,1780759886551,13.524,0,-9.619525e-7,1.821383e-7,9.790439e-7,169.278,9.204546e-7,0,0,0,0
1799,1780759886599,12.636,0,-9.727260e-7,1.630571e-7,9.862979e-7,170.484,9.213845e-7,0,0,0,0
1800,1780759886648,14.619,0,-9.638874e-7,1.400368e-7,9.740068e-7,171.734,9.220946e-7,0,0,0,0
1801,1780759886700,14.535,0,-9.654009e-7,1.087375e-7,9.715054e-7,173.574,9.230151e-7,0,0,0,0
1802,1780759886748,13.677,0,-9.551136e-7,8.706838e-8,9.590740e-7,174.791,9.236926e-7,0,0,0,0
1803,1780759886798,11.653,0,-9.515095e-7,6.225521e-8,9.535440e-7,176.257,9.245550e-7,0,0,0,0
1804,1780759886848,13.315,0,-9.448899e-7,3.844251e-8,9.456715e-7,177.670,9.251924e-7,0,0,0,0
1805,1780759886899,13.289,0,-9.326461e-7,1.542089e-8,9.327736e-7,179.053,9.258053e-7,0,0,0,0
1806,1780759886950,13.491,0,-9.222801e-7,-3.168402e-9,9.222855e-7,-179.803,9.265862e-7,0,0,0,0
1807,1780759887001,13.409,0,-8.967599e-7,-1.964757e-8,8.969751e-7,-178.745,9.271385e-7,0,0,0,0
1808,1780759887050,12.132,0,-8.827369e-7,-4.174755e-8,8.837236e-7,-177.292,9.278045e-7,0,0,0,0
1809,1780759887098,11.712,0,-8.542978e-7,-5.889110e-8,8.563252e-7,-176.057,9.282593e-7,0,0,0,0
1810,1780759887147,14.048,0,-8.346706e-7,-7.332557e-8,8.378852e-7,-174.979,9.286573e-7,0,0,0,0
1811,1780759887196,12.695,0,-8.180687e-7,-8.272304e-8,8.222406e-7,-174.226,9.291305e-7,0,0,0,0
1812,1780759887247,13.272,0,-8.008104e-7,-8.778055e-8,8.056071e-7,-173.745,9.294451e-7,0,0,0,0
1813,1780759887296,12.224,0,-7.903999e-7,-9.921291e-8,7.966023e-7,-172.846,9.298155e-7,0,0,0,0
1814,1780759887346,13.293,0,-7.608745e-7,-1.071613e-7,7.683837e-7,-171.983,9.300593e-7,0,0,0,0
1815,1780759887395,11.910,0,-7.415979e-7,-1.254960e-7,7.521414e-7,-170.395,9.302583e-7,0,0,0,0
1816,1780759887445,13.224,0,-7.112491e-7,-1.420699e-7,7.252994e-7,-168.704,9.304650e-7,0,0,0,0
1817,1780759887496,13.281,0,-6.851983e-7,-1.595067e-7,7.035191e-7,-166.896,9.305727e-7,0,0,0,0
1818,1780759887547,13.316,0,-6.564243e-7,-1.774568e-7,6.799881e-7,-164.872,9.306707e-7,0,0,0,0
1819,1780759887598,13.309,0,-6.289532e-7,-1.935635e-7,6.580646e-7,-162.894,9.307199e-7,0,0,0,0
1820,1780759887648,13.672,0,-6.100813e-7,-2.130056e-7,6.461970e-7,-160.754,9.307663e-7,0,0,0,0
1821,1780759887698,11.771,0,-5.770976e-7,-2.360707e-7,6.235151e-7,-157.752,9.307927e-7,0,0,0,0
1822,1780759887748,13.235,0,-5.606525e-7,-2.592772e-7,6.177021e-7,-155.182,9.308101e-7,0,0,0,0
1823,1780759887799,13.227,0,-5.362331e-7,-2.670802e-7,5.990641e-7,-153.524,9.308285e-7,0,0,0,0
1824,1780759887850,13.528,0,-5.239521e-7,-2.697063e-7,5.892939e-7,-152.763,9.308385e-7,0,0,0,0
1825,1780759887899,11.643,0,-5.176991e-7,-2.695060e-7,5.836488e-7,-152.499,9.308554e-7,0,0,0,0
1826,1780759887949,13.259,0,-5.076789e-7,-2.590572e-7,5.699548e-7,-152.966,9.308711e-7,0,0,0,0
1827,1780759887999,13.638,0,-5.124845e-7,-2.483859e-7,5.695049e-7,-154.142,9.308877e-7,0,0,0,0
1828,1780759888050,14.562,0,-5.022938e-7,-2.291460e-7,5.520933e-7,-155.478,9.309124e-7,0,0,0,0
1829,1780759888100,12.575,0,-5.087017e-7,-2.087146e-7,5.498538e-7,-157.692,9.309280e-7,0,0,0,0
1830,1780759888149,13.993,0,-5.133832e-7,-1.814506e-7,5.445059e-7,-160.535,9.309506e-7,0,0,0,0
1831,1780759888198,12.684,0,-5.190931e-7,-1.505500e-7,5.404840e-7,-163.827,9.309683e-7,0,0,0,0
1832,1780759888249,13.303,0,-5.274691e-7,-1.199511e-7,5.409362e-7,-167.188,9.309875e-7,0,0,0,0
1833,1780759888299,13.675,0,-5.247876e-7,-8.463683e-8,5.315688e-7,-170.838,9.310136e-7,0,0,0,0
1834,1780759888351,13.258,0,-5.435169e-7,-5.527563e-8,5.463205e-7,-174.193,9.310307e-7,0,0,0,0
1835,1780759888399,12.685,0,-5.518107e-7,-2.407839e-8,5.523358e-7,-177.501,9.310525e-7,0,0,0,0
1836,1780759888450,13.497,0,-5.710333e-7,-1.500660e-9,5.710353e-7,-179.849,9.310620e-7,0,0,0,0
1837,1780759888499,14.519,0,-5.855886e-7,1.996138e-8,5.859287e-7,178.048,9.310641e-7,0,0,0,0
1838,1780759888549,13.100,0,-6.005530e-7,3.709229e-8,6.016974e-7,176.466,9.310543e-7,0,0,0,0
1839,1780759888599,13.487,0,-6.214890e-7,4.607296e-8,6.231945e-7,175.760,9.310293e-7,0,0,0,0
1840,1780759888651,13.372,0,-6.367599e-7,6.560638e-8,6.401308e-7,174.117,9.309759e-7,0,0,0,0
1841,1780759888700,12.160,0,-6.683915e-7,7.334717e-8,6.724039e-7,173.738,9.309204e-7,0,0,0,0
1842,1780759888749,14.478,0,-6.872825e-7,8.144678e-8,6.920916e-7,173.242,9.308344e-7,0,0,0,0
1843,1780759888799,12.008,0,-7.153859e-7,8.418999e-8,7.203228e-7,173.288,9.307626e-7,0,0,0,0
1844,1780759888848,14.259,0,-7.386350e-7,8.530612e-8,7.435447e-7,173.412,9.306911e-7,0,0,0,0
1845,1780759888898,11.895,0,-7.561721e-7,8.606941e-8,7.610546e-7,173.506,9.305946e-7,0,0,0,0
1846,1780759888948,13.189,0,-7.757257e-7,8.038007e-8,7.798790e-7,174.084,9.305202e-7,0,0,0,0
1847,1780759888998,13.664,0,-7.779198e-7,7.891314e-8,7.819121e-7,174.208,9.304220e-7,0,0,0,0
1848,1780759889049,14.111,0,-7.935616e-7,6.845859e-8,7.965090e-7,175.069,9.303424e-7,0,0,0,0
1849,1780759889099,11.725,0,-8.009741e-7,5.229161e-8,8.026792e-7,176.265,9.302647e-7,0,0,0,0
1850,1780759889149,13.307,0,-8.147899e-7,2.655262e-8,8.152224e-7,178.133,9.301868e-7,0,0,0,0
1851,1780759889198,11.705,0,-8.175182e-7,4.488034e-10,8.175183e-7,179.969,9.301549e-7,0,0,0,0
1852,1780759889248,13.220,0,-8.110200e-7,-2.414629e-8,8.113794e-7,-178.295,9.301303e-7,0,0,0,0
1853,1780759889297,12.040,0,-8.020326e-7,-4.214665e-8,8.031392e-7,-176.992,9.301192e-7,0,0,0,0
1854,1780759889346,14.478,0,-7.726379e-7,-5.291039e-8,7.744475e-7,-176.082,9.300857e-7,0,0,0,0
1855,1780759889396,12.183,0,-7.601937e-7,-7.352486e-8,7.637410e-7,-174.476,9.300433e-7,0,0,0,0
1856,1780759889446,13.182,0,-7.408221e-7,-8.728693e-8,7.459466e-7,-173.280,9.299961e-7,0,0,0,0
1857,1780759889494,12.764,0,-7.322130e-7,-1.062680e-7,7.398843e-7,-171.742,9.299270e-7,0,0,0,0
1858,1780759889544,14.429,0,-7.278246e-7,-1.223591e-7,7.380382e-7,-170.457,9.298662e-7,0,0,0,0
1859,1780759889594,14.595,0,-7.171425e-7,-1.296019e-7,7.287592e-7,-169.756,9.297759e-7,0,0,0,0
1860,1780759889645,11.849,0,-7.144598e-7,-1.475356e-7,7.295338e-7,-168.332,9.297001e-7,0,0,0,0
1861,1780759889695,13.299,0,-7.004816e-7,-1.623758e-7,7.190551e-7,-166.949,9.296177e-7,0,0,0,0
1862,1780759889746,13.216,0,-6.987524e-7,-1.875815e-7,7.234928e-7,-164.973,9.294927e-7,0,0,0,0
1863,1780759889797,13.293,0,-6.806015e-7,-2.067419e-7,7.113091e-7,-163.103,9.293771e-7,0,0,0,0
1864,1780759889848,13.226,0,-6.663860e-7,-2.363162e-7,7.070471e-7,-160.474,9.291785e-7,0,0,0,0
1865,1780759889897,11.827,0,-6.520091e-7,-2.687461e-7,7.052236e-7,-157.599,9.289944e-7,0,0,0,0
1866,1780759889947,13.238,0,-6.335343e-7,-3.000092e-7,7.009788e-7,-154.660,9.287019e-7,0,0,0,0
1867,1780759889997,13.800,0,-6.210252e-7,-3.370762e-7,7.066064e-7,-151.508,9.284429e-7,0,0,0,0
1868,1780759890048,14.404,0,-5.890790e-7,-3.686774e-7,6.949368e-7,-147.959,9.281461e-7,0,0,0,0
1869,1780759890098,14.590,0,-5.689527e-7,-4.066531e-7,6.993382e-7,-144.445,9.276933e-7,0,0,0,0
1870,1780759890149,14.608,0,-5.413820e-7,-4.361375e-7,6.952052e-7,-141.145,9.273052e-7,0,0,0,0
1871,1780759890200,14.570,0,-5.215734e-7,-4.668716e-7,7.000057e-7,-138.168,9.267426e-7,0,0,0,0
1872,1780759890250,13.250,0,-5.088441e-7,-5.024552e-7,7.151108e-7,-135.362,9.262892e-7,0,0,0,0
1873,1780759890299,14.524,0,-4.928086e-7,-5.264287e-7,7.211016e-7,-133.111,9.258241e-7,0,0,0,0
1874,1780759890348,13.986,0,-4.892291e-7,-5.537669e-7,7.389201e-7,-131.459,9.252038e-7,0,0,0,0
1875,1780759890399,13.575,0,-4.757782e-7,-5.649613e-7,7.386110e-7,-130.102,9.247393e-7,0,0,0,0
1876,1780759890448,13.414,0,-4.780523e-7,-5.722810e-7,7.456806e-7,-129.874,9.241366e-7,0,0,0,0
1877,1780759890498,14.406,0,-4.765907e-7,-5.766622e-7,7.481163e-7,-129.573,9.236991e-7,0,0,0,0
1878,1780759890547,13.100,0,-4.800029e-7,-5.854687e-7,7.570842e-7,-129.347,9.232868e-7,0,0,0,0
1879,1780759890598,13.334,0,-4.904796e-7,-5.885248e-7,7.661147e-7,-129.808,9.227701e-7,0,0,0,0
1880,1780759890647,11.975,0,-4.850695e-7,-5.766339e-7,7.535244e-7,-130.071,9.224132e-7,0,0,0,0
1881,1780759890697,13.359,0,-4.992178e-7,-5.671714e-7,7.555805e-7,-131.354,9.219907e-7,0,0,0,0
1882,1780759890746,11.705,0,-4.991153e-7,-5.471616e-7,7.406092e-7,-132.371,9.217062e-7,0,0,0,0
1883,1780759890796,13.245,0,-5.025871e-7,-5.270558e-7,7.282730e-7,-133.639,9.213774e-7,0,0,0,0
1884,1780759890847,13.358,0,-5.049495e-7,-5.037171e-7,7.132355e-7,-135.070,9.211591e-7,0,0,0,0
1885,1780759890898,13.308,0,-5.023642e-7,-4.725784e-7,6.897102e-7,-136.750,9.209691e-7,0,0,0,0
1886,1780759890949,13.229,0,-5.121383e-7,-4.510394e-7,6.824384e-7,-138.630,9.207503e-7,0,0,0,0
1887,1780759891000,13.316,0,-5.176340e-7,-4.131959e-7,6.623261e-7,-141.402,9.206040e-7,0,0,0,0
1888,1780759891050,14.531,0,-5.391174e-7,-3.828746e-7,6.612417e-7,-144.618,9.204323e-7,0,0,0,0
1889,1780759891101,14.544,0,-5.527893e-7,-3.527377e-7,6.557438e-7,-147.458,9.203104e-7,0,0,0,0
1890,1780759891151,12.489,0,-5.679708e-7,-3.258976e-7,6.548283e-7,-150.153,9.201907e-7,0,0,0,0
1891,1780759891200,14.440,0,-5.882032e-7,-2.984967e-7,6.596084e-7,-153.093,9.200237e-7,0,0,0,0
1892,1780759891249,12.575,0,-5.953480e-7,-2.645894e-7,6.514958e-7,-156.038,9.198906e-7,0,0,0,0
1893,1780759891299,14.092,0,-6.113148e-7,-2.441411e-7,6.582634e-7,-158.230,9.196892e-7,0,0,0,0
1894,1780759891348,12.669,0,-6.100825e-7,-2.187886e-7,6.481274e-7,-160.271,9.195133e-7,0,0,0,0
1895,1780759891398,13.715,0,-6.146842e-7,-2.015322e-7,6.468785e-7,-161.848,9.193135e-7,0,0,0,0
1896,1780759891448,14.584,0,-6.172829e-7,-1.815731e-7,6.434337e-7,-163.609,9.190091e-7,0,0,0,0
1897,1780759891498,12.688,0,-6.093772e-7,-1.548802e-7,6.287515e-7,-165.740,9.187488e-7,0,0,0,0
1898,1780759891549,13.212,0,-6.096722e-7,-1.392295e-7,6.253680e-7,-167.136,9.183495e-7,0,0,0,0
1899,1780759891597,12.792,0,-5.998715e-7,-1.183032e-7,6.114258e-7,-168.844,9.180161e-7,0,0,0,0
1900,1780759891648,13.182,0,-6.037138e-7,-1.125589e-7,6.141171e-7,-169.439,9.175219e-7,0,0,0,0
1901,1780759891698,13.959,0,-6.031228e-7,-1.021058e-7,6.117048e-7,-170.391,9.171263e-7,0,0,0,0
1902,1780759891749,13.872,0,-6.056633e-7,-9.255536e-8,6.126945e-7,-171.311,9.167215e-7,0,0,0,0
1903,1780759891798,12.660,0,-6.056310e-7,-8.402991e-8,6.114326e-7,-172.101,9.161537e-7,0,0,0,0
1904,1780759891847,12.328,0,-6.002982e-7,-6.889422e-8,6.042386e-7,-173.453,9.157138e-7,0,0,0,0
1905,1780759891897,13.339,0,-6.018118e-7,-6.352815e-8,6.051556e-7,-173.974,9.151159e-7,0,0,0,0
1906,1780759891948,13.195,0,-6.071284e-7,-5.417933e-8,6.095411e-7,-174.901,9.146712e-7,0,0,0,0
1907,1780759891997,12.076,0,-6.222448e-7,-5.645825e-8,6.248008e-7,-174.816,9.142360e-7,0,0,0,0
1908,1780759892045,11.675,0,-6.274091e-7,-5.244648e-8,6.295973e-7,-175.222,9.136728e-7,0,0,0,0
1909,1780759892095,13.245,0,-6.341911e-7,-4.794868e-8,6.360012e-7,-175.676,9.132756e-7,0,0,0,0
1910,1780759892144,14.567,0,-6.363322e-7,-3.971329e-8,6.375702e-7,-176.429,9.127818e-7,0,0,0,0
1911,1780759892195,14.497,0,-6.314145e-7,-2.766380e-8,6.320202e-7,-177.491,9.124501e-7,0,0,0,0
1912,1780759892245,12.447,0,-6.331650e-7,-2.612992e-8,6.337039e-7,-177.637,9.121471e-7,0,0,0,0
1913,1780759892296,13.336,0,-6.227593e-7,-1.819398e-8,6.230250e-7,-178.327,9.117790e-7,0,0,0,0
1914,1780759892344,12.591,0,-6.246066e-7,-2.184184e-8,6.249884e-7,-177.997,9.115226e-7,0,0,0,0
1915,1780759892395,13.314,0,-6.120527e-7,-2.038420e-8,6.123921e-7,-178.092,9.111965e-7,0,0,0,0
1916,1780759892446,13.249,0,-5.923442e-7,-3.062225e-8,5.931352e-7,-177.041,9.109554e-7,0,0,0,0
1917,1780759892495,14.520,0,-5.740542e-7,-4.618487e-8,5.759091e-7,-175.400,9.106340e-7,0,0,0,0
1918,1780759892546,14.493,0,-5.522215e-7,-5.942366e-8,5.554095e-7,-173.858,9.103928e-7,0,0,0,0
1919,1780759892596,13.364,0,-5.427814e-7,-7.354345e-8,5.477410e-7,-172.284,9.101455e-7,0,0,0,0
1920,1780759892647,13.223,0,-5.281625e-7,-8.086700e-8,5.343174e-7,-171.295,9.097933e-7,0,0,0,0
1921,1780759892698,13.386,0,-5.296208e-7,-1.019580e-7,5.393456e-7,-169.103,9.095107e-7,0,0,0,0
1922,1780759892748,13.642,0,-5.201768e-7,-1.161533e-7,5.329873e-7,-167.413,9.090924e-7,0,0,0,0
1923,1780759892798,11.695,0,-5.137996e-7,-1.289306e-7,5.297293e-7,-165.913,9.087447e-7,0,0,0,0
1924,1780759892847,14.013,0,-5.103515e-7,-1.438882e-7,5.302476e-7,-164.255,9.083571e-7,0,0,0,0
1925,1780759892897,14.553,0,-4.894179e-7,-1.454471e-7,5.105730e-7,-163.449,9.077797e-7,0,0,0,0
1926,1780759892948,11.717,0,-4.808148e-7,-1.595096e-7,5.065829e-7,-161.647,9.073064e-7,0,0,0,0
1927,1780759892997,14.476,0,-4.658838e-7,-1.620070e-7,4.932484e-7,-160.825,9.066200e-7,0,0,0,0
1928,1780759893048,14.532,0,-4.626133e-7,-1.770702e-7,4.953432e-7,-159.055,9.060695e-7,0,0,0,0
1929,1780759893098,11.685,0,-4.521951e-7,-1.866262e-7,4.891929e-7,-157.573,9.054787e-7,0,0,0,0
1930,1780759893148,13.425,0,-4.488705e-7,-2.028714e-7,4.925865e-7,-155.679,9.046258e-7,0,0,0,0
1931,1780759893199,13.311,0,-4.481248e-7,-2.250642e-7,5.014676e-7,-153.333,9.039369e-7,0,0,0,0
1932,1780759893250,13.412,0,-4.379435e-7,-2.391685e-7,4.989951e-7,-151.360,9.029597e-7,0,0,0,0
1933,1780759893301,13.376,0,-4.419746e-7,-2.656342e-7,5.156579e-7,-148.993,9.022103e-7,0,0,0,0
1934,1780759893350,12.476,0,-4.302741e-7,-2.779963e-7,5.122672e-7,-147.134,9.012149e-7,0,0,0,0
1935,1780759893399,14.277,0,-4.223614e-7,-2.940843e-7,5.146599e-7,-145.151,9.005023e-7,0,0,0,0
1936,1780759893449,14.530,0,-4.124269e-7,-3.094311e-7,5.156002e-7,-143.120,8.998120e-7,0,0,0,0
1937,1780759893500,12.153,0,-3.993383e-7,-3.230766e-7,5.136629e-7,-141.026,8.989356e-7,0,0,0,0
1938,1780759893550,13.217,0,-3.996842e-7,-3.442425e-7,5.274945e-7,-139.262,8.983078e-7,0,0,0,0
1939,1780759893599,12.130,0,-3.914849e-7,-3.523115e-7,5.266724e-7,-138.015,8.975225e-7,0,0,0,0
1940,1780759893648,13.624,0,-3.970893e-7,-3.719255e-7,5.440666e-7,-136.874,8.969760e-7,0,0,0,0
1941,1780759893699,13.747,0,-3.999676e-7,-3.852976e-7,5.553632e-7,-136.070,8.964533e-7,0,0,0,0
1942,1780759893751,13.333,0,-4.039284e-7,-4.036294e-7,5.710296e-7,-135.021,8.958079e-7,0,0,0,0
1943,1780759893799,12.573,0,-4.091224e-7,-4.240445e-7,5.892324e-7,-133.974,8.953520e-7,0,0,0,0
1944,1780759893848,11.741,0,-4.143109e-7,-4.237512e-7,5.926370e-7,-134.355,8.947835e-7,0,0,0,0
1945,1780759893898,13.307,0,-4.337311e-7,-4.380705e-7,6.164645e-7,-134.715,8.943854e-7,0,0,0,0
1946,1780759893949,13.269,0,-4.397808e-7,-4.445339e-7,6.253140e-7,-134.692,8.940063e-7,0,0,0,0
1947,1780759894000,13.290,0,-4.547733e-7,-4.538978e-7,6.425277e-7,-135.055,8.935377e-7,0,0,0,0
1948,1780759894049,14.513,0,-4.622344e-7,-4.560336e-7,6.493283e-7,-135.387,8.931942e-7,0,0,0,0
1949,1780759894099,12.715,0,-4.667085e-7,-4.557471e-7,6.523207e-7,-135.681,8.927318e-7,0,0,0,0
1950,1780759894148,12.214,0,-4.778435e-7,-4.626041e-7,6.650841e-7,-135.928,8.923720e-7,0,0,0,0
1951,1780759894197,14.219,0,-4.819997e-7,-4.651176e-7,6.698194e-7,-136.021,8.918650e-7,0,0,0,0
1952,1780759894247,14.563,0,-4.973242e-7,-4.795816e-7,6.908906e-7,-136.040,8.914580e-7,0,0,0,0
1953,1780759894298,14.562,0,-4.926530e-7,-4.823526e-7,6.894715e-7,-135.605,8.910211e-7,0,0,0,0
1954,1780759894349,14.471,0,-4.886148e-7,-4.961733e-7,6.963708e-7,-134.560,8.904027e-7,0,0,0,0
1955,1780759894398,13.814,0,-4.845402e-7,-5.089124e-7,7.026884e-7,-133.595,8.898983e-7,0,0,0,0
1956,1780759894449,13.453,0,-4.752623e-7,-5.199992e-7,7.044668e-7,-132.426,8.891679e-7,0,0,0,0
1957,1780759894501,13.358,0,-4.666070e-7,-5.425998e-7,7.156372e-7,-130.694,8.885726e-7,0,0,0,0
1958,1780759894549,13.017,0,-4.495119e-7,-5.543790e-7,7.137206e-7,-129.036,8.879415e-7,0,0,0,0
1959,1780759894600,13.308,0,-4.414608e-7,-5.811598e-7,7.298180e-7,-127.221,8.870420e-7,0,0,0,0
1960,1780759894650,14.450,0,-4.287402e-7,-5.981667e-7,7.359494e-7,-125.631,8.863121e-7,0,0,0,0
1961,1780759894700,12.171,0,-4.222284e-7,-6.141533e-7,7.452926e-7,-124.508,8.852845e-7,0,0,0,0
1962,1780759894749,13.730,0,-4.180908e-7,-6.321218e-7,7.578772e-7,-123.481,8.844634e-7,0,0,0,0
1963,1780759894799,12.536,0,-4.022972e-7,-6.534695e-7,7.673756e-7,-121.618,8.836055e-7,0,0,0,0
1964,1780759894848,14.191,0,-3.973799e-7,-6.851198e-7,7.920227e-7,-120.114,8.824072e-7,0,0,0,0
1965,1780759894899,13.771,0,-3.840221e-7,-6.959844e-7,7.949008e-7,-118.889,8.814731e-7,0,0,0,0
1966,1780759894949,12.065,0,-3.871088e-7,-7.103894e-7,8.090156e-7,-118.587,8.802258e-7,0,0,0,0
1967,1780759894999,13.341,0,-3.929454e-7,-7.218766e-7,8.218953e-7,-118.561,8.792857e-7,0,0,0,0
1968,1780759895048,11.623,0,-3.946202e-7,-7.276672e-7,8.277830e-7,-118.471,8.780351e-7,0,0,0,0
1969,1780759895098,13.347,0,-3.999047e-7,-7.361585e-7,8.377668e-7,-118.512,8.771059e-7,0,0,0,0
1970,1780759895149,13.251,0,-3.916874e-7,-7.330631e-7,8.311442e-7,-118.116,8.761883e-7,0,0,0,0
1971,1780759895198,12.333,0,-3.922142e-7,-7.421072e-7,8.393778e-7,-117.857,8.750075e-7,0,0,0,0
1972,1780759895248,13.219,0,-3.913303e-7,-7.398467e-7,8.369663e-7,-117.876,8.741611e-7,0,0,0,0
1973,1780759895299,13.285,0,-3.993093e-7,-7.395329e-7,8.404504e-7,-118.367,8.731039e-7,0,0,0,0
1974,1780759895349,13.555,0,-4.016192e-7,-7.378478e-7,8.400699e-7,-118.560,8.723521e-7,0,0,0,0
1975,1780759895400,13.784,0,-3.969872e-7,-7.256080e-7,8.271069e-7,-118.683,8.716280e-7,0,0,0,0
1976,1780759895452,13.273,0,-3.960521e-7,-7.247966e-7,8.259463e-7,-118.654,8.707019e-7,0,0,0,0
1977,1780759895501,12.048,0,-3.819435e-7,-7.140430e-7,8.097767e-7,-118.142,8.700586e-7,0,0,0,0
1978,1780759895550,14.340,0,-3.755639e-7,-7.162990e-7,8.087846e-7,-117.669,8.692652e-7,0,0,0,0
1979,1780759895599,12.567,0,-3.652748e-7,-7.151862e-7,8.030672e-7,-117.055,8.686918e-7,0,0,0,0
1980,1780759895649,14.441,0,-3.576215e-7,-7.160771e-7,8.004121e-7,-116.538,8.679451e-7,0,0,0,0
1981,1780759895699,14.553,0,-3.524100e-7,-7.233009e-7,8.045850e-7,-115.976,8.673812e-7,0,0,0,0
1982,1780759895750,12.549,0,-3.350391e-7,-7.274912e-7,8.009337e-7,-114.728,8.668122e-7,0,0,0,0
1983,1780759895799,13.607,0,-3.280743e-7,-7.439872e-7,8.131112e-7,-113.796,8.660424e-7,0,0,0,0
1984,1780759895849,12.245,0,-3.126268e-7,-7.442991e-7,8.072897e-7,-112.784,8.654494e-7,0,0,0,0
1985,1780759895899,13.323,0,-3.056750e-7,-7.504148e-7,8.102836e-7,-112.163,8.646390e-7,0,0,0,0
1986,1780759895947,12.841,0,-2.998558e-7,-7.548151e-7,8.121941e-7,-111.666,8.639912e-7,0,0,0,0
1987,1780759895998,13.373,0,-2.904084e-7,-7.554211e-7,8.093195e-7,-111.028,8.633028e-7,0,0,0,0
1988,1780759896047,11.750,0,-2.853630e-7,-7.707243e-7,8.218564e-7,-110.317,8.623188e-7,0,0,0,0
1989,1780759896096,14.112,0,-2.703359e-7,-7.765963e-7,8.223037e-7,-109.193,8.615287e-7,0,0,0,0
1990,1780759896146,14.527,0,-2.654831e-7,-7.975229e-7,8.405499e-7,-108.412,8.604159e-7,0,0,0,0
1991,1780759896196,12.772,0,-2.570796e-7,-7.970234e-7,8.374582e-7,-107.877,8.595289e-7,0,0,0,0
1992,1780759896246,13.644,0,-2.449877e-7,-7.933579e-7,8.303227e-7,-107.161,8.586035e-7,0,0,0,0
1993,1780759896298,13.378,0,-2.350564e-7,-7.962650e-7,8.302346e-7,-106.447,8.573227e-7,0,0,0,0
1994,1780759896349,13.218,0,-2.183009e-7,-7.896124e-7,8.192332e-7,-105.454,8.563471e-7,0,0,0,0
1995,1780759896399,13.583,0,-2.029484e-7,-8.036723e-7,8.289013e-7,-104.172,8.550663e-7,0,0,0,0
1996,1780759896449,14.548,0,-1.805492e-7,-8.026403e-7,8.226965e-7,-102.677,8.541629e-7,0,0,0,0
1997,1780759896500,11.918,0,-1.657673e-7,-8.099791e-7,8.267678e-7,-101.566,8.530464e-7,0,0,0,0
1998,1780759896550,13.491,0,-1.537419e-7,-8.084311e-7,8.229200e-7,-100.768,8.522596e-7,0,0,0,0
1999,1780759896599,14.616,0,-1.455428e-7,-8.012006e-7,8.143126e-7,-100.296,8.515267e-7,0,0,0,0
2000,1780759896650,12.499,0,-1.434272e-7,-8.041526e-7,8.168432e-7,-100.113,8.506338e-7,0,0,0,0
2001,1780759896699,14.142,0,-1.480172e-7,-7.997066e-7,8.132894e-7,-100.486,8.500124e-7,0,0,0,0
2002,1780759896749,12.371,0,-1.597297e-7,-8.047000e-7,8.203997e-7,-101.227,8.492240e-7,0,0,0,0
2003,1780759896798,13.599,0,-1.621860e-7,-7.920073e-7,8.084428e-7,-101.573,8.486594e-7,0,0,0,0
2004,1780759896849,13.558,0,-1.669740e-7,-7.820324e-7,7.996593e-7,-102.052,8.481306e-7,0,0,0,0
2005,1780759896900,14.064,0,-1.724982e-7,-7.713731e-7,7.904252e-7,-102.605,8.474759e-7,0,0,0,0
2006,1780759896949,12.518,0,-1.767139e-7,-7.578698e-7,7.781995e-7,-103.125,8.470221e-7,0,0,0,0
2007,1780759897000,13.334,0,-1.826398e-7,-7.555336e-7,7.772955e-7,-103.590,8.464504e-7,0,0,0,0
2008,1780759897049,14.526,0,-1.805968e-7,-7.415362e-7,7.632111e-7,-103.688,8.460371e-7,0,0,0,0
2009,1780759897099,12.597,0,-1.860880e-7,-7.454867e-7,7.683613e-7,-104.016,8.456280e-7,0,0,0,0
2010,1780759897149,13.484,0,-1.716189e-7,-7.485253e-7,7.679473e-7,-102.913,8.450722e-7,0,0,0,0
2011,1780759897201,13.388,0,-1.557454e-7,-7.584201e-7,7.742465e-7,-101.605,8.446617e-7,0,0,0,0
2012,1780759897249,12.466,0,-1.421201e-7,-7.687147e-7,7.817419e-7,-100.475,8.441107e-7,0,0,0,0
2013,1780759897300,13.460,0,-1.276181e-7,-7.708356e-7,7.813283e-7,-99.401,8.436955e-7,0,0,0,0
2014,1780759897348,12.495,0,-1.164510e-7,-7.772807e-7,7.859556e-7,-98.521,8.431320e-7,0,0,0,0
2015,1780759897399,13.375,0,-1.073227e-7,-7.679950e-7,7.754576e-7,-97.955,8.426820e-7,0,0,0,0
2016,1780759897447,12.871,0,-1.126272e-7,-7.706256e-7,7.788123e-7,-98.315,8.422013e-7,0,0,0,0
2017,1780759897496,11.908,0,-1.214983e-7,-7.661843e-7,7.757578e-7,-99.011,8.414801e-7,0,0,0,0
2018,1780759897545,14.439,0,-1.286477e-7,-7.601024e-7,7.709123e-7,-99.606,8.408852e-7,0,0,0,0
2019,1780759897596,14.322,0,-1.350355e-7,-7.650071e-7,7.768336e-7,-100.010,8.400266e-7,0,0,0,0
2020,1780759897647,14.492,0,-1.320769e-7,-7.584841e-7,7.698977e-7,-99.878,8.393331e-7,0,0,0,0
2021,1780759897696,12.746,0,-1.351740e-7,-7.674602e-7,7.792735e-7,-99.989,8.386090e-7,0,0,0,0
2022,1780759897747,13.213,0,-1.304541e-7,-7.658876e-7,7.769183e-7,-99.666,8.376076e-7,0,0,0,0
2023,1780759897798,13.324,0,-1.269187e-7,-7.626819e-7,7.731701e-7,-99.448,8.368518e-7,0,0,0,0
2024,1780759897849,13.273,0,-1.215747e-7,-7.620820e-7,7.717185e-7,-99.064,8.358848e-7,0,0,0,0
2025,1780759897899,14.098,0,-1.113368e-7,-7.562317e-7,7.643836e-7,-98.375,8.352097e-7,0,0,0,0
2026,1780759897949,14.523,0,-1.048990e-7,-7.633377e-7,7.705117e-7,-97.825,8.345885e-7,0,0,0,0
2027,1780759898000,12.300,0,-8.976300e-8,-7.595011e-7,7.647871e-7,-96.740,8.338277e-7,0,0,0,0
2028,1780759898050,13.399,0,-7.878058e-8,-7.695782e-7,7.736001e-7,-95.845,8.333153e-7,0,0,0,0
2029,1780759898099,14.507,0,-6.155716e-8,-7.587006e-7,7.611937e-7,-94.639,8.327011e-7,0,0,0,0
2030,1780759898150,14.589,0,-4.789855e-8,-7.478498e-7,7.493821e-7,-93.665,8.322980e-7,0,0,0,0
2031,1780759898201,14.555,0,-3.746012e-8,-7.414698e-7,7.424154e-7,-92.892,8.318258e-7,0,0,0,0
2032,1780759898252,14.636,0,-2.332193e-8,-7.305982e-7,7.309703e-7,-91.828,8.315211e-7,0,0,0,0
2033,1780759898302,13.369,0,-1.228863e-8,-7.454911e-7,7.455923e-7,-90.944,8.312542e-7,0,0,0,0
2034,1780759898350,12.529,0,-9.415562e-10,-7.489236e-7,7.489242e-7,-90.072,8.309032e-7,0,0,0,0
2035,1780759898400,14.343,0,1.929153e-9,-7.661107e-7,7.661131e-7,-89.856,8.306323e-7,0,0,0,0
2036,1780759898449,12.556,0,5.270888e-9,-7.794604e-7,7.794782e-7,-89.613,8.302422e-7,0,0,0,0
2037,1780759898500,13.281,0,6.294729e-9,-7.883749e-7,7.884000e-7,-89.543,8.299362e-7,0,0,0,0
2038,1780759898549,14.514,0,8.389627e-9,-8.116151e-7,8.116585e-7,-89.408,8.296228e-7,0,0,0,0
2039,1780759898599,12.469,0,1.554071e-8,-8.246159e-7,8.247623e-7,-88.920,8.291996e-7,0,0,0,0
2040,1780759898649,13.958,0,1.970991e-8,-8.533984e-7,8.536259e-7,-88.677,8.288828e-7,0,0,0,0
2041,1780759898698,12.925,0,2.954154e-8,-8.662654e-7,8.667690e-7,-88.047,8.284599e-7,0,0,0,0
2042,1780759898749,13.310,0,4.063923e-8,-8.806049e-7,8.815421e-7,-87.358,8.281487e-7,0,0,0,0
2043,1780759898799,13.430,0,4.794005e-8,-8.874066e-7,8.887006e-7,-86.908,8.278567e-7,0,0,0,0
2044,1780759898849,14.406,0,5.167477e-8,-8.877539e-7,8.892566e-7,-86.669,8.274792e-7,0,0,0,0
2045,1780759898899,12.569,0,5.463017e-8,-8.925699e-7,8.942402e-7,-86.498,8.271854e-7,0,0,0,0
2046,1780759898949,13.465,0,5.637415e-8,-8.849010e-7,8.866949e-7,-86.355,8.267524e-7,0,0,0,0
2047,1780759898999,14.464,0,4.930902e-8,-8.914115e-7,8.927743e-7,-86.834,8.263692e-7,0,0,0,0
2048,1780759899050,12.384,0,5.431095e-8,-8.799481e-7,8.816226e-7,-86.468,8.257773e-7,0,0,0,0
2049,1780759899099,14.059,0,5.521723e-8,-8.734710e-7,8.752146e-7,-86.383,8.252975e-7,0,0,0,0
2050,1780759899149,12.149,0,5.132190e-8,-8.699345e-7,8.714471e-7,-86.624,8.247803e-7,0,0,0,0
2051,1780759899199,13.222,0,4.206466e-8,-8.562975e-7,8.573301e-7,-87.188,8.240106e-7,0,0,0,0
2052,1780759899250,13.456,0,2.802885e-8,-8.558567e-7,8.563155e-7,-88.124,8.233736e-7,0,0,0,0
2053,1780759899299,12.436,0,1.842165e-8,-8.464056e-7,8.466060e-7,-88.753,8.224604e-7,0,0,0,0
2054,1780759899347,14.599,0,6.811533e-9,-8.520985e-7,8.521258e-7,-89.542,8.217621e-7,0,0,0,0
2055,1780759899398,12.463,0,-2.446584e-9,-8.554679e-7,8.554714e-7,-90.164,8.210738e-7,0,0,0,0
2056,1780759899448,13.216,0,-8.575998e-9,-8.613168e-7,8.613595e-7,-90.570,8.202118e-7,0,0,0,0
2057,1780759899498,13.779,0,-1.531218e-8,-8.650889e-7,8.652244e-7,-91.014,8.196242e-7,0,0,0,0
2058,1780759899549,14.166,0,-1.784309e-8,-8.516144e-7,8.518013e-7,-91.200,8.189019e-7,0,0,0,0
2059,1780759899599,11.864,0,-2.049500e-8,-8.535561e-7,8.538021e-7,-91.375,8.184115e-7,0,0,0,0
2060,1780759899649,13.132,0,-2.266413e-8,-8.417500e-7,8.420550e-7,-91.542,8.179657e-7,0,0,0,0
2061,1780759899697,12.550,0,-2.419716e-8,-8.430408e-7,8.433880e-7,-91.644,8.174256e-7,0,0,0,0
2062,1780759899747,14.311,0,-2.735993e-8,-8.370546e-7,8.375016e-7,-91.872,8.170808e-7,0,0,0,0
2063,1780759899797,12.330,0,-3.053696e-8,-8.231459e-7,8.237121e-7,-92.125,8.166781e-7,0,0,0,0
2064,1780759899845,12.001,0,-3.322198e-8,-8.212961e-7,8.219677e-7,-92.316,8.164000e-7,0,0,0,0
2065,1780759899895,13.338,0,-3.206731e-8,-8.040331e-7,8.046723e-7,-92.284,8.160398e-7,0,0,0,0
2066,1780759899946,13.334,0,-3.058779e-8,-8.041378e-7,8.047194e-7,-92.178,8.157758e-7,0,0,0,0
2067,1780759899995,11.659,0,-2.411987e-8,-8.028297e-7,8.031919e-7,-91.721,8.155158e-7,0,0,0,0
2068,1780759900044,13.992,0,-1.854152e-8,-8.042022e-7,8.044159e-7,-91.321,8.151799e-7,0,0,0,0
2069,1780759900094,14.524,0,-1.427912e-8,-8.045554e-7,8.046821e-7,-91.017,8.149383e-7,0,0,0,0
2070,1780759900146,13.894,0,-1.267829e-8,-7.944768e-7,7.945779e-7,-90.914,8.145963e-7,0,0,0,0
2071,1780759900198,13.345,0,-1.156622e-8,-7.978619e-7,7.979457e-7,-90.831,8.143112e-7,0,0,0,0
2072,1780759900249,13.267,0,-7.302242e-9,-7.875783e-7,7.876122e-7,-90.531,8.140127e-7,0,0,0,0
2073,1780759900299,13.572,0,-1.017957e-8,-7.907990e-7,7.908645e-7,-90.737,8.135714e-7,0,0,0,0
2074,1780759900349,14.448,0,-1.461111e-8,-7.836049e-7,7.837411e-7,-91.068,8.131917e-7,0,0,0,0
2075,1780759900399,12.684,0,-1.991309e-8,-7.756909e-7,7.759465e-7,-91.471,8.125926e-7,0,0,0,0
2076,1780759900449,13.493,0,-3.130453e-8,-7.632329e-7,7.638746e-7,-92.349,8.120692e-7,0,0,0,0
2077,1780759900500,13.927,0,-4.178757e-8,-7.354092e-7,7.365954e-7,-93.252,8.114704e-7,0,0,0,0
2078,1780759900549,12.805,0,-5.171552e-8,-7.275168e-7,7.293526e-7,-94.066,8.105636e-7,0,0,0,0
2079,1780759900599,13.495,0,-5.748763e-8,-7.068688e-7,7.092026e-7,-94.649,8.098176e-7,0,0,0,0
2080,1780759900648,12.558,0,-6.947674e-8,-6.975144e-7,7.009660e-7,-95.688,8.087497e-7,0,0,0,0
2081,1780759900699,13.286,0,-8.042690e-8,-6.892146e-7,6.938913e-7,-96.656,8.078922e-7,0,0,0,0
2082,1780759900747,12.524,0,-8.712709e-8,-6.786094e-7,6.841797e-7,-97.316,8.066806e-7,0,0,0,0
2083,1780759900798,13.271,0,-9.174660e-8,-6.834857e-7,6.896159e-7,-97.645,8.057512e-7,0,0,0,0
2084,1780759900848,13.767,0,-9.317576e-8,-6.751937e-7,6.815924e-7,-97.857,8.048244e-7,0,0,0,0
2085,1780759900897,12.478,0,-1.004675e-7,-6.860755e-7,6.933926e-7,-98.331,8.036143e-7,0,0,0,0
2086,1780759900946,14.573,0,-1.125532e-7,-6.972837e-7,7.063093e-7,-99.169,8.027304e-7,0,0,0,0
2087,1780759900997,11.767,0,-1.233476e-7,-7.113162e-7,7.219317e-7,-99.838,8.015748e-7,0,0,0,0
2088,1780759901046,13.787,0,-1.315745e-7,-7.258805e-7,7.377088e-7,-100.274,8.007396e-7,0,0,0,0
2089,1780759901098,13.310,0,-1.376031e-7,-7.228881e-7,7.358681e-7,-100.777,7.999278e-7,0,0,0,0
2090,1780759901149,13.254,0,-1.435955e-7,-7.308980e-7,7.448701e-7,-101.115,7.988775e-7,0,0,0,0
2091,1780759901199,13.533,0,-1.447987e-7,-7.220681e-7,7.364435e-7,-101.339,7.981036e-7,0,0,0,0
2092,1780759901249,11.816,0,-1.462046e-7,-7.253179e-7,7.399067e-7,-101.397,7.970853e-7,0,0,0,0
2093,1780759901298,13.538,0,-1.461642e-7,-7.208328e-7,7.355025e-7,-101.463,7.963427e-7,0,0,0,0
2094,1780759901350,13.341,0,-1.456853e-7,-7.119481e-7,7.267010e-7,-101.565,7.953474e-7,0,0,0,0
2095,1780759901399,14.526,0,-1.380796e-7,-6.973943e-7,7.109324e-7,-101.199,7.946136e-7,0,0,0,0
2096,1780759901448,13.681,0,-1.268901e-7,-6.690812e-7,6.810072e-7,-100.739,7.938910e-7,0,0,0,0
2097,1780759901498,11.635,0,-1.144540e-7,-6.566121e-7,6.665127e-7,-99.888,7.929379e-7,0,0,0,0
2098,1780759901547,14.145,0,-1.042728e-7,-6.280306e-7,6.366280e-7,-99.427,7.922357e-7,0,0,0,0
2099,1780759901597,14.603,0,-9.036830e-8,-6.080749e-7,6.147532e-7,-98.453,7.912807e-7,0,0,0,0
2100,1780759901648,11.733,0,-8.079455e-8,-5.824015e-7,5.879789e-7,-97.898,7.905598e-7,0,0,0,0
2101,1780759901698,13.276,0,-7.442586e-8,-5.520744e-7,5.570686e-7,-97.678,7.898054e-7,0,0,0,0
2102,1780759901749,13.268,0,-6.658056e-8,-5.385597e-7,5.426597e-7,-97.048,7.887482e-7,0,0,0,0
2103,1780759901799,13.531,0,-5.958391e-8,-5.113292e-7,5.147890e-7,-96.647,7.879208e-7,0,0,0,0
2104,1780759901851,13.172,0,-4.896929e-8,-5.055234e-7,5.078896e-7,-95.533,7.867613e-7,0,0,0,0
2105,1780759901902,13.275,0,-3.267057e-8,-4.930030e-7,4.940844e-7,-93.791,7.858701e-7,0,0,0,0
2106,1780759901953,13.280,0,-2.191655e-8,-4.771056e-7,4.776087e-7,-92.630,7.849392e-7,0,0,0,0
2107,1780759902004,13.419,0,-1.086425e-8,-4.664315e-7,4.665580e-7,-91.334,7.836575e-7,0,0,0,0
2108,1780759902052,12.484,0,1.481020e-9,-4.450618e-7,4.450643e-7,-89.809,7.826768e-7,0,0,0,0
2109,1780759902103,13.300,0,1.941758e-8,-4.414510e-7,4.418779e-7,-87.481,7.813753e-7,0,0,0,0
2110,1780759902152,11.957,0,3.933693e-8,-4.260529e-7,4.278650e-7,-84.725,7.804545e-7,0,0,0,0
2111,1780759902201,14.233,0,5.737315e-8,-4.296437e-7,4.334575e-7,-82.394,7.793270e-7,0,0,0,0
2112,1780759902250,12.778,0,7.141650e-8,-4.331454e-7,4.389935e-7,-80.637,7.785907e-7,0,0,0,0
2113,1780759902299,14.477,0,8.213513e-8,-4.398501e-7,4.474531e-7,-79.423,7.779443e-7,0,0,0,0
2114,1780759902350,12.464,0,9.301316e-8,-4.406768e-7,4.503859e-7,-78.082,7.772386e-7,0,0,0,0
2115,1780759902399,13.506,0,1.038668e-7,-4.311600e-7,4.434943e-7,-76.455,7.768206e-7,0,0,0,0
2116,1780759902449,14.440,0,1.232269e-7,-4.395892e-7,4.565342e-7,-74.341,7.764144e-7,0,0,0,0
2117,1780759902499,12.545,0,1.437075e-7,-4.368104e-7,4.598425e-7,-71.789,7.762655e-7,0,0,0,0
2118,1780759902549,13.563,0,1.628521e-7,-4.438255e-7,4.727598e-7,-69.850,7.762338e-7,0,0,0,0
2119,1780759902599,12.042,0,1.779448e-7,-4.467976e-7,4.809287e-7,-68.284,7.763862e-7,0,0,0,0
2120,1780759902648,13.587,0,1.947381e-7,-4.537508e-7,4.937739e-7,-66.772,7.766020e-7,0,0,0,0
2121,1780759902697,12.617,0,2.130755e-7,-4.661535e-7,5.125430e-7,-65.435,7.770127e-7,0,0,0,0
2122,1780759902748,13.238,0,2.284450e-7,-4.613304e-7,5.147940e-7,-63.656,7.774035e-7,0,0,0,0
2123,1780759902797,12.331,0,2.482914e-7,-4.741719e-7,5.352454e-7,-62.362,7.778331e-7,0,0,0,0
2124,1780759902845,11.716,0,2.705982e-7,-4.773783e-7,5.487380e-7,-60.454,7.784909e-7,0,0,0,0
2125,1780759902895,13.247,0,2.867678e-7,-4.870428e-7,5.651959e-7,-59.511,7.790177e-7,0,0,0,0
2126,1780759902945,13.846,0,2.983739e-7,-4.957905e-7,5.786495e-7,-58.960,7.797393e-7,0,0,0,0
2127,1780759902997,13.375,0,3.068860e-7,-4.966926e-7,5.838516e-7,-58.290,7.802665e-7,0,0,0,0
2128,1780759903047,13.985,0,3.159250e-7,-5.097988e-7,5.997528e-7,-58.213,7.809316e-7,0,0,0,0
2129,1780759903097,14.511,0,3.213513e-7,-5.115781e-7,6.041347e-7,-57.865,7.813887e-7,0,0,0,0
2130,1780759903148,14.605,0,3.229892e-7,-5.292682e-7,6.200378e-7,-58.606,7.817744e-7,0,0,0,0
2131,1780759903199,14.549,0,3.212037e-7,-5.373626e-7,6.260434e-7,-59.132,7.821721e-7,0,0,0,0
2132,1780759903249,13.049,0,3.167316e-7,-5.484003e-7,6.332944e-7,-59.991,7.823603e-7,0,0,0,0
2133,1780759903300,13.400,0,3.103960e-7,-5.539626e-7,6.349962e-7,-60.737,7.824867e-7,0,0,0,0
2134,1780759903349,14.564,0,3.029429e-7,-5.507320e-7,6.285540e-7,-61.186,7.824761e-7,0,0,0,0
2135,1780759903399,13.460,0,2.957220e-7,-5.690675e-7,6.413184e-7,-62.541,7.823780e-7,0,0,0,0
2136,1780759903448,11.839,0,2.898746e-7,-5.784357e-7,6.470048e-7,-63.383,7.821830e-7,0,0,0,0
2137,1780759903497,13.896,0,2.871198e-7,-6.004620e-7,6.655767e-7,-64.445,7.820008e-7,0,0,0,0
2138,1780759903546,12.831,0,2.859006e-7,-6.254232e-7,6.876724e-7,-65.433,7.817600e-7,0,0,0,0
2139,1780759903595,12.142,0,2.823505e-7,-6.448160e-7,7.039244e-7,-66.352,7.815752e-7,0,0,0,0
2140,1780759903644,14.307,0,2.800416e-7,-6.747647e-7,7.305687e-7,-67.461,7.814058e-7,0,0,0,0
2141,1780759903694,14.513,0,2.770373e-7,-6.901048e-7,7.436358e-7,-68.127,7.812486e-7,0,0,0,0
2142,1780759903745,14.520,0,2.745119e-7,-7.302508e-7,7.801429e-7,-69.398,7.811757e-7,0,0,0,0
2143,1780759903796,14.524,0,2.699402e-7,-7.644321e-7,8.106936e-7,-70.551,7.811544e-7,0,0,0,0
2144,1780759903847,14.479,0,2.653443e-7,-7.917850e-7,8.350635e-7,-71.473,7.811590e-7,0,0,0,0
2145,1780759903898,14.518,0,2.612352e-7,-8.179344e-7,8.586388e-7,-72.287,7.812160e-7,0,0,0,0
2146,1780759903949,14.543,0,2.519050e-7,-8.297473e-7,8.671429e-7,-73.112,7.812749e-7,0,0,0,0
2147,1780759903999,12.482,0,2.464150e-7,-8.500066e-7,8.850037e-7,-73.833,7.813339e-7,0,0,0,0
2148,1780759904049,13.939,0,2.363295e-7,-8.517174e-7,8.838971e-7,-74.492,7.814402e-7,0,0,0,0
2149,1780759904099,14.430,0,2.297775e-7,-8.653425e-7,8.953298e-7,-75.129,7.815035e-7,0,0,0,0
2150,1780759904150,14.555,0,2.239941e-7,-8.700489e-7,8.984200e-7,-75.563,7.815820e-7,0,0,0,0
2151,1780759904201,12.348,0,2.169872e-7,-8.721954e-7,8.987815e-7,-76.029,7.816134e-7,0,0,0,0
2152,1780759904250,14.201,0,2.096855e-7,-8.648138e-7,8.898713e-7,-76.371,7.816169e-7,0,0,0,0
2153,1780759904299,13.217,0,1.988135e-7,-8.430027e-7,8.661295e-7,-76.730,7.815714e-7,0,0,0,0
2154,1780759904350,13.281,0,1.933266e-7,-8.354631e-7,8.575394e-7,-76.971,7.814735e-7,0,0,0,0
2155,1780759904400,14.091,0,1.834007e-7,-8.096272e-7,8.301397e-7,-77.236,7.812771e-7,0,0,0,0
2156,1780759904449,12.777,0,1.713387e-7,-7.948178e-7,8.130758e-7,-77.835,7.810419e-7,0,0,0,0
2157,1780759904498,14.485,0,1.558099e-7,-7.753135e-7,7.908146e-7,-78.637,7.807595e-7,0,0,0,0
2158,1780759904550,14.416,0,1.425252e-7,-7.534054e-7,7.667680e-7,-79.288,7.802635e-7,0,0,0,0
2159,1780759904600,14.486,0,1.362197e-7,-7.353031e-7,7.478144e-7,-79.505,7.798016e-7,0,0,0,0
2160,1780759904650,13.287,0,1.295060e-7,-7.020549e-7,7.138998e-7,-79.548,7.790874e-7,0,0,0,0
2161,1780759904699,14.487,0,1.249745e-7,-6.792358e-7,6.906373e-7,-79.575,7.784593e-7,0,0,0,0
2162,1780759904750,14.487,0,1.194587e-7,-6.461802e-7,6.571295e-7,-79.526,7.775667e-7,0,0,0,0
2163,1780759904800,13.409,0,1.214773e-7,-6.245767e-7,6.362805e-7,-78.994,7.768504e-7,0,0,0,0
2164,1780759904849,12.158,0,1.277892e-7,-6.076883e-7,6.209791e-7,-78.124,7.761531e-7,0,0,0,0
2165,1780759904898,14.253,0,1.409365e-7,-5.804832e-7,5.973473e-7,-76.353,7.752746e-7,0,0,0,0
2166,1780759904948,11.690,0,1.566975e-7,-5.674903e-7,5.887269e-7,-74.564,7.746466e-7,0,0,0,0
2167,1780759904998,13.200,0,1.699683e-7,-5.448899e-7,5.707839e-7,-72.676,7.738522e-7,0,0,0,0
2168,1780759905048,13.926,0,1.877752e-7,-5.376836e-7,5.695289e-7,-70.749,7.732857e-7,0,0,0,0
2169,1780759905097,12.798,0,2.055897e-7,-5.222365e-7,5.612469e-7,-68.512,7.727947e-7,0,0,0,0
2170,1780759905147,14.246,0,2.291398e-7,-5.054729e-7,5.549846e-7,-65.614,7.722247e-7,0,0,0,0
2171,1780759905197,14.557,0,2.582521e-7,-4.869005e-7,5.511499e-7,-62.059,7.718913e-7,0,0,0,0
2172,1780759905248,14.523,0,2.818010e-7,-4.628142e-7,5.418568e-7,-58.663,7.715981e-7,0,0,0,0
2173,1780759905299,14.394,0,3.092838e-7,-4.601392e-7,5.544227e-7,-56.093,7.714792e-7,0,0,0,0
2174,1780759905349,12.475,0,3.244405e-7,-4.481692e-7,5.532787e-7,-54.098,7.714766e-7,0,0,0,0
2175,1780759905399,13.491,0,3.377507e-7,-4.492965e-7,5.620880e-7,-53.067,7.715696e-7,0,0,0,0
2176,1780759905451,13.202,0,3.501346e-7,-4.510603e-7,5.710075e-7,-52.180,7.717034e-7,0,0,0,0
2177,1780759905500,14.595,0,3.611119e-7,-4.505806e-7,5.774294e-7,-51.290,7.719307e-7,0,0,0,0
2178,1780759905551,14.488,0,3.744943e-7,-4.586014e-7,5.920821e-7,-50.765,7.721455e-7,0,0,0,0
2179,1780759905600,13.740,0,3.835252e-7,-4.554701e-7,5.954365e-7,-49.901,7.724950e-7,0,0,0,0
2180,1780759905649,12.924,0,4.026288e-7,-4.779865e-7,6.249648e-7,-49.891,7.727754e-7,0,0,0,0
2181,1780759905698,14.375,0,4.177603e-7,-4.878479e-7,6.422766e-7,-49.425,7.731217e-7,0,0,0,0
2182,1780759905749,11.783,0,4.303618e-7,-5.043936e-7,6.630416e-7,-49.528,7.736155e-7,0,0,0,0
2183,1780759905799,13.302,0,4.384799e-7,-5.199669e-7,6.801693e-7,-49.860,7.740106e-7,0,0,0,0
2184,1780759905849,13.353,0,4.326104e-7,-5.296296e-7,6.838562e-7,-50.757,7.744971e-7,0,0,0,0
2185,1780759905900,13.378,0,4.308490e-7,-5.549818e-7,7.025921e-7,-52.177,7.747609e-7,0,0,0,0
2186,1780759905952,13.295,0,4.278222e-7,-5.687326e-7,7.116802e-7,-53.048,7.749479e-7,0,0,0,0
2187,1780759906001,12.356,0,4.307835e-7,-5.960901e-7,7.354576e-7,-54.145,7.750476e-7,0,0,0,0
2188,1780759906049,12.030,0,4.278423e-7,-6.150951e-7,7.492603e-7,-55.179,7.750669e-7,0,0,0,0
2189,1780759906098,14.296,0,4.236751e-7,-6.473832e-7,7.736961e-7,-56.798,7.749465e-7,0,0,0,0
2190,1780759906149,14.073,0,4.146067e-7,-6.873756e-7,8.027352e-7,-58.903,7.747758e-7,0,0,0,0
2191,1780759906199,12.233,0,4.045770e-7,-7.135778e-7,8.202901e-7,-60.448,7.745503e-7,0,0,0,0
2192,1780759906248,13.539,0,3.969026e-7,-7.490897e-7,8.477423e-7,-62.083,7.741741e-7,0,0,0,0
2193,1780759906298,12.239,0,3.775080e-7,-7.676982e-7,8.554957e-7,-63.815,7.738803e-7,0,0,0,0
2194,1780759906347,14.343,0,3.568840e-7,-7.947865e-7,8.712358e-7,-65.818,7.733951e-7,0,0,0,0
2195,1780759906398,14.332,0,3.329077e-7,-8.132655e-7,8.787652e-7,-67.738,7.729944e-7,0,0,0,0
2196,1780759906448,14.648,0,3.129663e-7,-8.233965e-7,8.808687e-7,-69.189,7.723967e-7,0,0,0,0
2197,1780759906499,14.509,0,2.992758e-7,-8.347252e-7,8.867537e-7,-70.276,7.719542e-7,0,0,0,0
2198,1780759906549,12.742,0,2.862502e-7,-8.268175e-7,8.749665e-7,-70.904,7.715464e-7,0,0,0,0
2199,1780759906598,14.553,0,2.879200e-7,-8.393563e-7,8.873652e-7,-71.067,7.710496e-7,0,0,0,0
2200,1780759906650,14.413,0,2.870394e-7,-8.347881e-7,8.827586e-7,-71.025,7.707829e-7,0,0,0,0
2201,1780759906700,12.062,0,2.876462e-7,-8.299781e-7,8.784099e-7,-70.885,7.704962e-7,0,0,0,0
2202,1780759906749,14.338,0,2.846409e-7,-8.245155e-7,8.722651e-7,-70.954,7.703544e-7,0,0,0,0
2203,1780759906799,14.549,0,2.772141e-7,-8.091952e-7,8.553622e-7,-71.090,7.702498e-7,0,0,0,0
2204,1780759906850,14.430,0,2.798892e-7,-8.019460e-7,8.493852e-7,-70.760,7.701792e-7,0,0,0,0
2205,1780759906899,14.018,0,2.792857e-7,-7.780370e-7,8.266451e-7,-70.254,7.702094e-7,0,0,0,0
2206,1780759906949,14.587,0,2.856913e-7,-7.615129e-7,8.133396e-7,-69.436,7.702851e-7,0,0,0,0
2207,1780759906999,12.505,0,2.874653e-7,-7.319515e-7,7.863773e-7,-68.558,7.703895e-7,0,0,0,0
2208,1780759907049,13.332,0,2.877550e-7,-7.052396e-7,7.616861e-7,-67.803,7.705372e-7,0,0,0,0
2209,1780759907100,14.232,0,2.880272e-7,-6.866100e-7,7.445757e-7,-67.242,7.706534e-7,0,0,0,0
2210,1780759907149,13.047,0,2.875962e-7,-6.581433e-7,7.182368e-7,-66.396,7.707561e-7,0,0,0,0
2211,1780759907198,12.023,0,2.966665e-7,-6.433151e-7,7.084245e-7,-65.243,7.708504e-7,0,0,0,0
2212,1780759907248,13.255,0,2.967151e-7,-6.147269e-7,6.825899e-7,-64.234,7.709111e-7,0,0,0,0
2213,1780759907299,13.312,0,3.002308e-7,-5.977058e-7,6.688728e-7,-63.329,7.709070e-7,0,0,0,0
2214,1780759907349,13.413,0,3.016207e-7,-5.718377e-7,6.465086e-7,-62.190,7.708869e-7,0,0,0,0
2215,1780759907399,14.512,0,3.057655e-7,-5.472376e-7,6.268665e-7,-60.806,7.708098e-7,0,0,0,0
2216,1780759907449,12.398,0,3.130628e-7,-5.276925e-7,6.135697e-7,-59.321,7.706370e-7,0,0,0,0
2217,1780759907499,13.392,0,3.175101e-7,-5.008936e-7,5.930490e-7,-57.630,7.704612e-7,0,0,0,0
2218,1780759907549,14.456,0,3.235138e-7,-5.040947e-7,5.989763e-7,-57.309,7.701360e-7,0,0,0,0
2219,1780759907599,12.496,0,3.229648e-7,-4.985106e-7,5.939857e-7,-57.062,7.698550e-7,0,0,0,0
2220,1780759907650,13.206,0,3.235778e-7,-5.028237e-7,5.979417e-7,-57.238,7.695010e-7,0,0,0,0
2221,1780759907699,14.491,0,3.207802e-7,-5.050021e-7,5.982700e-7,-57.576,7.689795e-7,0,0,0,0
2222,1780759907750,14.461,0,3.177187e-7,-5.010053e-7,5.932550e-7,-57.619,7.685501e-7,0,0,0,0
2223,1780759907799,14.261,0,3.297403e-7,-5.054595e-7,6.035047e-7,-56.881,7.680077e-7,0,0,0,0
2224,1780759907849,11.721,0,3.362003e-7,-4.952126e-7,5.985534e-7,-55.827,7.676947e-7,0,0,0,0
2225,1780759907898,13.641,0,3.533242e-7,-5.014819e-7,6.134510e-7,-54.833,7.673456e-7,0,0,0,0
2226,1780759907950,13.263,0,3.689722e-7,-5.038959e-7,6.245410e-7,-53.787,7.671919e-7,0,0,0,0
2227,1780759907998,12.482,0,3.770510e-7,-5.061691e-7,6.311692e-7,-53.317,7.670872e-7,0,0,0,0
2228,1780759908049,13.335,0,3.854821e-7,-5.140387e-7,6.425202e-7,-53.133,7.670554e-7,0,0,0,0
2229,1780759908100,13.346,0,3.898574e-7,-5.170743e-7,6.475759e-7,-52.985,7.671015e-7,0,0,0,0
2230,1780759908149,11.753,0,4.050145e-7,-5.404481e-7,6.753672e-7,-53.152,7.672322e-7,0,0,0,0
2231,1780759908198,14.029,0,4.179948e-7,-5.517908e-7,6.922375e-7,-52.855,7.674209e-7,0,0,0,0
2232,1780759908248,12.040,0,4.327008e-7,-5.796063e-7,7.233073e-7,-53.257,7.676393e-7,0,0,0,0
2233,1780759908297,13.597,0,4.427634e-7,-6.037292e-7,7.486844e-7,-53.744,7.679896e-7,0,0,0,0
2234,1780759908347,12.025,0,4.517462e-7,-6.220149e-7,7.687504e-7,-54.010,7.682661e-7,0,0,0,0
2235,1780759908397,13.288,0,4.626314e-7,-6.417956e-7,7.911570e-7,-54.214,7.686736e-7,0,0,0,0
2236,1780759908448,13.229,0,4.597998e-7,-6.488985e-7,7.952894e-7,-54.679,7.690104e-7,0,0,0,0
2237,1780759908497,11.803,0,4.612986e-7,-6.594487e-7,8.047789e-7,-55.026,7.693177e-7,0,0,0,0
2238,1780759908547,13.263,0,4.548040e-7,-6.581577e-7,8.000114e-7,-55.355,7.697398e-7,0,0,0,0
2239,1780759908598,13.308,0,4.534242e-7,-6.637184e-7,8.038131e-7,-55.661,7.700137e-7,0,0,0,0
2240,1780759908649,13.321,0,4.505839e-7,-6.670941e-7,8.050096e-7,-55.963,7.703761e-7,0,0,0,0
2241,1780759908697,12.561,0,4.415826e-7,-6.669710e-7,7.999034e-7,-56.493,7.706192e-7,0,0,0,0
2242,1780759908747,14.030,0,4.370441e-7,-6.742652e-7,8.035180e-7,-57.050,7.709211e-7,0,0,0,0
2243,1780759908798,13.650,0,4.217081e-7,-6.673752e-7,7.894476e-7,-57.712,7.711363e-7,0,0,0,0
2244,1780759908849,14.213,0,4.134607e-7,-6.732250e-7,7.900517e-7,-58.444,7.712706e-7,0,0,0,0
2245,1780759908899,14.555,0,3.972025e-7,-6.674506e-7,7.766982e-7,-59.243,7.713690e-7,0,0,0,0
2246,1780759908950,14.596,0,3.936641e-7,-6.637110e-7,7.716759e-7,-59.327,7.713485e-7,0,0,0,0
2247,1780759909001,14.561,0,3.916304e-7,-6.570169e-7,7.648827e-7,-59.202,7.712810e-7,0,0,0,0
2248,1780759909052,14.520,0,3.841797e-7,-6.403971e-7,7.467948e-7,-59.040,7.711691e-7,0,0,0,0
2249,1780759909102,12.420,0,3.845791e-7,-6.350320e-7,7.424060e-7,-58.801,7.709885e-7,0,0,0,0
2250,1780759909153,13.372,0,3.724178e-7,-6.173613e-7,7.209924e-7,-58.900,7.707003e-7,0,0,0,0
2251,1780759909201,12.740,0,3.712885e-7,-6.044681e-7,7.093919e-7,-58.440,7.704206e-7,0,0,0,0
2252,1780759909251,14.135,0,3.716004e-7,-5.845187e-7,6.926391e-7,-57.554,7.700920e-7,0,0,0,0
2253,1780759909300,12.439,0,3.720693e-7,-5.615823e-7,6.736544e-7,-56.474,7.698517e-7,0,0,0,0
2254,1780759909350,13.847,0,3.798874e-7,-5.436465e-7,6.632239e-7,-55.055,7.696386e-7,0,0,0,0
2255,1780759909399,12.770,0,3.834430e-7,-5.171043e-7,6.437588e-7,-53.442,7.694297e-7,0,0,0,0
2256,1780759909449,13.449,0,3.976847e-7,-5.151113e-7,6.507632e-7,-52.331,7.693004e-7,0,0,0,0
2257,1780759909499,14.487,0,4.067181e-7,-5.014101e-7,6.456251e-7,-50.953,7.692446e-7,0,0,0,0
2258,1780759909549,12.564,0,4.200778e-7,-4.936536e-7,6.481969e-7,-49.604,7.692518e-7,0,0,0,0
2259,1780759909600,13.285,0,4.363198e-7,-4.891038e-7,6.554369e-7,-48.264,7.693912e-7,0,0,0,0
2260,1780759909649,14.422,0,4.476670e-7,-4.826657e-7,6.583099e-7,-47.154,7.695669e-7,0,0,0,0
2261,1780759909698,13.499,0,4.673796e-7,-4.833651e-7,6.723730e-7,-45.963,7.697961e-7,0,0,0,0
2262,1780759909749,13.932,0,4.746819e-7,-4.720331e-7,6.694312e-7,-44.840,7.702411e-7,0,0,0,0
2263,1780759909799,14.435,0,4.874152e-7,-4.733535e-7,6.794388e-7,-44.161,7.706216e-7,0,0,0,0
2264,1780759909848,13.582,0,4.928802e-7,-4.699079e-7,6.809877e-7,-43.633,7.712403e-7,0,0,0,0
2265,1780759909900,12.596,0,5.103876e-7,-4.776567e-7,6.990361e-7,-43.103,7.717400e-7,0,0,0,0
2266,1780759909950,13.742,0,5.292516e-7,-4.915973e-7,7.223400e-7,-42.888,7.723275e-7,0,0,0,0
2267,1780759910000,14.471,0,5.364256e-7,-4.999217e-7,7.332627e-7,-42.983,7.732058e-7,0,0,0,0
2268,1780759910051,11.987,0,5.519176e-7,-5.226358e-7,7.601060e-7,-43.439,7.738867e-7,0,0,0,0
2269,1780759910100,13.897,0,5.555867e-7,-5.343316e-7,7.708352e-7,-43.883,7.748471e-7,0,0,0,0
2270,1780759910149,12.547,0,5.659434e-7,-5.610191e-7,7.968904e-7,-44.750,7.755423e-7,0,0,0,0
2271,1780759910199,13.436,0,5.725540e-7,-5.802921e-7,8.152037e-7,-45.385,7.762545e-7,0,0,0,0
2272,1780759910249,14.406,0,5.778791e-7,-5.990422e-7,8.323436e-7,-46.030,7.771698e-7,0,0,0,0
2273,1780759910298,13.714,0,5.807738e-7,-6.205636e-7,8.499396e-7,-46.897,7.778350e-7,0,0,0,0
2274,1780759910347,12.457,0,5.673344e-7,-6.323325e-7,8.495368e-7,-48.101,7.786817e-7,0,0,0,0
2275,1780759910396,11.951,0,5.536413e-7,-6.570914e-7,8.592367e-7,-49.884,7.792158e-7,0,0,0,0
2276,1780759910446,13.156,0,5.313569e-7,-6.688407e-7,8.542178e-7,-51.535,7.798025e-7,0,0,0,0
2277,1780759910497,13.292,0,5.194277e-7,-6.804223e-7,8.560254e-7,-52.642,7.800949e-7,0,0,0,0
2278,1780759910546,12.194,0,5.119573e-7,-6.913465e-7,8.602676e-7,-53.479,7.803334e-7,0,0,0,0
2279,1780759910595,13.429,0,5.012291e-7,-6.935881e-7,8.557424e-7,-54.146,7.805519e-7,0,0,0,0
2280,1780759910647,13.285,0,4.968375e-7,-6.959308e-7,8.550831e-7,-54.476,7.806302e-7,0,0,0,0
2281,1780759910697,14.258,0,4.833693e-7,-6.840649e-7,8.376101e-7,-54.754,7.806711e-7,0,0,0,0
2282,1780759910746,12.435,0,4.783468e-7,-6.837917e-7,8.344979e-7,-55.025,7.806139e-7,0,0,0,0
2283,1780759910796,14.037,0,4.636878e-7,-6.745968e-7,8.185885e-7,-55.497,7.805382e-7,0,0,0,0
2284,1780759910846,14.502,0,4.561332e-7,-6.726404e-7,8.127131e-7,-55.858,7.803465e-7,0,0,0,0
2285,1780759910896,13.203,0,4.547009e-7,-6.690214e-7,8.089144e-7,-55.798,7.801919e-7,0,0,0,0
2286,1780759910946,14.341,0,4.443716e-7,-6.496813e-7,7.871162e-7,-55.628,7.799957e-7,0,0,0,0
2287,1780759910994,13.876,0,4.485039e-7,-6.342602e-7,7.768151e-7,-54.735,7.798395e-7,0,0,0,0
2288,1780759911043,12.425,0,4.356333e-7,-6.063917e-7,7.466507e-7,-54.306,7.797257e-7,0,0,0,0
2289,1780759911092,14.552,0,4.332603e-7,-5.852384e-7,7.281610e-7,-53.487,7.795335e-7,0,0,0,0
2290,1780759911143,14.538,0,4.321498e-7,-5.561204e-7,7.042893e-7,-52.150,7.794156e-7,0,0,0,0
2291,1780759911194,14.565,0,4.358700e-7,-5.303828e-7,6.865045e-7,-50.587,7.792855e-7,0,0,0,0
2292,1780759911245,14.585,0,4.514771e-7,-5.099832e-7,6.811127e-7,-48.482,7.792521e-7,0,0,0,0
2293,1780759911296,11.923,0,4.569167e-7,-4.834654e-7,6.652155e-7,-46.617,7.793455e-7,0,0,0,0
2294,1780759911345,13.565,0,4.736479e-7,-4.672546e-7,6.653339e-7,-44.611,7.794839e-7,0,0,0,0
2295,1780759911395,12.202,0,4.858744e-7,-4.372315e-7,6.536401e-7,-41.984,7.797225e-7,0,0,0,0
2296,1780759911445,13.327,0,5.087667e-7,-4.123813e-7,6.549061e-7,-39.027,7.801415e-7,0,0,0,0
2297,1780759911496,13.238,0,5.351911e-7,-3.833329e-7,6.583112e-7,-35.612,7.805950e-7,0,0,0,0
2298,1780759911547,13.308,0,5.571103e-7,-3.561652e-7,6.612303e-7,-32.591,7.813640e-7,0,0,0,0
2299,1780759911595,12.526,0,5.847013e-7,-3.474521e-7,6.801460e-7,-30.720,7.820885e-7,0,0,0,0
2300,1780759911646,13.299,0,6.004142e-7,-3.373188e-7,6.886808e-7,-29.328,7.829353e-7,0,0,0,0
2301,1780759911695,12.217,0,6.221255e-7,-3.477982e-7,7.127438e-7,-29.207,7.841595e-7,0,0,0,0
2302,1780759911745,13.269,0,6.334772e-7,-3.619339e-7,7.295818e-7,-29.741,7.851656e-7,0,0,0,0
2303,1780759911796,13.271,0,6.393651e-7,-3.830756e-7,7.453420e-7,-30.928,7.865203e-7,0,0,0,0
2304,1780759911846,14.087,0,6.453936e-7,-4.081133e-7,7.636029e-7,-32.307,7.875565e-7,0,0,0,0
2305,1780759911895,12.607,0,6.415629e-7,-4.286691e-7,7.715959e-7,-33.749,7.885848e-7,0,0,0,0
2306,1780759911946,13.288,0,6.509550e-7,-4.636482e-7,7.991947e-7,-35.461,7.899101e-7,0,0,0,0
2307,1780759911995,12.090,0,6.434462e-7,-4.925967e-7,8.103546e-7,-37.436,7.909009e-7,0,0,0,0
2308,1780759912044,14.139,0,6.443257e-7,-5.217119e-7,8.290591e-7,-38.997,7.921126e-7,0,0,0,0
2309,1780759912094,11.869,0,6.411217e-7,-5.456406e-7,8.418792e-7,-40.400,7.929811e-7,0,0,0,0
2310,1780759912144,13.308,0,6.332441e-7,-5.664148e-7,8.496022e-7,-41.812,7.940061e-7,0,0,0,0
2311,1780759912195,13.377,0,6.307424e-7,-5.867000e-7,8.614249e-7,-42.928,7.947048e-7,0,0,0,0
2312,1780759912245,14.276,0,6.141430e-7,-5.993766e-7,8.581514e-7,-44.303,7.953409e-7,0,0,0,0
2313,1780759912295,14.620,0,6.086206e-7,-6.184875e-7,8.677245e-7,-45.461,7.960368e-7,0,0,0,0
2314,1780759912346,14.465,0,5.963337e-7,-6.243812e-7,8.634036e-7,-46.316,7.964961e-7,0,0,0,0
2315,1780759912397,12.084,0,5.816262e-7,-6.260947e-7,8.545664e-7,-47.109,7.969524e-7,0,0,0,0
2316,1780759912447,13.250,0,5.644668e-7,-6.193335e-7,8.379718e-7,-47.654,7.972211e-7,0,0,0,0
2317,1780759912498,13.288,0,5.391167e-7,-6.014631e-7,8.077157e-7,-48.129,7.974020e-7,0,0,0,0
2318,1780759912548,13.372,0,5.279235e-7,-5.892991e-7,7.911869e-7,-48.144,7.975856e-7,0,0,0,0
2319,1780759912597,12.673,0,5.080040e-7,-5.649621e-7,7.597699e-7,-48.039,7.977037e-7,0,0,0,0
2320,1780759912648,13.239,0,5.046257e-7,-5.436387e-7,7.417480e-7,-47.131,7.978023e-7,0,0,0,0
2321,1780759912698,14.322,0,5.013355e-7,-5.142290e-7,7.181704e-7,-45.727,7.979026e-7,0,0,0,0
2322,1780759912747,12.603,0,4.986542e-7,-4.727652e-7,6.871411e-7,-43.473,7.980089e-7,0,0,0,0
2323,1780759912798,13.223,0,5.037067e-7,-4.368398e-7,6.667454e-7,-40.933,7.981279e-7,0,0,0,0
2324,1780759912847,12.026,0,5.016599e-7,-3.964962e-7,6.394309e-7,-38.322,7.982627e-7,0,0,0,0
2325,1780759912897,13.224,0,5.178486e-7,-3.708662e-7,6.369528e-7,-35.609,7.984996e-7,0,0,0,0
2326,1780759912946,12.189,0,5.248225e-7,-3.431002e-7,6.270218e-7,-33.174,7.987665e-7,0,0,0,0
2327,1780759912995,14.169,0,5.432529e-7,-3.290065e-7,6.351134e-7,-31.200,7.991754e-7,0,0,0,0
2328,1780759913045,14.525,0,5.576868e-7,-3.142656e-7,6.401386e-7,-29.402,7.995748e-7,0,0,0,0
2329,1780759913096,14.563,0,5.710264e-7,-3.014485e-7,6.457107e-7,-27.830,8.000199e-7,0,0,0,0
2330,1780759913147,14.490,0,5.918248e-7,-2.990581e-7,6.630931e-7,-26.808,8.007446e-7,0,0,0,0
2331,1780759913198,14.545,0,6.082258e-7,-2.930826e-7,6.751563e-7,-25.728,8.013876e-7,0,0,0,0
2332,1780759913249,14.339,0,6.363865e-7,-2.947988e-7,7.013516e-7,-24.855,8.023934e-7,0,0,0,0
2333,1780759913298,13.488,0,6.464505e-7,-2.951994e-7,7.106623e-7,-24.544,8.032612e-7,0,0,0,0
2334,1780759913349,13.367,0,6.582204e-7,-3.019536e-7,7.241755e-7,-24.643,8.041618e-7,0,0,0,0
2335,1780759913399,11.839,0,6.628908e-7,-3.114160e-7,7.323962e-7,-25.163,8.054489e-7,0,0,0,0
2336,1780759913449,13.233,0,6.577883e-7,-3.193209e-7,7.311986e-7,-25.894,8.064229e-7,0,0,0,0
2337,1780759913499,13.458,0,6.610356e-7,-3.326405e-7,7.400120e-7,-26.712,8.077498e-7,0,0,0,0
2338,1780759913549,14.373,0,6.514341e-7,-3.412625e-7,7.354091e-7,-27.648,8.087432e-7,0,0,0,0
2339,1780759913600,14.595,0,6.544504e-7,-3.640041e-7,7.488687e-7,-29.083,8.100237e-7,0,0,0,0
2340,1780759913651,14.525,0,6.500635e-7,-3.815386e-7,7.537600e-7,-30.410,8.109683e-7,0,0,0,0
2341,1780759913703,14.253,0,6.552410e-7,-4.102706e-7,7.730865e-7,-32.052,8.118649e-7,0,0,0,0
2342,1780759913754,14.219,0,6.600052e-7,-4.396454e-7,7.930289e-7,-33.669,8.130552e-7,0,0,0,0
2343,1780759913805,13.781,0,6.494700e-7,-4.595875e-7,7.956331e-7,-35.285,8.139036e-7,0,0,0,0
2344,1780759913854,12.367,0,6.495552e-7,-4.778859e-7,8.064099e-7,-36.342,8.149623e-7,0,0,0,0
2345,1780759913905,13.291,0,6.351241e-7,-4.851186e-7,7.992012e-7,-37.373,8.157043e-7,0,0,0,0
2346,1780759913956,13.228,0,6.274533e-7,-4.922714e-7,7.975142e-7,-38.116,8.163676e-7,0,0,0,0
2347,1780759914005,12.091,0,6.131000e-7,-4.954820e-7,7.882855e-7,-38.944,8.171624e-7,0,0,0,0
2348,1780759914053,14.532,0,5.980619e-7,-4.924134e-7,7.746928e-7,-39.466,8.176459e-7,0,0,0,0
2349,1780759914104,12.223,0,5.851180e-7,-4.846402e-7,7.597626e-7,-39.634,8.181887e-7,0,0,0,0
2350,1780759914153,14.005,0,5.667111e-7,-4.733884e-7,7.384159e-7,-39.873,8.184978e-7,0,0,0,0
2351,1780759914204,13.626,0,5.653892e-7,-4.712033e-7,7.360010e-7,-39.808,8.187450e-7,0,0,0,0
2352,1780759914254,14.420,0,5.542212e-7,-4.576263e-7,7.187371e-7,-39.547,8.190172e-7,0,0,0,0
2353,1780759914305,14.572,0,5.519663e-7,-4.528308e-7,7.139485e-7,-39.365,8.191567e-7,0,0,0,0
2354,1780759914356,14.579,0,5.429320e-7,-4.434679e-7,7.010270e-7,-39.242,8.193281e-7,0,0,0,0
2355,1780759914407,14.582,0,5.318903e-7,-4.258083e-7,6.813369e-7,-38.679,8.194105e-7,0,0,0,0
2356,1780759914458,12.067,0,5.358651e-7,-4.087301e-7,6.739523e-7,-37.335,8.195408e-7,0,0,0,0
2357,1780759914507,13.826,0,5.355373e-7,-3.806137e-7,6.570137e-7,-35.402,8.196438e-7,0,0,0,0
2358,1780759914559,13.320,0,5.553319e-7,-3.527846e-7,6.579137e-7,-32.426,8.197677e-7,0,0,0,0
2359,1780759914610,13.248,0,5.671793e-7,-3.165600e-7,6.495403e-7,-29.167,8.200117e-7,0,0,0,0
2360,1780759914660,13.481,0,5.806125e-7,-2.977544e-7,6.525094e-7,-27.150,8.202178e-7,0,0,0,0
2361,1780759914709,13.081,0,5.948872e-7,-2.812936e-7,6.580401e-7,-25.307,8.205852e-7,0,0,0,0
2362,1780759914757,12.716,0,6.030304e-7,-2.652185e-7,6.587765e-7,-23.740,8.208985e-7,0,0,0,0
2363,1780759914807,13.285,0,6.220198e-7,-2.517766e-7,6.710440e-7,-22.037,8.212688e-7,0,0,0,0
2364,1780759914858,14.042,0,6.260652e-7,-2.317154e-7,6.675700e-7,-20.310,8.218403e-7,0,0,0,0
2365,1780759914908,14.505,0,6.449454e-7,-2.225231e-7,6.822545e-7,-19.036,8.223158e-7,0,0,0,0
2366,1780759914958,13.108,0,6.558749e-7,-2.173941e-7,6.909646e-7,-18.338,8.230730e-7,0,0,0,0
2367,1780759915007,14.411,0,6.665997e-7,-2.210520e-7,7.022956e-7,-18.346,8.236876e-7,0,0,0,0
2368,1780759915058,14.519,0,6.837119e-7,-2.321668e-7,7.220550e-7,-18.756,8.243754e-7,0,0,0,0
2369,1780759915109,14.539,0,6.873203e-7,-2.372790e-7,7.271249e-7,-19.046,8.253672e-7,0,0,0,0
2370,1780759915160,14.584,0,7.059368e-7,-2.502181e-7,7.489699e-7,-19.517,8.261578e-7,0,0,0,0
2371,1780759915211,11.922,0,7.087847e-7,-2.623801e-7,7.557903e-7,-20.314,8.272903e-7,0,0,0,0
2372,1780759915261,13.173,0,7.179283e-7,-2.810102e-7,7.709655e-7,-21.376,8.281615e-7,0,0,0,0
2373,1780759915311,13.427,0,7.148191e-7,-3.017087e-7,7.758830e-7,-22.883,8.293852e-7,0,0,0,0
2374,1780759915362,13.275,0,7.059929e-7,-3.189228e-7,7.746856e-7,-24.310,8.302862e-7,0,0,0,0
2375,1780759915413,13.406,0,7.032882e-7,-3.392952e-7,7.808556e-7,-25.755,8.311815e-7,0,0,0,0
2376,1780759915464,13.577,0,6.873093e-7,-3.553852e-7,7.737523e-7,-27.342,8.323421e-7,0,0,0,0
2377,1780759915515,13.253,0,6.871676e-7,-3.744174e-7,7.825521e-7,-28.585,8.331833e-7,0,0,0,0
2378,1780759915566,13.315,0,6.681229e-7,-3.892524e-7,7.732436e-7,-30.225,8.342867e-7,0,0,0,0
2379,1780759915616,11.791,0,6.496820e-7,-4.042711e-7,7.651940e-7,-31.892,8.350505e-7,0,0,0,0
2380,1780759915665,13.703,0,6.251525e-7,-4.067646e-7,7.458371e-7,-33.051,8.357737e-7,0,0,0,0
2381,1780759915714,12.977,0,5.995172e-7,-4.010696e-7,7.213028e-7,-33.782,8.366198e-7,0,0,0,0
2382,1780759915764,13.688,0,5.898490e-7,-3.935872e-7,7.091070e-7,-33.714,8.371991e-7,0,0,0,0
2383,1780759915815,13.740,0,5.694183e-7,-3.771271e-7,6.829803e-7,-33.517,8.378980e-7,0,0,0,0
2384,1780759915866,13.377,0,5.687992e-7,-3.630297e-7,6.747763e-7,-32.548,8.383815e-7,0,0,0,0
2385,1780759915916,11.802,0,5.619201e-7,-3.400505e-7,6.568017e-7,-31.181,8.388570e-7,0,0,0,0
2386,1780759915966,13.167,0,5.640122e-7,-3.130375e-7,6.450599e-7,-29.031,8.394420e-7,0,0,0,0
2387,1780759916016,14.125,0,5.706241e-7,-2.831733e-7,6.370235e-7,-26.393,8.398804e-7,0,0,0,0
2388,1780759916066,11.660,0,5.691670e-7,-2.430465e-7,6.188883e-7,-23.124,8.404267e-7,0,0,0,0
2389,1780759916115,13.333,0,5.835621e-7,-2.045846e-7,6.183846e-7,-19.320,8.408178e-7,0,0,0,0
2390,1780759916166,14.280,0,5.856986e-7,-1.649125e-7,6.084726e-7,-15.725,8.413070e-7,0,0,0,0
2391,1780759916216,14.613,0,6.030329e-7,-1.327132e-7,6.174637e-7,-12.412,8.416437e-7,0,0,0,0
2392,1780759916266,12.692,0,6.083438e-7,-1.084880e-7,6.179416e-7,-10.111,8.419730e-7,0,0,0,0
2393,1780759916315,14.613,0,6.181813e-7,-8.950736e-8,6.246277e-7,-8.239,8.423322e-7,0,0,0,0
2394,1780759916366,14.549,0,6.280053e-7,-7.783437e-8,6.328103e-7,-7.065,8.425756e-7,0,0,0,0
2395,1780759916417,14.530,0,6.368990e-7,-7.085972e-8,6.408287e-7,-6.348,8.428319e-7,0,0,0,0
2396,1780759916467,12.514,0,6.568253e-7,-7.277663e-8,6.608448e-7,-6.323,8.430117e-7,0,0,0,0
2397,1780759916516,14.610,0,6.665694e-7,-8.431620e-8,6.718810e-7,-7.209,8.431614e-7,0,0,0,0
2398,1780759916565,13.778,0,6.953565e-7,-1.065467e-7,7.034720e-7,-8.711,8.433287e-7,0,0,0,0
2399,1780759916616,13.265,0,7.138450e-7,-1.291784e-7,7.254390e-7,-10.257,8.434941e-7,0,0,0,0
2400,1780759916666,14.636,0,7.292803e-7,-1.590036e-7,7.464127e-7,-12.300,8.437370e-7,0,0,0,0
2401,1780759916717,12.012,0,7.467928e-7,-1.882197e-7,7.701468e-7,-14.146,8.439875e-7,0,0,0,0
2402,1780759916766,13.609,0,7.487564e-7,-2.134951e-7,7.785989e-7,-15.915,8.442721e-7,0,0,0,0
2403,1780759916816,11.981,0,7.601317e-7,-2.395269e-7,7.969776e-7,-17.490,8.446999e-7,0,0,0,0
2404,1780759916865,13.321,0,7.521872e-7,-2.654021e-7,7.976365e-7,-19.435,8.450501e-7,0,0,0,0
2405,1780759916915,11.878,0,7.473281e-7,-2.905044e-7,8.018055e-7,-21.242,8.455016e-7,0,0,0,0
2406,1780759916964,13.276,0,7.350655e-7,-3.136858e-7,7.991996e-7,-23.110,8.458495e-7,0,0,0,0
2407,1780759917015,13.665,0,7.232228e-7,-3.229353e-7,7.920470e-7,-24.062,8.462881e-7,0,0,0,0
2408,1780759917064,12.964,0,7.144957e-7,-3.317755e-7,7.877684e-7,-24.908,8.466430e-7,0,0,0,0
2409,1780759917114,13.562,0,6.916604e-7,-3.359873e-7,7.689484e-7,-25.909,8.469936e-7,0,0,0,0
2410,1780759917166,13.173,0,6.836381e-7,-3.347099e-7,7.611779e-7,-26.086,8.474682e-7,0,0,0,0
2411,1780759917216,13.683,0,6.613744e-7,-3.279390e-7,7.382142e-7,-26.374,8.478279e-7,0,0,0,0
2412,1780759917267,13.285,0,6.489194e-7,-3.170380e-7,7.222254e-7,-26.038,8.482724e-7,0,0,0,0
2413,1780759917319,13.312,0,6.335334e-7,-3.038461e-7,7.026287e-7,-25.623,8.486034e-7,0,0,0,0
2414,1780759917369,13.596,0,6.171500e-7,-2.898249e-7,6.818157e-7,-25.156,8.489112e-7,0,0,0,0
2415,1780759917421,13.261,0,6.102031e-7,-2.756447e-7,6.695729e-7,-24.310,8.493348e-7,0,0,0,0
2416,1780759917472,13.227,0,5.913467e-7,-2.464302e-7,6.406393e-7,-22.623,8.496626e-7,0,0,0,0
2417,1780759917520,12.464,0,5.941818e-7,-2.060062e-7,6.288804e-7,-19.122,8.501152e-7,0,0,0,0
2418,1780759917570,14.158,0,5.869035e-7,-1.625473e-7,6.089970e-7,-15.480,8.504840e-7,0,0,0,0
2419,1780759917618,13.324,0,5.934476e-7,-1.173940e-7,6.049474e-7,-11.190,8.508651e-7,0,0,0,0
2420,1780759917668,14.320,0,6.053085e-7,-6.724558e-8,6.090323e-7,-6.339,8.514313e-7,0,0,0,0
2421,1780759917717,13.552,0,6.255807e-7,-2.006113e-8,6.259023e-7,-1.837,8.518963e-7,0,0,0,0
2422,1780759917768,13.304,0,6.509626e-7,2.065498e-8,6.512902e-7,1.817,8.526136e-7,0,0,0,0
2423,1780759917819,13.228,0,6.653253e-7,5.575555e-8,6.676574e-7,4.790,8.532143e-7,0,0,0,0
2424,1780759917868,12.340,0,6.940934e-7,8.530692e-8,6.993160e-7,7.007,8.540890e-7,0,0,0,0
2425,1780759917917,14.244,0,7.073477e-7,1.104959e-7,7.159260e-7,8.879,8.548042e-7,0,0,0,0
2426,1780759917966,13.440,0,7.372641e-7,1.440203e-7,7.511991e-7,11.053,8.555492e-7,0,0,0,0
2427,1780759918016,12.171,0,7.569088e-7,1.644713e-7,7.745720e-7,12.259,8.566421e-7,0,0,0,0
2428,1780759918066,13.246,0,7.777007e-7,1.741539e-7,7.969617e-7,12.622,8.575013e-7,0,0,0,0
2429,1780759918116,13.288,0,7.997271e-7,1.746514e-7,8.185759e-7,12.319,8.587327e-7,0,0,0,0
2430,1780759918166,14.638,0,8.064607e-7,1.659762e-7,8.233632e-7,11.630,8.596967e-7,0,0,0,0
2431,1780759918217,11.692,0,8.238907e-7,1.517308e-7,8.377459e-7,10.435,8.606785e-7,0,0,0,0
2432,1780759918266,13.425,0,8.194452e-7,1.342109e-7,8.303632e-7,9.301,8.620220e-7,0,0,0,0
2433,1780759918316,11.679,0,8.242358e-7,1.146980e-7,8.321780e-7,7.922,8.630077e-7,0,0,0,0
2434,1780759918365,13.394,0,8.171962e-7,9.171558e-8,8.223268e-7,6.404,8.643263e-7,0,0,0,0
2435,1780759918417,13.213,0,8.188003e-7,6.196475e-8,8.211416e-7,4.328,8.652738e-7,0,0,0,0
2436,1780759918465,12.675,0,8.220404e-7,2.923610e-8,8.225601e-7,2.037,8.665471e-7,0,0,0,0
2437,1780759918515,13.976,0,8.083411e-7,-8.570617e-10,8.083416e-7,-0.061,8.674774e-7,0,0,0,0
2438,1780759918566,13.593,0,8.033523e-7,-2.684401e-8,8.038006e-7,-1.914,8.683688e-7,0,0,0,0
2439,1780759918617,14.009,0,7.769269e-7,-5.306255e-8,7.787368e-7,-3.907,8.694951e-7,0,0,0,0
2440,1780759918665,13.761,0,7.639647e-7,-7.049975e-8,7.672107e-7,-5.272,8.702521e-7,0,0,0,0
2441,1780759918716,14.226,0,7.439446e-7,-8.242511e-8,7.484968e-7,-6.322,8.711866e-7,0,0,0,0
2442,1780759918765,12.346,0,7.292122e-7,-9.175534e-8,7.349622e-7,-7.172,8.718011e-7,0,0,0,0
2443,1780759918815,13.668,0,7.200380e-7,-9.534313e-8,7.263230e-7,-7.543,8.723753e-7,0,0,0,0
2444,1780759918866,13.625,0,7.057292e-7,-9.575094e-8,7.121952e-7,-7.727,8.730615e-7,0,0,0,0
2445,1780759918916,14.673,0,7.006871e-7,-9.348725e-8,7.068962e-7,-7.600,8.735184e-7,0,0,0,0
2446,1780759918966,12.764,0,6.824432e-7,-8.429392e-8,6.876294e-7,-7.041,8.740632e-7,0,0,0,0
2447,1780759919015,14.639,0,6.764955e-7,-6.730508e-8,6.798353e-7,-5.682,8.744063e-7,0,0,0,0
2448,1780759919067,14.163,0,6.665275e-7,-4.399491e-8,6.679779e-7,-3.776,8.747359e-7,0,0,0,0
2449,1780759919117,14.605,0,6.614016e-7,-1.712605e-8,6.616233e-7,-1.483,8.751151e-7,0,0,0,0
2450,1780759919168,14.459,0,6.641437e-7,6.573473e-9,6.641763e-7,0.567,8.753821e-7,0,0,0,0
2451,1780759919219,14.568,0,6.529419e-7,3.117603e-8,6.536857e-7,2.734,8.757055e-7,0,0,0,0
2452,1780759919270,14.468,0,6.575166e-7,5.299789e-8,6.596491e-7,4.608,8.759294e-7,0,0,0,0
2453,1780759919320,12.463,0,6.507673e-7,7.107408e-8,6.546370e-7,6.233,8.762384e-7,0,0,0,0
2454,1780759919370,13.290,0,6.442104e-7,8.929032e-8,6.503690e-7,7.891,8.764668e-7,0,0,0,0
2455,1780759919420,12.137,0,6.361248e-7,1.056899e-7,6.448451e-7,9.433,8.767172e-7,0,0,0,0
2456,1780759919469,13.782,0,6.287893e-7,1.155587e-7,6.393198e-7,10.414,8.770465e-7,0,0,0,0
2457,1780759919518,12.536,0,6.368464e-7,1.175993e-7,6.476132e-7,10.462,8.773121e-7,0,0,0,0
2458,1780759919568,13.276,0,6.285572e-7,1.097835e-7,6.380725e-7,9.907,8.776813e-7,0,0,0,0
2459,1780759919619,13.281,0,6.422075e-7,9.765096e-8,6.495892e-7,8.646,8.779576e-7,0,0,0,0
2460,1780759919670,13.478,0,6.467788e-7,8.117709e-8,6.518531e-7,7.154,8.782611e-7,0,0,0,0
2461,1780759919720,12.109,0,6.566705e-7,5.889392e-8,6.593062e-7,5.125,8.786759e-7,0,0,0,0
2462,1780759919769,13.327,0,6.587916e-7,3.252296e-8,6.595939e-7,2.826,8.790155e-7,0,0,0,0
2463,1780759919820,14.065,0,6.523044e-7,3.484627e-9,6.523137e-7,0.306,8.794646e-7,0,0,0,0
2464,1780759919871,14.266,0,6.521541e-7,-3.339592e-8,6.530086e-7,-2.931,8.798106e-7,0,0,0,0
2465,1780759919920,12.527,0,6.319444e-7,-6.992183e-8,6.358009e-7,-6.314,8.801565e-7,0,0,0,0
2466,1780759919969,14.394,0,6.234903e-7,-9.882467e-8,6.312737e-7,-9.007,8.805854e-7,0,0,0,0
2467,1780759920020,14.455,0,6.029039e-7,-1.188634e-7,6.145093e-7,-11.153,8.808968e-7,0,0,0,0
2468,1780759920070,12.476,0,5.850740e-7,-1.298783e-7,5.993163e-7,-12.516,8.812693e-7,0,0,0,0
2469,1780759920120,13.469,0,5.646549e-7,-1.342177e-7,5.803874e-7,-13.371,8.815375e-7,0,0,0,0
2470,1780759920169,12.314,0,5.361852e-7,-1.346590e-7,5.528359e-7,-14.098,8.818540e-7,0,0,0,0
2471,1780759920219,13.266,0,5.215478e-7,-1.303627e-7,5.375933e-7,-14.034,8.820675e-7,0,0,0,0
2472,1780759920269,12.093,0,4.930977e-7,-1.214966e-7,5.078452e-7,-13.842,8.822625e-7,0,0,0,0
2473,1780759920317,14.310,0,4.711751e-7,-1.008026e-7,4.818372e-7,-12.076,8.824774e-7,0,0,0,0
2474,1780759920368,14.621,0,4.453364e-7,-7.580231e-8,4.517416e-7,-9.660,8.826138e-7,0,0,0,0
2475,1780759920419,11.771,0,4.286751e-7,-4.831057e-8,4.313888e-7,-6.430,8.827588e-7,0,0,0,0
2476,1780759920469,13.293,0,4.174389e-7,-2.101000e-8,4.179673e-7,-2.881,8.828554e-7,0,0,0,0
2477,1780759920518,14.368,0,4.042173e-7,1.214790e-8,4.043998e-7,1.721,8.829413e-7,0,0,0,0
2478,1780759920569,11.751,0,4.075502e-7,5.033469e-8,4.106467e-7,7.041,8.830452e-7,0,0,0,0
2479,1780759920618,13.294,0,4.013679e-7,8.750733e-8,4.107965e-7,12.299,8.831220e-7,0,0,0,0
2480,1780759920668,14.571,0,4.143482e-7,1.274877e-7,4.335177e-7,17.102,8.832210e-7,0,0,0,0
2481,1780759920719,14.657,0,4.209615e-7,1.661420e-7,4.525613e-7,21.538,8.833033e-7,0,0,0,0
2482,1780759920770,14.481,0,4.304347e-7,2.060263e-7,4.772011e-7,25.578,8.833876e-7,0,0,0,0
2483,1780759920820,12.524,0,4.335269e-7,2.446730e-7,4.978057e-7,29.439,8.835091e-7,0,0,0,0
2484,1780759920870,13.556,0,4.338602e-7,2.703347e-7,5.111903e-7,31.927,8.836003e-7,0,0,0,0
2485,1780759920920,14.523,0,4.578939e-7,2.935149e-7,5.438913e-7,32.660,8.837288e-7,0,0,0,0
2486,1780759920971,14.538,0,4.727127e-7,3.143643e-7,5.676990e-7,33.625,8.838432e-7,0,0,0,0
2487,1780759921022,14.618,0,4.999871e-7,3.357973e-7,6.022848e-7,33.886,8.840160e-7,0,0,0,0
2488,1780759921072,12.323,0,5.175595e-7,3.471219e-7,6.231865e-7,33.849,8.841712e-7,0,0,0,0
2489,1780759921122,14.008,0,5.366357e-7,3.477175e-7,6.394414e-7,32.942,8.843364e-7,0,0,0,0
2490,1780759921170,13.433,0,5.578989e-7,3.401898e-7,6.534372e-7,31.374,8.845853e-7,0,0,0,0
2491,1780759921221,13.530,0,5.625274e-7,3.263790e-7,6.503540e-7,30.122,8.847886e-7,0,0,0,0
2492,1780759921270,12.525,0,5.805103e-7,3.183547e-7,6.620739e-7,28.741,8.850645e-7,0,0,0,0
2493,1780759921320,13.234,0,5.814316e-7,3.039046e-7,6.560645e-7,27.595,8.852823e-7,0,0,0,0
2494,1780759921370,14.509,0,5.867254e-7,2.829462e-7,6.513872e-7,25.746,8.854907e-7,0,0,0,0
2495,1780759921420,12.449,0,5.886533e-7,2.537637e-7,6.410217e-7,23.320,8.857785e-7,0,0,0,0
2496,1780759921468,12.274,0,5.843342e-7,2.152625e-7,6.227234e-7,20.223,8.859895e-7,0,0,0,0
2497,1780759921518,13.402,0,5.907732e-7,1.745226e-7,6.160123e-7,16.458,8.862672e-7,0,0,0,0
2498,1780759921570,13.206,0,5.795767e-7,1.360755e-7,5.953366e-7,13.213,8.864785e-7,0,0,0,0
2499,1780759921620,13.459,0,5.768810e-7,1.090813e-7,5.871034e-7,10.708,8.866751e-7,0,0,0,0
2500,1780759921670,12.152,0,5.638213e-7,8.696017e-8,5.704879e-7,8.768,8.869313e-7,0,0,0,0
2501,1780759921719,13.299,0,5.585667e-7,6.774695e-8,5.626601e-7,6.915,8.871014e-7,0,0,0,0
2502,1780759921769,14.470,0,5.584073e-7,5.240536e-8,5.608609e-7,5.361,8.873257e-7,0,0,0,0
2503,1780759921820,14.429,0,5.447550e-7,4.662071e-8,5.467462e-7,4.892,8.874853e-7,0,0,0,0
2504,1780759921870,12.465,0,5.415569e-7,5.501840e-8,5.443444e-7,5.801,8.876811e-7,0,0,0,0
2505,1780759921920,13.347,0,5.215138e-7,6.752714e-8,5.258674e-7,7.378,8.878177e-7,0,0,0,0
2506,1780759921970,14.416,0,5.152874e-7,8.972307e-8,5.230405e-7,9.877,8.879351e-7,0,0,0,0
2507,1780759922020,12.530,0,5.011769e-7,1.125349e-7,5.136559e-7,12.655,8.880765e-7,0,0,0,0
2508,1780759922070,13.507,0,4.956769e-7,1.401064e-7,5.150974e-7,15.783,8.881612e-7,0,0,0,0
2509,1780759922120,14.503,0,4.925851e-7,1.723406e-7,5.218634e-7,19.283,8.882667e-7,0,0,0,0
2510,1780759922170,12.330,0,4.844266e-7,2.077808e-7,5.271072e-7,23.216,8.883362e-7,0,0,0,0
2511,1780759922221,13.239,0,4.938526e-7,2.366455e-7,5.476235e-7,25.603,8.884013e-7,0,0,0,0
2512,1780759922270,14.658,0,4.926771e-7,2.622830e-7,5.581425e-7,28.029,8.884976e-7,0,0,0,0
2513,1780759922320,12.443,0,5.057136e-7,2.897820e-7,5.828549e-7,29.813,8.885688e-7,0,0,0,0
2514,1780759922370,13.500,0,5.123632e-7,3.168065e-7,6.023972e-7,31.729,8.886835e-7,0,0,0,0
2515,1780759922419,12.340,0,5.212714e-7,3.485232e-7,6.270505e-7,33.767,8.887719e-7,0,0,0,0
2516,1780759922468,14.364,0,5.356477e-7,3.781648e-7,6.556882e-7,35.222,8.888745e-7,0,0,0,0
2517,1780759922519,11.637,0,5.403211e-7,4.021135e-7,6.735296e-7,36.657,8.890346e-7,0,0,0,0
2518,1780759922568,13.476,0,5.609088e-7,4.269314e-7,7.049036e-7,37.276,8.891668e-7,0,0,0,0
2519,1780759922618,12.140,0,5.667809e-7,4.421236e-7,7.188281e-7,37.956,8.893692e-7,0,0,0,0
2520,1780759922667,14.122,0,5.698955e-7,4.520901e-7,7.274382e-7,38.424,8.895251e-7,0,0,0,0
2521,1780759922716,13.217,0,5.592667e-7,4.506767e-7,7.182539e-7,38.863,8.897313e-7,0,0,0,0
2522,1780759922766,13.609,0,5.526731e-7,4.389992e-7,7.058101e-7,38.461,8.898693e-7,0,0,0,0
2523,1780759922817,13.278,0,5.630788e-7,4.207563e-7,7.029179e-7,36.769,8.900069e-7,0,0,0,0
2524,1780759922868,13.292,0,5.671907e-7,3.997748e-7,6.939201e-7,35.177,8.901997e-7,0,0,0,0
2525,1780759922917,12.948,0,5.865925e-7,3.800766e-7,6.989628e-7,32.941,8.903511e-7,0,0,0,0
2526,1780759922966,14.644,0,5.900551e-7,3.522026e-7,6.871766e-7,30.833,8.905701e-7,0,0,0,0
2527,1780759923015,14.214,0,5.969121e-7,3.257453e-7,6.800103e-7,28.622,8.907323e-7,0,0,0,0
2528,1780759923064,12.927,0,5.972513e-7,2.940141e-7,6.656977e-7,26.210,8.908984e-7,0,0,0,0
2529,1780759923113,14.448,0,5.910742e-7,2.592513e-7,6.454301e-7,23.683,8.911110e-7,0,0,0,0
2530,1780759923162,13.390,0,6.060350e-7,2.297943e-7,6.481388e-7,20.766,8.912660e-7,0,0,0,0
2531,1780759923211,12.541,0,6.042369e-7,1.993653e-7,6.362773e-7,18.260,8.914845e-7,0,0,0,0
2532,1780759923261,13.826,0,6.088798e-7,1.821984e-7,6.355555e-7,16.659,8.916451e-7,0,0,0,0
2533,1780759923312,13.281,0,5.966600e-7,1.640594e-7,6.188042e-7,15.374,8.918037e-7,0,0,0,0
2534,1780759923363,13.267,0,5.828992e-7,1.489887e-7,6.016387e-7,14.338,8.919898e-7,0,0,0,0
2535,1780759923414,13.395,0,5.729833e-7,1.415015e-7,5.901970e-7,13.872,8.921115e-7,0,0,0,0
2536,1780759923465,13.274,0,5.502074e-7,1.380468e-7,5.672610e-7,14.085,8.922479e-7,0,0,0,0
2537,1780759923516,13.612,0,5.360688e-7,1.466158e-7,5.557571e-7,15.296,8.923243e-7,0,0,0,0
2538,1780759923566,14.270,0,5.109119e-7,1.535107e-7,5.334759e-7,16.724,8.923956e-7,0,0,0,0
2539,1780759923617,14.640,0,4.943901e-7,1.642675e-7,5.209658e-7,18.380,8.924282e-7,0,0,0,0
2540,1780759923668,11.984,0,4.708715e-7,1.733335e-7,5.017614e-7,20.209,8.924453e-7,0,0,0,0
2541,1780759923717,13.988,0,4.536536e-7,1.896642e-7,4.917053e-7,22.689,8.924494e-7,0,0,0,0
2542,1780759923766,12.604,0,4.416954e-7,2.078599e-7,4.881604e-7,25.201,8.924452e-7,0,0,0,0
2543,1780759923816,13.652,0,4.190960e-7,2.285236e-7,4.773515e-7,28.603,8.924312e-7,0,0,0,0
2544,1780759923866,14.653,0,4.174683e-7,2.568934e-7,4.901776e-7,31.606,8.924158e-7,0,0,0,0
2545,1780759923916,12.521,0,4.098873e-7,2.804215e-7,4.966325e-7,34.378,8.924018e-7,0,0,0,0
2546,1780759923966,13.333,0,4.159092e-7,3.100813e-7,5.187783e-7,36.706,8.923897e-7,0,0,0,0
2547,1780759924017,13.301,0,4.175778e-7,3.359393e-7,5.359351e-7,38.817,8.923849e-7,0,0,0,0
2548,1780759924067,14.183,0,4.241012e-7,3.592259e-7,5.557923e-7,40.266,8.923843e-7,0,0,0,0
2549,1780759924118,14.553,0,4.449082e-7,3.947851e-7,5.948097e-7,41.584,8.923909e-7,0,0,0,0
2550,1780759924169,11.925,0,4.489672e-7,4.182537e-7,6.136022e-7,42.972,8.924039e-7,0,0,0,0
2551,1780759924218,13.628,0,4.674346e-7,4.452147e-7,6.455317e-7,43.605,8.924295e-7,0,0,0,0
2552,1780759924268,14.418,0,4.719406e-7,4.600495e-7,6.590702e-7,44.269,8.924562e-7,0,0,0,0
2553,1780759924318,12.964,0,4.855944e-7,4.721333e-7,6.772826e-7,44.195,8.924976e-7,0,0,0,0
2554,1780759924366,12.471,0,4.962044e-7,4.757340e-7,6.874166e-7,43.793,8.925353e-7,0,0,0,0
2555,1780759924416,13.309,0,5.067724e-7,4.720915e-7,6.925956e-7,42.971,8.925895e-7,0,0,0,0
2556,1780759924467,13.217,0,5.277646e-7,4.671066e-7,7.047866e-7,41.511,8.926385e-7,0,0,0,0
2557,1780759924516,12.745,0,5.354484e-7,4.463249e-7,6.970731e-7,39.813,8.926950e-7,0,0,0,0
2558,1780759924567,13.220,0,5.679133e-7,4.222890e-7,7.077101e-7,36.634,8.927764e-7,0,0,0,0
2559,1780759924617,13.284,0,5.941967e-7,3.862891e-7,7.087235e-7,33.028,8.928576e-7,0,0,0,0
2560,1780759924668,13.354,0,6.177580e-7,3.527617e-7,7.113830e-7,29.728,8.929861e-7,0,0,0,0
2561,1780759924719,13.754,0,6.438617e-7,3.193561e-7,7.187115e-7,26.381,8.931035e-7,0,0,0,0
2562,1780759924770,13.308,0,6.498882e-7,2.835990e-7,7.090720e-7,23.576,8.932363e-7,0,0,0,0
2563,1780759924820,11.882,0,6.698177e-7,2.600540e-7,7.185289e-7,21.219,8.934237e-7,0,0,0,0
2564,1780759924869,13.872,0,6.742769e-7,2.376286e-7,7.149243e-7,19.413,8.935733e-7,0,0,0,0
2565,1780759924920,13.238,0,6.793167e-7,2.244239e-7,7.154280e-7,18.282,8.937686e-7,0,0,0,0
2566,1780759924971,13.283,0,6.706060e-7,2.137955e-7,7.038614e-7,17.683,8.939093e-7,0,0,0,0
2567,1780759925022,13.292,0,6.524906e-7,2.050035e-7,6.839374e-7,17.442,8.940758e-7,0,0,0,0
2568,1780759925072,12.083,0,6.294748e-7,1.995549e-7,6.603489e-7,17.590,8.941814e-7,0,0,0,0
2569,1780759925121,13.244,0,5.945832e-7,1.926307e-7,6.250086e-7,17.951,8.942617e-7,0,0,0,0
2570,1780759925172,13.256,0,5.763322e-7,2.001393e-7,6.100939e-7,19.150,8.943311e-7,0,0,0,0
2571,1780759925223,13.280,0,5.503492e-7,2.021030e-7,5.862848e-7,20.165,8.943594e-7,0,0,0,0
2572,1780759925272,12.846,0,5.364321e-7,2.111478e-7,5.764918e-7,21.485,8.943707e-7,0,0,0,0
2573,1780759925320,12.304,0,5.191118e-7,2.218890e-7,5.645457e-7,23.144,8.943689e-7,0,0,0,0
2574,1780759925370,13.496,0,4.984602e-7,2.329387e-7,5.502027e-7,25.047,8.943604e-7,0,0,0,0
2575,1780759925420,14.395,0,4.874537e-7,2.556137e-7,5.504085e-7,27.672,8.943372e-7,0,0,0,0
2576,1780759925470,12.639,0,4.622267e-7,2.815840e-7,5.412421e-7,31.349,8.943106e-7,0,0,0,0
2577,1780759925520,13.355,0,4.611255e-7,3.120055e-7,5.567622e-7,34.083,8.942616e-7,0,0,0,0
2578,1780759925570,14.266,0,4.506539e-7,3.375465e-7,5.630512e-7,36.834,8.942141e-7,0,0,0,0
2579,1780759925620,12.403,0,4.433016e-7,3.691677e-7,5.768891e-7,39.786,8.941590e-7,0,0,0,0
2580,1780759925670,13.244,0,4.300569e-7,4.016388e-7,5.884409e-7,43.043,8.940721e-7,0,0,0,0
2581,1780759925720,14.430,0,4.070326e-7,4.353473e-7,5.959890e-7,46.925,8.939974e-7,0,0,0,0
2582,1780759925771,14.529,0,4.020112e-7,4.750432e-7,6.223175e-7,49.760,8.938877e-7,0,0,0,0
2583,1780759925821,12.307,0,3.884601e-7,5.096826e-7,6.408413e-7,52.687,8.937913e-7,0,0,0,0
2584,1780759925870,14.524,0,3.897831e-7,5.504976e-7,6.745209e-7,54.699,8.936509e-7,0,0,0,0
2585,1780759925919,13.526,0,3.850839e-7,5.845329e-7,6.999773e-7,56.624,8.935306e-7,0,0,0,0
2586,1780759925969,12.117,0,3.846536e-7,6.170723e-7,7.271428e-7,58.063,8.934048e-7,0,0,0,0
2587,1780759926018,13.294,0,3.803028e-7,6.519049e-7,7.547253e-7,59.742,8.932292e-7,0,0,0,0
2588,1780759926069,13.327,0,3.724059e-7,6.728173e-7,7.690054e-7,61.035,8.930885e-7,0,0,0,0
2589,1780759926120,13.302,0,3.865861e-7,6.955822e-7,7.957910e-7,60.936,8.928917e-7,0,0,0,0
2590,1780759926170,14.392,0,3.930575e-7,7.065797e-7,8.085475e-7,60.914,8.927281e-7,0,0,0,0
2591,1780759926221,14.537,0,4.142851e-7,7.226944e-7,8.330182e-7,60.176,8.925594e-7,0,0,0,0
2592,1780759926272,14.508,0,4.297661e-7,7.256435e-7,8.433608e-7,59.364,8.923221e-7,0,0,0,0
2593,1780759926321,13.303,0,4.494345e-7,7.213183e-7,8.498773e-7,58.074,8.921316e-7,0,0,0,0
2594,1780759926371,11.769,0,4.727673e-7,7.142390e-7,8.565316e-7,56.499,8.918655e-7,0,0,0,0
2595,1780759926420,13.478,0,4.854775e-7,6.941019e-7,8.470336e-7,55.030,8.916499e-7,0,0,0,0
2596,1780759926470,12.040,0,5.201362e-7,6.820659e-7,8.577620e-7,52.671,8.914200e-7,0,0,0,0
2597,1780759926519,14.173,0,5.399897e-7,6.585863e-7,8.516600e-7,50.651,8.910892e-7,0,0,0,0
2598,1780759926567,13.845,0,5.595060e-7,6.342386e-7,8.457574e-7,48.582,8.908266e-7,0,0,0,0
2599,1780759926616,12.720,0,5.716496e-7,6.024794e-7,8.305208e-7,46.504,8.904668e-7,0,0,0,0
2600,1780759926665,12.043,0,5.732644e-7,5.604175e-7,8.016856e-7,44.351,8.901892e-7,0,0,0,0
2601,1780759926715,12.715,0,5.846275e-7,5.240703e-7,7.851363e-7,41.874,8.898213e-7,0,0,0,0
2602,1780759926765,13.361,0,5.744922e-7,4.795335e-7,7.483272e-7,39.852,8.895579e-7,0,0,0,0
2603,1780759926815,14.354,0,5.723007e-7,4.474661e-7,7.264668e-7,38.021,8.893026e-7,0,0,0,0
2604,1780759926866,14.474,0,5.582298e-7,4.159440e-7,6.961536e-7,36.690,8.889640e-7,0,0,0,0
2605,1780759926916,12.531,0,5.453515e-7,3.832044e-7,6.665237e-7,35.095,8.887076e-7,0,0,0,0
2606,1780759926966,13.311,0,5.318099e-7,3.510263e-7,6.372137e-7,33.427,8.883669e-7,0,0,0,0
2607,1780759927017,14.090,0,5.091604e-7,3.206441e-7,6.017117e-7,32.201,8.881104e-7,0,0,0,0
2608,1780759927067,14.509,0,4.969154e-7,3.118939e-7,5.866879e-7,32.115,8.878534e-7,0,0,0,0
2609,1780759927118,14.651,0,4.638581e-7,3.059799e-7,5.556870e-7,33.410,8.875017e-7,0,0,0,0
2610,1780759927169,14.534,0,4.361844e-7,3.198206e-7,5.408716e-7,36.250,8.872346e-7,0,0,0,0
2611,1780759927220,14.410,0,4.014854e-7,3.402229e-7,5.262529e-7,40.278,8.868452e-7,0,0,0,0
2612,1780759927269,13.604,0,3.676504e-7,3.647884e-7,5.179164e-7,44.776,8.865304e-7,0,0,0,0
2613,1780759927320,13.439,0,3.435545e-7,3.957623e-7,5.240777e-7,49.039,8.862006e-7,0,0,0,0
2614,1780759927371,13.185,0,3.121932e-7,4.237617e-7,5.263445e-7,53.620,8.857385e-7,0,0,0,0
2615,1780759927420,12.400,0,2.886684e-7,4.744995e-7,5.554091e-7,58.685,8.853835e-7,0,0,0,0
2616,1780759927470,14.102,0,2.587947e-7,5.181294e-7,5.791656e-7,63.459,8.849087e-7,0,0,0,0
2617,1780759927520,14.598,0,2.390177e-7,5.726138e-7,6.204966e-7,67.344,8.845807e-7,0,0,0,0
2618,1780759927571,11.664,0,2.209621e-7,6.215205e-7,6.596302e-7,70.429,8.841795e-7,0,0,0,0
2619,1780759927620,13.397,0,2.095529e-7,6.662409e-7,6.984192e-7,72.540,8.839072e-7,0,0,0,0
2620,1780759927671,13.245,0,2.121205e-7,7.101606e-7,7.411634e-7,73.369,8.836486e-7,0,0,0,0
2621,1780759927720,12.473,0,2.094127e-7,7.390425e-7,7.681390e-7,74.180,8.833001e-7,0,0,0,0
2622,1780759927769,11.895,0,2.240504e-7,7.791691e-7,8.107423e-7,73.957,8.830415e-7,0,0,0,0
2623,1780759927818,14.063,0,2.349898e-7,8.049566e-7,8.385555e-7,73.726,8.826713e-7,0,0,0,0
2624,1780759927868,14.510,0,2.548647e-7,8.303837e-7,8.686156e-7,72.937,8.823816e-7,0,0,0,0
2625,1780759927919,11.896,0,2.789008e-7,8.543796e-7,8.987493e-7,71.921,8.820694e-7,0,0,0,0
2626,1780759927967,14.573,0,2.923503e-7,8.638933e-7,9.120199e-7,71.304,8.816145e-7,0,0,0,0
2627,1780759928016,13.691,0,3.113868e-7,8.719948e-7,9.259248e-7,70.349,8.812521e-7,0,0,0,0
2628,1780759928066,14.630,0,3.169197e-7,8.616812e-7,9.181136e-7,69.807,8.807232e-7,0,0,0,0
2629,1780759928116,12.646,0,3.343085e-7,8.514167e-7,9.146980e-7,68.563,8.803017e-7,0,0,0,0
2630,1780759928165,11.816,0,3.422240e-7,8.323559e-7,8.999631e-7,67.650,8.798468e-7,0,0,0,0
2631,1780759928214,13.345,0,3.519043e-7,8.108988e-7,8.839647e-7,66.541,8.792011e-7,0,0,0,0
2632,1780759928265,13.308,0,3.652809e-7,7.842616e-7,8.651568e-7,65.026,8.786914e-7,0,0,0,0
2633,1780759928316,13.283,0,3.670927e-7,7.463990e-7,8.317863e-7,63.811,8.779715e-7,0,0,0,0
2634,1780759928367,13.330,0,3.809092e-7,7.258499e-7,8.197255e-7,62.311,8.774057e-7,0,0,0,0
2635,1780759928418,13.267,0,3.835823e-7,6.898712e-7,7.893400e-7,60.925,8.766175e-7,0,0,0,0
2636,1780759928469,13.280,0,3.943293e-7,6.550122e-7,7.645499e-7,58.951,8.760205e-7,0,0,0,0
2637,1780759928520,13.354,0,3.975147e-7,6.134651e-7,7.309975e-7,57.057,8.754159e-7,0,0,0,0
2638,1780759928570,14.398,0,3.979908e-7,5.705340e-7,6.956334e-7,55.101,8.746071e-7,0,0,0,0
2639,1780759928620,12.392,0,4.000544e-7,5.362551e-7,6.690389e-7,53.277,8.739957e-7,0,0,0,0
2640,1780759928669,11.857,0,3.874756e-7,4.986411e-7,6.314905e-7,52.151,8.731629e-7,0,0,0,0
2641,1780759928718,13.748,0,3.822267e-7,4.784043e-7,6.123463e-7,51.376,8.725296e-7,0,0,0,0
2642,1780759928769,13.330,0,3.663551e-7,4.528108e-7,5.824549e-7,51.025,8.718783e-7,0,0,0,0
2643,1780759928820,13.703,0,3.624989e-7,4.321415e-7,5.640494e-7,50.009,8.709836e-7,0,0,0,0
2644,1780759928870,14.457,0,3.614550e-7,4.109238e-7,5.472734e-7,48.665,8.702958e-7,0,0,0,0
2645,1780759928919,13.591,0,3.567782e-7,3.922378e-7,5.302275e-7,47.710,8.693691e-7,0,0,0,0
2646,1780759928969,14.472,0,3.621145e-7,3.880291e-7,5.307481e-7,46.979,8.686681e-7,0,0,0,0
2647,1780759929020,14.562,0,3.588479e-7,3.747164e-7,5.188296e-7,46.239,8.679649e-7,0,0,0,0
2648,1780759929071,14.273,0,3.651132e-7,3.768744e-7,5.247304e-7,45.908,8.670456e-7,0,0,0,0
2649,1780759929120,13.422,0,3.600688e-7,3.795490e-7,5.231702e-7,46.509,8.663474e-7,0,0,0,0
2650,1780759929171,13.305,0,3.533401e-7,3.938826e-7,5.291434e-7,48.106,8.654186e-7,0,0,0,0
2651,1780759929221,12.246,0,3.467365e-7,4.159857e-7,5.415444e-7,50.188,8.647353e-7,0,0,0,0
2652,1780759929270,13.429,0,3.322447e-7,4.301963e-7,5.435581e-7,52.321,8.638632e-7,0,0,0,0
2653,1780759929321,13.207,0,3.376247e-7,4.570562e-7,5.682349e-7,53.547,8.632460e-7,0,0,0,0
2654,1780759929371,11.926,0,3.261463e-7,4.780933e-7,5.787440e-7,55.699,8.626480e-7,0,0,0,0
2655,1780759929420,13.430,0,3.203069e-7,5.115444e-7,6.035514e-7,57.947,8.618936e-7,0,0,0,0
2656,1780759929470,12.161,0,3.101492e-7,5.422065e-7,6.246443e-7,60.230,8.613527e-7,0,0,0,0
2657,1780759929518,14.556,0,3.001222e-7,5.687749e-7,6.431004e-7,62.181,8.606609e-7,0,0,0,0
2658,1780759929567,13.335,0,2.959652e-7,5.992616e-7,6.683635e-7,63.716,8.601608e-7,0,0,0,0
2659,1780759929616,12.573,0,2.841640e-7,6.178701e-7,6.800828e-7,65.302,8.596702e-7,0,0,0,0
2660,1780759929666,13.633,0,2.878722e-7,6.487427e-7,7.097447e-7,66.071,8.590309e-7,0,0,0,0
2661,1780759929716,14.582,0,2.830967e-7,6.672132e-7,7.247877e-7,67.009,8.585558e-7,0,0,0,0
2662,1780759929766,12.660,0,2.865790e-7,6.829020e-7,7.405962e-7,67.235,8.579331e-7,0,0,0,0
2663,1780759929816,14.238,0,2.884080e-7,6.892089e-7,7.471198e-7,67.293,8.574705e-7,0,0,0,0
2664,1780759929866,12.044,0,2.863976e-7,6.914567e-7,7.484223e-7,67.501,8.570147e-7,0,0,0,0
2665,1780759929915,13.981,0,2.956534e-7,6.990692e-7,7.590183e-7,67.075,8.564145e-7,0,0,0,0
2666,1780759929966,13.649,0,2.931834e-7,6.845669e-7,7.447069e-7,66.816,8.559593e-7,0,0,0,0
2667,1780759930017,13.540,0,3.008899e-7,6.820430e-7,7.454645e-7,66.195,8.553480e-7,0,0,0,0
2668,1780759930066,12.615,0,3.008224e-7,6.704973e-7,7.348883e-7,65.836,8.548736e-7,0,0,0,0
2669,1780759930116,13.357,0,3.037001e-7,6.644817e-7,7.305955e-7,65.437,8.542277e-7,0,0,0,0
2670,1780759930166,14.549,0,3.020269e-7,6.570401e-7,7.231334e-7,65.313,8.537330e-7,0,0,0,0
2671,1780759930216,13.020,0,2.948476e-7,6.401565e-7,7.047946e-7,65.270,8.532390e-7,0,0,0,0
2672,1780759930265,14.572,0,2.889539e-7,6.245797e-7,6.881818e-7,65.173,8.525828e-7,0,0,0,0
2673,1780759930316,14.656,0,2.763038e-7,5.950161e-7,6.560396e-7,65.092,8.520891e-7,0,0,0,0
2674,1780759930366,12.632,0,2.746072e-7,5.751486e-7,6.373421e-7,64.478,8.514509e-7,0,0,0,0
2675,1780759930416,13.520,0,2.716245e-7,5.521165e-7,6.153150e-7,63.804,8.509842e-7,0,0,0,0
2676,1780759930467,13.252,0,2.704561e-7,5.352480e-7,5.996973e-7,63.193,8.505312e-7,0,0,0,0
2677,1780759930518,13.333,0,2.701617e-7,5.239725e-7,5.895206e-7,62.724,8.499589e-7,0,0,0,0
2678,1780759930569,13.253,0,2.601982e-7,5.038581e-7,5.670768e-7,62.688,8.495551e-7,0,0,0,0
2679,1780759930620,13.358,0,2.569239e-7,4.952611e-7,5.579368e-7,62.581,8.490523e-7,0,0,0,0
2680,1780759930670,14.392,0,2.442876e-7,4.760772e-7,5.350943e-7,62.836,8.486933e-7,0,0,0,0
2681,1780759930719,13.626,0,2.452377e-7,4.611635e-7,5.223153e-7,61.997,8.482603e-7,0,0,0,0
2682,1780759930770,13.545,0,2.426168e-7,4.468409e-7,5.084582e-7,61.500,8.479543e-7,0,0,0,0
2683,1780759930819,12.805,0,2.358413e-7,4.335978e-7,4.935871e-7,61.457,8.476647e-7,0,0,0,0
2684,1780759930869,13.192,0,2.367020e-7,4.340345e-7,4.943823e-7,61.394,8.472961e-7,0,0,0,0
2685,1780759930920,13.315,0,2.291888e-7,4.296449e-7,4.869520e-7,61.923,8.470262e-7,0,0,0,0
2686,1780759930969,12.626,0,2.281532e-7,4.421764e-7,4.975679e-7,62.707,8.466948e-7,0,0,0,0
2687,1780759931019,13.256,0,2.207770e-7,4.483982e-7,4.998034e-7,63.786,8.464701e-7,0,0,0,0
2688,1780759931070,13.291,0,2.171426e-7,4.625503e-7,5.109830e-7,64.852,8.462695e-7,0,0,0,0
2689,1780759931120,14.326,0,2.104833e-7,4.801121e-7,5.242240e-7,66.327,8.460260e-7,0,0,0,0
2690,1780759931170,12.429,0,1.978353e-7,4.898222e-7,5.282657e-7,68.007,8.458641e-7,0,0,0,0
2691,1780759931220,13.337,0,1.985260e-7,5.083169e-7,5.457093e-7,68.667,8.456723e-7,0,0,0,0
2692,1780759931270,14.458,0,1.892599e-7,5.211752e-7,5.544753e-7,70.042,8.455341e-7,0,0,0,0
2693,1780759931320,12.443,0,1.803664e-7,5.509404e-7,5.797132e-7,71.873,8.454090e-7,0,0,0,0
2694,1780759931369,11.815,0,1.675192e-7,5.774355e-7,6.012441e-7,73.822,8.452586e-7,0,0,0,0
2695,1780759931419,12.712,0,1.564580e-7,6.053626e-7,6.252544e-7,75.509,8.451624e-7,0,0,0,0
2696,1780759931468,12.023,0,1.501056e-7,6.359248e-7,6.534003e-7,76.719,8.450354e-7,0,0,0,0
2697,1780759931517,13.956,0,1.349163e-7,6.549195e-7,6.686718e-7,78.360,8.449348e-7,0,0,0,0
2698,1780759931567,14.506,0,1.221427e-7,6.900103e-7,7.007375e-7,79.962,8.448017e-7,0,0,0,0
2699,1780759931618,12.087,0,1.028068e-7,7.108853e-7,7.182807e-7,81.771,8.447063e-7,0,0,0,0
2700,1780759931666,14.635,0,9.896978e-8,7.296705e-7,7.363518e-7,82.276,8.446149e-7,0,0,0,0
2701,1780759931717,14.425,0,9.490143e-8,7.392607e-7,7.453272e-7,82.685,8.444782e-7,0,0,0,0
2702,1780759931768,14.571,0,9.238030e-8,7.471494e-7,7.528389e-7,82.952,8.443732e-7,0,0,0,0
2703,1780759931818,12.739,0,9.814857e-8,7.612817e-7,7.675826e-7,82.654,8.442133e-7,0,0,0,0
2704,1780759931868,13.403,0,9.970061e-8,7.553326e-7,7.618842e-7,82.481,8.440749e-7,0,0,0,0
2705,1780759931919,13.489,0,1.149255e-7,7.609801e-7,7.696094e-7,81.412,8.439137e-7,0,0,0,0
2706,1780759931970,13.300,0,1.267688e-7,7.493672e-7,7.600142e-7,80.398,8.436314e-7,0,0,0,0
2707,1780759932020,14.346,0,1.400387e-7,7.417012e-7,7.548056e-7,79.308,8.433831e-7,0,0,0,0
2708,1780759932070,12.469,0,1.499568e-7,7.274316e-7,7.427273e-7,78.352,8.429987e-7,0,0,0,0
2709,1780759932120,13.405,0,1.661540e-7,7.094730e-7,7.286694e-7,76.819,8.426728e-7,0,0,0,0
2710,1780759932169,12.816,0,1.921521e-7,6.928113e-7,7.189645e-7,74.499,8.422932e-7,0,0,0,0
2711,1780759932219,13.810,0,2.022141e-7,6.630375e-7,6.931878e-7,73.039,8.416946e-7,0,0,0,0
2712,1780759932270,13.370,0,2.078234e-7,6.485724e-7,6.810556e-7,72.233,8.411945e-7,0,0,0,0
2713,1780759932320,12.071,0,2.038396e-7,6.266423e-7,6.589622e-7,71.981,8.404828e-7,0,0,0,0
2714,1780759932369,14.043,0,2.036950e-7,6.151358e-7,6.479843e-7,71.678,8.399282e-7,0,0,0,0
2715,1780759932419,12.015,0,2.029476e-7,6.003399e-7,6.337158e-7,71.322,8.391547e-7,0,0,0,0
2716,1780759932467,14.373,0,2.013131e-7,5.810309e-7,6.149177e-7,70.890,8.385501e-7,0,0,0,0
2717,1780759932518,11.831,0,2.009664e-7,5.721681e-7,6.064353e-7,70.647,8.379036e-7,0,0,0,0
2718,1780759932567,13.965,0,1.897120e-7,5.507827e-7,5.825395e-7,70.994,8.369744e-7,0,0,0,0
2719,1780759932616,12.503,0,1.804203e-7,5.500747e-7,5.789073e-7,71.841,8.362412e-7,0,0,0,0
2720,1780759932666,13.279,0,1.624599e-7,5.366997e-7,5.607493e-7,73.159,8.352271e-7,0,0,0,0
2721,1780759932717,13.459,0,1.472116e-7,5.257816e-7,5.460014e-7,74.358,8.344436e-7,0,0,0,0
2722,1780759932766,13.117,0,1.345791e-7,5.182060e-7,5.353962e-7,75.442,8.336307e-7,0,0,0,0
2723,1780759932816,13.612,0,1.227623e-7,5.014966e-7,5.163036e-7,76.245,8.325104e-7,0,0,0,0
2724,1780759932866,14.642,0,1.180134e-7,5.024184e-7,5.160924e-7,76.781,8.316238e-7,0,0,0,0
2725,1780759932916,12.605,0,1.035328e-7,4.923797e-7,5.031469e-7,78.125,8.303650e-7,0,0,0,0
2726,1780759932965,14.542,0,9.084162e-8,4.949020e-7,5.031702e-7,79.599,8.293939e-7,0,0,0,0
2727,1780759933016,11.810,0,7.183211e-8,4.921072e-7,4.973222e-7,81.695,8.284099e-7,0,0,0,0
2728,1780759933065,13.315,0,5.808005e-8,4.911757e-7,4.945977e-7,83.256,8.271039e-7,0,0,0,0
2729,1780759933115,14.628,0,4.733368e-8,4.926125e-7,4.948814e-7,84.511,8.261166e-7,0,0,0,0
2730,1780759933164,14.065,0,3.399218e-8,4.875028e-7,4.886864e-7,86.011,8.248060e-7,0,0,0,0
2731,1780759933214,14.528,0,2.570073e-8,5.068095e-7,5.074608e-7,87.097,8.238429e-7,0,0,0,0
2732,1780759933265,11.811,0,1.038469e-8,5.150850e-7,5.151897e-7,88.845,8.225970e-7,0,0,0,0
2733,1780759933314,13.371,0,-2.654292e-9,5.351039e-7,5.351104e-7,90.284,8.217104e-7,0,0,0,0
2734,1780759933364,11.777,0,-2.256001e-8,5.543184e-7,5.547773e-7,92.331,8.208681e-7,0,0,0,0
2735,1780759933412,14.608,0,-4.369639e-8,5.817307e-7,5.833695e-7,94.296,8.198433e-7,0,0,0,0
2736,1780759933463,11.853,0,-5.648105e-8,6.241455e-7,6.266959e-7,95.171,8.191410e-7,0,0,0,0
2737,1780759933512,13.341,0,-7.342259e-8,6.536599e-7,6.577706e-7,96.409,8.182766e-7,0,0,0,0
2738,1780759933561,12.246,0,-9.325542e-8,6.997378e-7,7.059246e-7,97.591,8.176785e-7,0,0,0,0
2739,1780759933611,13.261,0,-1.129087e-7,7.317385e-7,7.403983e-7,98.772,8.171284e-7,0,0,0,0
2740,1780759933662,13.276,0,-1.244153e-7,7.724674e-7,7.824226e-7,99.150,8.164742e-7,0,0,0,0
2741,1780759933713,13.314,0,-1.326917e-7,8.098917e-7,8.206897e-7,99.305,8.160209e-7,0,0,0,0
2742,1780759933764,13.354,0,-1.378109e-7,8.354439e-7,8.467339e-7,99.367,8.154563e-7,0,0,0,0
2743,1780759933815,13.258,0,-1.383034e-7,8.719719e-7,8.828719e-7,99.013,8.150555e-7,0,0,0,0
2744,1780759933866,13.281,0,-1.423928e-7,8.955049e-7,9.067550e-7,99.035,8.146717e-7,0,0,0,0
2745,1780759933916,14.520,0,-1.418271e-7,9.333216e-7,9.440361e-7,98.641,8.141964e-7,0,0,0,0
2746,1780759933966,12.473,0,-1.402945e-7,9.594277e-7,9.696309e-7,98.319,8.138523e-7,0,0,0,0
2747,1780759934016,14.026,0,-1.318416e-7,9.834373e-7,9.922354e-7,97.636,8.134267e-7,0,0,0,0
2748,1780759934066,14.622,0,-1.165314e-7,1.003669e-6,1.010411e-6,96.623,8.130994e-7,0,0,0,0
2749,1780759934115,13.389,0,-1.074542e-7,1.007965e-6,1.013677e-6,96.085,8.126600e-7,0,0,0,0
2750,1780759934166,13.608,0,-9.577143e-8,1.022331e-6,1.026807e-6,95.352,8.123278e-7,0,0,0,0
2751,1780759934217,13.277,0,-8.603536e-8,1.016607e-6,1.020241e-6,94.837,8.119884e-7,0,0,0,0
2752,1780759934266,12.638,0,-7.283495e-8,1.020682e-6,1.023277e-6,94.082,8.115337e-7,0,0,0,0
2753,1780759934316,13.244,0,-6.432247e-8,1.016888e-6,1.018920e-6,93.619,8.111874e-7,0,0,0,0
2754,1780759934366,11.774,0,-5.383465e-8,1.015336e-6,1.016762e-6,93.035,8.107420e-7,0,0,0,0
2755,1780759934414,14.352,0,-3.931358e-8,1.019864e-6,1.020622e-6,92.208,8.103979e-7,0,0,0,0
2756,1780759934465,11.838,0,-3.416271e-8,1.009751e-6,1.010329e-6,91.938,8.100576e-7,0,0,0,0
2757,1780759934515,13.096,0,-2.068968e-8,1.002905e-6,1.003119e-6,91.182,8.096314e-7,0,0,0,0
2758,1780759934563,12.209,0,-1.589123e-8,9.819544e-7,9.820830e-7,90.927,8.093320e-7,0,0,0,0
2759,1780759934612,14.341,0,-8.818207e-9,9.725192e-7,9.725592e-7,90.520,8.089672e-7,0,0,0,0
2760,1780759934663,14.461,0,-3.246719e-9,9.633462e-7,9.633517e-7,90.193,8.086973e-7,0,0,0,0
2761,1780759934713,12.398,0,-8.824636e-10,9.517991e-7,9.517995e-7,90.053,8.084369e-7,0,0,0,0
2762,1780759934763,13.348,0,2.859740e-9,9.481444e-7,9.481487e-7,89.827,8.081019e-7,0,0,0,0
2763,1780759934814,13.344,0,4.074376e-9,9.265607e-7,9.265696e-7,89.748,8.078581e-7,0,0,0,0
2764,1780759934863,12.836,0,4.228255e-9,9.168321e-7,9.168418e-7,89.736,8.075279e-7,0,0,0,0
2765,1780759934911,12.270,0,2.447393e-9,8.934621e-7,8.934654e-7,89.843,8.072665e-7,0,0,0,0
2766,1780759934960,14.575,0,2.761650e-9,8.833079e-7,8.833122e-7,89.821,8.068818e-7,0,0,0,0
2767,1780759935011,14.623,0,3.051188e-9,8.733444e-7,8.733497e-7,89.800,8.065543e-7,0,0,0,0
2768,1780759935062,14.591,0,2.499720e-9,8.507373e-7,8.507410e-7,89.832,8.062006e-7,0,0,0,0
2769,1780759935113,14.627,0,3.673937e-9,8.396706e-7,8.396786e-7,89.749,8.056678e-7,0,0,0,0
2770,1780759935163,12.402,0,3.044754e-9,8.064683e-7,8.064741e-7,89.784,8.052202e-7,0,0,0,0
2771,1780759935213,14.072,0,9.680245e-9,7.900924e-7,7.901517e-7,89.298,8.045336e-7,0,0,0,0
2772,1780759935264,14.045,0,1.586370e-8,7.681871e-7,7.683508e-7,88.817,8.039240e-7,0,0,0,0
2773,1780759935313,12.347,0,2.066833e-8,7.500875e-7,7.503722e-7,88.422,8.032442e-7,0,0,0,0
2774,1780759935362,14.093,0,2.457851e-8,7.412352e-7,7.416426e-7,88.101,8.022175e-7,0,0,0,0
2775,1780759935413,14.510,0,2.273973e-8,7.167678e-7,7.171284e-7,88.183,8.013939e-7,0,0,0,0
2776,1780759935464,14.585,0,2.646194e-8,7.033058e-7,7.038034e-7,87.845,8.002421e-7,0,0,0,0
2777,1780759935515,11.926,0,2.728961e-8,6.804535e-7,6.810005e-7,87.703,7.993337e-7,0,0,0,0
2778,1780759935564,13.207,0,2.783848e-8,6.669149e-7,6.674957e-7,87.610,7.983960e-7,0,0,0,0
2779,1780759935613,12.734,0,2.387586e-8,6.468176e-7,6.472581e-7,87.886,7.970874e-7,0,0,0,0
2780,1780759935663,13.362,0,1.583289e-8,6.195808e-7,6.197830e-7,88.536,7.960827e-7,0,0,0,0
2781,1780759935714,13.388,0,9.909663e-9,6.074509e-7,6.075317e-7,89.065,7.946790e-7,0,0,0,0
2782,1780759935763,12.415,0,8.220689e-10,5.808947e-7,5.808953e-7,89.919,7.935884e-7,0,0,0,0
2783,1780759935813,13.207,0,-7.031191e-9,5.743589e-7,5.744019e-7,90.701,7.920995e-7,0,0,0,0
2784,1780759935863,12.058,0,-1.696984e-8,5.606257e-7,5.608824e-7,91.734,7.909804e-7,0,0,0,0
2785,1780759935912,13.225,0,-3.756628e-8,5.497534e-7,5.510354e-7,93.909,7.899019e-7,0,0,0,0
2786,1780759935963,13.336,0,-5.779614e-8,5.461743e-7,5.492238e-7,96.041,7.885358e-7,0,0,0,0
2787,1780759936012,12.800,0,-7.855114e-8,5.374102e-7,5.431206e-7,98.316,7.875703e-7,0,0,0,0
2788,1780759936062,13.265,0,-9.329962e-8,5.487403e-7,5.566155e-7,99.649,7.863369e-7,0,0,0,0
2789,1780759936113,13.390,0,-1.134798e-7,5.508280e-7,5.623959e-7,101.641,7.854640e-7,0,0,0,0
2790,1780759936162,12.076,0,-1.308448e-7,5.677366e-7,5.826193e-7,102.978,7.846489e-7,0,0,0,0
2791,1780759936212,13.385,0,-1.466787e-7,5.775373e-7,5.958724e-7,104.250,7.836695e-7,0,0,0,0
2792,1780759936262,11.812,0,-1.583609e-7,5.861030e-7,6.071201e-7,105.120,7.830138e-7,0,0,0,0
2793,1780759936311,13.338,0,-1.695746e-7,5.984849e-7,6.220448e-7,105.820,7.822287e-7,0,0,0,0
2794,1780759936362,13.210,0,-1.816927e-7,6.033427e-7,6.301068e-7,106.759,7.817412e-7,0,0,0,0
2795,1780759936413,13.343,0,-1.943240e-7,6.315465e-7,6.607668e-7,107.103,7.812373e-7,0,0,0,0
2796,1780759936464,13.417,0,-2.116638e-7,6.392137e-7,6.733467e-7,108.321,7.809819e-7,0,0,0,0
2797,1780759936515,13.214,0,-2.252913e-7,6.563163e-7,6.939073e-7,108.946,7.808256e-7,0,0,0,0
2798,1780759936566,13.627,0,-2.319939e-7,6.659357e-7,7.051890e-7,109.207,7.807252e-7,0,0,0,0
2799,1780759936616,14.537,0,-2.380715e-7,6.714308e-7,7.123885e-7,109.523,7.807084e-7,0,0,0,0
2800,1780759936667,14.585,0,-2.460183e-7,6.864117e-7,7.291680e-7,109.718,7.807080e-7,0,0,0,0
2801,1780759936718,14.428,0,-2.587307e-7,6.873402e-7,7.344237e-7,110.627,7.807425e-7,0,0,0,0
2802,1780759936769,14.637,0,-2.648872e-7,7.056370e-7,7.537166e-7,110.576,7.808080e-7,0,0,0,0
2803,1780759936817,14.351,0,-2.710031e-7,7.083168e-7,7.583900e-7,110.937,7.809356e-7,0,0,0,0
2804,1780759936867,12.223,0,-2.731121e-7,7.081661e-7,7.590056e-7,111.090,7.810675e-7,0,0,0,0
2805,1780759936916,14.557,0,-2.779995e-7,7.102522e-7,7.627201e-7,111.376,7.812479e-7,0,0,0,0
2806,1780759936966,12.437,0,-2.876983e-7,7.058495e-7,7.622295e-7,112.175,7.814036e-7,0,0,0,0
2807,1780759937016,14.086,0,-2.958982e-7,7.221248e-7,7.803973e-7,112.282,7.815713e-7,0,0,0,0
2808,1780759937066,11.993,0,-3.005472e-7,7.204489e-7,7.806249e-7,112.644,7.818197e-7,0,0,0,0
2809,1780759937115,13.323,0,-3.036440e-7,7.298840e-7,7.905254e-7,112.588,7.820218e-7,0,0,0,0
2810,1780759937164,12.370,0,-3.044741e-7,7.318120e-7,7.926243e-7,112.590,7.823027e-7,0,0,0,0
2811,1780759937213,14.524,0,-3.037934e-7,7.368379e-7,7.970073e-7,112.406,7.825139e-7,0,0,0,0
2812,1780759937264,11.863,0,-3.028120e-7,7.486415e-7,8.075637e-7,112.022,7.827602e-7,0,0,0,0
2813,1780759937313,13.250,0,-2.995530e-7,7.444490e-7,8.024564e-7,111.919,7.829434e-7,0,0,0,0
2814,1780759937364,13.326,0,-2.907023e-7,7.515251e-7,8.057902e-7,111.147,7.831027e-7,0,0,0,0
2815,1780759937415,13.336,0,-2.894099e-7,7.430882e-7,7.974573e-7,111.279,7.832806e-7,0,0,0,0
2816,1780759937464,12.584,0,-2.914971e-7,7.490347e-7,8.037559e-7,111.264,7.834007e-7,0,0,0,0
2817,1780759937513,14.320,0,-2.986880e-7,7.494925e-7,8.068169e-7,111.728,7.835463e-7,0,0,0,0
2818,1780759937564,14.605,0,-3.068933e-7,7.482038e-7,8.086980e-7,112.302,7.836682e-7,0,0,0,0
2819,1780759937613,13.873,0,-3.136230e-7,7.599980e-7,8.221656e-7,112.424,7.837997e-7,0,0,0,0
2820,1780759937664,13.220,0,-3.194736e-7,7.588258e-7,8.233347e-7,112.832,7.840080e-7,0,0,0,0
2821,1780759937715,13.289,0,-3.286575e-7,7.732606e-7,8.402070e-7,113.027,7.841845e-7,0,0,0,0
2822,1780759937766,13.451,0,-3.397061e-7,7.738231e-7,8.451050e-7,113.701,7.844763e-7,0,0,0,0
2823,1780759937816,14.572,0,-3.565982e-7,7.700511e-7,8.486112e-7,114.848,7.847448e-7,0,0,0,0
2824,1780759937866,12.273,0,-3.702429e-7,7.643501e-7,8.493003e-7,115.845,7.850313e-7,0,0,0,0
2825,1780759937916,13.936,0,-3.856855e-7,7.551377e-7,8.479305e-7,117.056,7.854487e-7,0,0,0,0
2826,1780759937966,14.448,0,-3.991419e-7,7.635826e-7,8.616105e-7,117.597,7.857682e-7,0,0,0,0
2827,1780759938015,13.215,0,-4.028009e-7,7.545377e-7,8.553220e-7,118.095,7.861871e-7,0,0,0,0
2828,1780759938066,13.361,0,-4.062916e-7,7.620343e-7,8.635792e-7,118.065,7.864849e-7,0,0,0,0
2829,1780759938117,13.274,0,-4.111462e-7,7.620091e-7,8.658516e-7,118.349,7.868689e-7,0,0,0,0
2830,1780759938165,13.150,0,-4.142304e-7,7.656806e-7,8.705479e-7,118.413,7.871543e-7,0,0,0,0
2831,1780759938216,13.536,0,-4.148158e-7,7.773214e-7,8.810792e-7,118.087,7.874080e-7,0,0,0,0
2832,1780759938264,13.159,0,-4.076961e-7,7.779563e-7,8.783120e-7,117.657,7.876890e-7,0,0,0,0
2833,1780759938315,13.292,0,-3.955585e-7,7.981060e-7,8.907523e-7,116.364,7.878178e-7,0,0,0,0
2834,1780759938366,13.343,0,-3.888624e-7,8.071874e-7,8.959718e-7,115.722,7.878964e-7,0,0,0,0
2835,1780759938416,14.568,0,-3.855355e-7,8.220960e-7,9.080085e-7,115.125,7.879017e-7,0,0,0,0
2836,1780759938466,12.492,0,-3.893210e-7,8.307487e-7,9.174498e-7,115.110,7.878709e-7,0,0,0,0
2837,1780759938514,12.140,0,-3.938240e-7,8.281823e-7,9.170514e-7,115.432,7.878568e-7,0,0,0,0
2838,1780759938564,13.316,0,-3.966665e-7,8.376649e-7,9.268370e-7,115.339,7.878636e-7,0,0,0,0
2839,1780759938615,13.335,0,-3.971868e-7,8.349364e-7,9.245952e-7,115.441,7.879152e-7,0,0,0,0
2840,1780759938666,13.425,0,-3.972362e-7,8.508301e-7,9.389933e-7,115.027,7.879618e-7,0,0,0,0
2841,1780759938715,12.493,0,-3.963180e-7,8.516183e-7,9.393198e-7,114.956,7.880185e-7,0,0,0,0
2842,1780759938763,12.429,0,-3.993192e-7,8.619749e-7,9.499771e-7,114.856,7.881323e-7,0,0,0,0
2843,1780759938812,11.981,0,-4.018194e-7,8.705700e-7,9.588279e-7,114.776,7.882476e-7,0,0,0,0
2844,1780759938861,13.093,0,-4.008829e-7,8.673574e-7,9.555187e-7,114.806,7.884692e-7,0,0,0,0
2845,1780759938910,12.508,0,-4.003112e-7,8.811916e-7,9.678573e-7,114.432,7.886661e-7,0,0,0,0
2846,1780759938959,11.921,0,-3.973115e-7,8.809991e-7,9.664449e-7,114.274,7.889895e-7,0,0,0,0
2847,1780759939008,13.866,0,-3.960365e-7,8.922289e-7,9.761749e-7,113.935,7.892326e-7,0,0,0,0
2848,1780759939057,12.887,0,-3.949931e-7,8.958359e-7,9.790513e-7,113.794,7.894811e-7,0,0,0,0
2849,1780759939106,14.102,0,-3.968680e-7,9.000926e-7,9.837027e-7,113.794,7.898350e-7,0,0,0,0
2850,1780759939158,13.856,0,-4.003537e-7,9.114913e-7,9.955397e-7,113.712,7.901143e-7,0,0,0,0
2851,1780759939209,13.880,0,-3.975345e-7,9.146479e-7,9.973036e-7,113.491,7.905467e-7,0,0,0,0
2852,1780759939260,13.320,0,-3.936432e-7,9.345505e-7,1.014071e-6,112.841,7.908603e-7,0,0,0,0
2853,1780759939311,13.255,0,-3.902718e-7,9.401609e-7,1.017946e-6,112.544,7.911648e-7,0,0,0,0
2854,1780759939360,12.068,0,-3.885740e-7,9.525495e-7,1.028757e-6,112.192,7.915543e-7,0,0,0,0
2855,1780759939410,13.341,0,-3.885780e-7,9.481633e-7,1.024698e-6,112.285,7.918219e-7,0,0,0,0
2856,1780759939459,12.289,0,-3.885117e-7,9.327242e-7,1.010404e-6,112.613,7.921573e-7,0,0,0,0
2857,1780759939508,11.963,0,-3.889319e-7,9.233153e-7,1.001888e-6,112.842,7.923746e-7,0,0,0,0
2858,1780759939557,13.880,0,-3.879964e-7,8.961056e-7,9.764971e-7,113.412,7.925702e-7,0,0,0,0
2859,1780759939607,14.299,0,-3.914928e-7,8.861441e-7,9.687713e-7,113.836,7.927793e-7,0,0,0,0
2860,1780759939657,12.824,0,-3.948876e-7,8.659265e-7,9.517169e-7,114.514,7.928981e-7,0,0,0,0
2861,1780759939705,12.454,0,-4.008346e-7,8.443082e-7,9.346255e-7,115.396,7.930202e-7,0,0,0,0
2862,1780759939754,12.007,0,-4.033039e-7,8.256054e-7,9.188462e-7,116.035,7.930716e-7,0,0,0,0
2863,1780759939803,14.034,0,-4.032128e-7,8.021649e-7,8.978023e-7,116.687,7.931124e-7,0,0,0,0
2864,1780759939854,14.035,0,-4.070756e-7,8.004554e-7,8.980197e-7,116.956,7.931083e-7,0,0,0,0
2865,1780759939903,12.404,0,-4.117059e-7,7.863972e-7,8.876499e-7,117.634,7.931024e-7,0,0,0,0
2866,1780759939952,14.331,0,-4.185944e-7,7.850187e-7,8.896492e-7,118.068,7.930431e-7,0,0,0,0
2867,1780759940004,14.079,0,-4.235458e-7,7.804663e-7,8.879857e-7,118.488,7.929591e-7,0,0,0,0
2868,1780759940054,11.713,0,-4.267641e-7,7.726595e-7,8.826836e-7,118.913,7.928230e-7,0,0,0,0
2869,1780759940103,13.315,0,-4.310259e-7,7.714396e-7,8.836868e-7,119.193,7.926894e-7,0,0,0,0
2870,1780759940152,12.462,0,-4.358064e-7,7.646236e-7,8.801003e-7,119.681,7.925577e-7,0,0,0,0
2871,1780759940201,14.110,0,-4.442183e-7,7.781242e-7,8.959951e-7,119.721,7.923613e-7,0,0,0,0
2872,1780759940252,12.037,0,-4.500150e-7,7.708468e-7,8.925908e-7,120.276,7.922187e-7,0,0,0,0
2873,1780759940301,13.798,0,-4.532335e-7,7.662986e-7,8.903000e-7,120.603,7.920282e-7,0,0,0,0
2874,1780759940350,13.008,0,-4.589415e-7,7.546627e-7,8.832571e-7,121.306,7.918916e-7,0,0,0,0
2875,1780759940400,13.374,0,-4.647507e-7,7.413004e-7,8.749397e-7,122.085,7.918147e-7,0,0,0,0
2876,1780759940450,14.071,0,-4.708163e-7,7.424221e-7,8.791237e-7,122.381,7.918149e-7,0,0,0,0
2877,1780759940500,12.639,0,-4.701082e-7,7.301171e-7,8.683736e-7,122.777,7.919110e-7,0,0,0,0
2878,1780759940549,14.141,0,-4.657356e-7,7.298137e-7,8.657584e-7,122.544,7.920892e-7,0,0,0,0
2879,1780759940599,12.205,0,-4.612236e-7,7.168551e-7,8.524133e-7,122.757,7.922314e-7,0,0,0,0
2880,1780759940649,13.319,0,-4.707576e-7,7.104825e-7,8.522899e-7,123.528,7.924630e-7,0,0,0,0
2881,1780759940700,13.340,0,-4.798303e-7,7.048073e-7,8.526373e-7,124.247,7.926921e-7,0,0,0,0
2882,1780759940749,12.191,0,-4.800978e-7,6.897120e-7,8.403550e-7,124.841,7.929804e-7,0,0,0,0
2883,1780759940798,14.285,0,-4.822944e-7,6.942431e-7,8.453292e-7,124.788,7.933971e-7,0,0,0,0
2884,1780759940849,14.144,0,-4.769814e-7,6.839801e-7,8.338706e-7,124.890,7.937545e-7,0,0,0,0
2885,1780759940899,12.224,0,-4.717046e-7,6.805833e-7,8.280694e-7,124.725,7.942344e-7,0,0,0,0
2886,1780759940948,14.266,0,-4.661039e-7,6.693740e-7,8.156681e-7,124.851,7.945847e-7,0,0,0,0
2887,1780759940999,14.179,0,-4.612559e-7,6.547766e-7,8.009303e-7,125.163,7.949387e-7,0,0,0,0
2888,1780759941049,12.164,0,-4.612285e-7,6.524737e-7,7.990329e-7,125.256,7.953911e-7,0,0,0,0
2889,1780759941098,14.299,0,-4.501877e-7,6.429476e-7,7.848889e-7,124.999,7.957589e-7,0,0,0,0
2890,1780759941149,11.708,0,-4.418894e-7,6.496793e-7,7.857158e-7,124.222,7.962119e-7,0,0,0,0
2891,1780759941198,13.259,0,-4.315778e-7,6.412621e-7,7.729660e-7,123.941,7.965260e-7,0,0,0,0
2892,1780759941249,13.295,0,-4.240082e-7,6.367382e-7,7.649958e-7,123.660,7.968023e-7,0,0,0,0
2893,1780759941299,14.222,0,-4.180145e-7,6.377428e-7,7.625299e-7,123.243,7.970820e-7,0,0,0,0
2894,1780759941349,12.699,0,-4.116116e-7,6.239346e-7,7.474748e-7,123.413,7.972513e-7,0,0,0,0
2895,1780759941399,13.305,0,-4.080992e-7,6.233225e-7,7.450341e-7,123.213,7.973982e-7,0,0,0,0
2896,1780759941449,14.152,0,-3.976465e-7,6.071769e-7,7.258006e-7,123.221,7.974558e-7,0,0,0,0
2897,1780759941500,14.460,0,-3.889745e-7,6.026852e-7,7.173079e-7,122.838,7.973900e-7,0,0,0,0
2898,1780759941551,14.545,0,-3.743272e-7,5.951515e-7,7.030833e-7,122.168,7.972345e-7,0,0,0,0
2899,1780759941602,14.594,0,-3.574922e-7,5.925951e-7,6.920763e-7,121.101,7.969727e-7,0,0,0,0
2900,1780759941653,11.797,0,-3.478405e-7,5.968039e-7,6.907734e-7,120.235,7.964471e-7,0,0,0,0
2901,1780759941702,13.337,0,-3.374295e-7,5.841126e-7,6.745712e-7,120.014,7.959683e-7,0,0,0,0
2902,1780759941753,13.238,0,-3.394388e-7,5.901634e-7,6.808168e-7,119.906,7.952121e-7,0,0,0,0
2903,1780759941804,14.042,0,-3.379084e-7,5.839049e-7,6.746310e-7,120.058,7.946119e-7,0,0,0,0
2904,1780759941854,11.980,0,-3.345290e-7,5.836986e-7,6.727658e-7,119.818,7.939882e-7,0,0,0,0
2905,1780759941903,13.843,0,-3.281524e-7,5.774909e-7,6.642137e-7,119.607,7.931164e-7,0,0,0,0
2906,1780759941953,11.717,0,-3.223049e-7,5.659081e-7,6.512545e-7,119.663,7.924522e-7,0,0,0,0
2907,1780759942002,13.146,0,-3.258788e-7,5.630911e-7,6.505909e-7,120.059,7.915298e-7,0,0,0,0
2908,1780759942053,13.605,0,-3.243804e-7,5.557384e-7,6.434810e-7,120.272,7.908710e-7,0,0,0,0
2909,1780759942103,11.877,0,-3.307745e-7,5.588012e-7,6.493616e-7,120.623,7.899908e-7,0,0,0,0
2910,1780759942152,13.283,0,-3.347382e-7,5.492724e-7,6.432339e-7,121.359,7.893687e-7,0,0,0,0
2911,1780759942201,12.833,0,-3.371902e-7,5.432494e-7,6.393881e-7,121.828,7.887763e-7,0,0,0,0
2912,1780759942251,13.273,0,-3.398515e-7,5.423135e-7,6.400023e-7,122.074,7.880165e-7,0,0,0,0
2913,1780759942302,13.367,0,-3.422972e-7,5.345306e-7,6.347365e-7,122.634,7.875111e-7,0,0,0,0
2914,1780759942353,13.972,0,-3.530160e-7,5.425120e-7,6.472553e-7,123.052,7.868929e-7,0,0,0,0
2915,1780759942403,14.603,0,-3.551169e-7,5.393811e-7,6.457863e-7,123.360,7.865026e-7,0,0,0,0
2916,1780759942454,11.901,0,-3.594572e-7,5.490151e-7,6.562218e-7,123.214,7.861585e-7,0,0,0,0
2917,1780759942503,13.407,0,-3.595734e-7,5.498283e-7,6.569659e-7,123.184,7.857969e-7,0,0,0,0
2918,1780759942553,11.673,0,-3.562713e-7,5.397537e-7,6.467328e-7,123.427,7.855965e-7,0,0,0,0
2919,1780759942602,13.911,0,-3.589760e-7,5.418569e-7,6.499789e-7,123.524,7.853836e-7,0,0,0,0
2920,1780759942652,14.514,0,-3.591184e-7,5.343339e-7,6.438002e-7,123.904,7.852866e-7,0,0,0,0
2921,1780759942701,13.095,0,-3.652352e-7,5.440510e-7,6.552772e-7,123.874,7.852039e-7,0,0,0,0
2922,1780759942752,13.434,0,-3.693965e-7,5.477342e-7,6.606562e-7,123.996,7.851321e-7,0,0,0,0
2923,1780759942803,13.969,0,-3.815999e-7,5.655275e-7,6.822315e-7,124.010,7.851002e-7,0,0,0,0
2924,1780759942853,14.516,0,-3.925152e-7,5.839311e-7,7.035935e-7,123.909,7.850941e-7,0,0,0,0
2925,1780759942904,14.574,0,-3.993460e-7,5.959917e-7,7.174143e-7,123.824,7.851150e-7,0,0,0,0
2926,1780759942955,14.478,0,-4.141624e-7,6.185431e-7,7.443964e-7,123.805,7.851314e-7,0,0,0,0
2927,1780759943006,14.676,0,-4.249083e-7,6.149269e-7,7.474504e-7,124.644,7.851634e-7,0,0,0,0
2928,1780759943057,11.892,0,-4.424072e-7,6.305770e-7,7.702931e-7,125.053,7.851776e-7,0,0,0,0
2929,1780759943106,13.298,0,-4.548753e-7,6.394405e-7,7.847265e-7,125.427,7.852101e-7,0,0,0,0
2930,1780759943155,12.875,0,-4.710266e-7,6.536994e-7,8.057226e-7,125.775,7.852266e-7,0,0,0,0
2931,1780759943204,11.968,0,-4.894336e-7,6.754300e-7,8.341169e-7,125.928,7.852441e-7,0,0,0,0
2932,1780759943253,13.279,0,-5.005108e-7,6.881449e-7,8.509139e-7,126.030,7.852483e-7,0,0,0,0
2933,1780759943304,13.966,0,-5.173580e-7,7.105056e-7,8.789069e-7,126.060,7.852145e-7,0,0,0,0
2934,1780759943354,11.988,0,-5.296803e-7,7.202784e-7,8.940705e-7,126.330,7.851933e-7,0,0,0,0
2935,1780759943403,13.360,0,-5.485806e-7,7.340222e-7,9.163675e-7,126.773,7.851817e-7,0,0,0,0
2936,1780759943453,13.988,0,-5.603965e-7,7.416843e-7,9.295912e-7,127.074,7.852380e-7,0,0,0,0
2937,1780759943504,14.615,0,-5.711331e-7,7.506329e-7,9.432088e-7,127.266,7.853240e-7,0,0,0,0
2938,1780759943555,14.472,0,-5.804289e-7,7.572336e-7,9.540966e-7,127.471,7.854416e-7,0,0,0,0
2939,1780759943606,14.622,0,-5.782548e-7,7.475710e-7,9.451143e-7,127.722,7.856678e-7,0,0,0,0
2940,1780759943657,14.490,0,-5.922900e-7,7.465837e-7,9.529925e-7,128.426,7.858375e-7,0,0,0,0
2941,1780759943708,11.867,0,-5.965195e-7,7.270179e-7,9.404204e-7,129.369,7.861393e-7,0,0,0,0
2942,1780759943757,13.278,0,-6.009741e-7,7.161189e-7,9.348776e-7,130.004,7.863569e-7,0,0,0,0
2943,1780759943808,13.332,0,-6.010846e-7,6.989829e-7,9.218892e-7,130.694,7.866559e-7,0,0,0,0
2944,1780759943859,13.314,0,-5.967308e-7,6.758723e-7,9.016047e-7,131.441,7.869000e-7,0,0,0,0
2945,1780759943908,12.760,0,-5.978505e-7,6.606114e-7,8.909729e-7,132.145,7.871401e-7,0,0,0,0
2946,1780759943957,11.977,0,-5.968145e-7,6.396474e-7,8.748350e-7,133.016,7.875231e-7,0,0,0,0
2947,1780759944006,13.243,0,-5.999343e-7,6.335686e-7,8.725425e-7,133.438,7.878338e-7,0,0,0,0
2948,1780759944057,13.269,0,-5.943368e-7,6.204633e-7,8.591921e-7,133.768,7.883226e-7,0,0,0,0
2949,1780759944108,13.792,0,-5.843445e-7,6.108090e-7,8.453083e-7,133.731,7.887021e-7,0,0,0,0
2950,1780759944158,11.814,0,-5.730292e-7,6.073362e-7,8.349968e-7,133.335,7.890879e-7,0,0,0,0
2951,1780759944207,13.363,0,-5.551414e-7,5.918530e-7,8.114629e-7,133.167,7.896060e-7,0,0,0,0
2952,1780759944258,13.760,0,-5.514961e-7,5.902871e-7,8.078284e-7,133.054,7.899566e-7,0,0,0,0
2953,1780759944306,13.348,0,-5.398207e-7,5.729013e-7,7.871609e-7,133.297,7.904408e-7,0,0,0,0
2954,1780759944355,12.390,0,-5.303544e-7,5.661891e-7,7.757873e-7,133.128,7.907672e-7,0,0,0,0
2955,1780759944403,12.198,0,-5.258041e-7,5.600905e-7,7.682261e-7,133.192,7.910970e-7,0,0,0,0
2956,1780759944453,13.209,0,-5.204304e-7,5.524835e-7,7.590032e-7,133.289,7.915518e-7,0,0,0,0
2957,1780759944504,13.345,0,-5.154314e-7,5.503547e-7,7.540291e-7,133.123,7.918704e-7,0,0,0,0
2958,1780759944555,13.540,0,-5.005969e-7,5.369995e-7,7.341429e-7,132.991,7.922537e-7,0,0,0,0
2959,1780759944606,13.381,0,-4.927684e-7,5.404390e-7,7.313652e-7,132.358,7.924558e-7,0,0,0,0
2960,1780759944655,12.955,0,-4.811598e-7,5.328562e-7,7.179488e-7,132.081,7.926506e-7,0,0,0,0
2961,1780759944705,13.300,0,-4.720288e-7,5.322558e-7,7.114123e-7,131.568,7.927174e-7,0,0,0,0
2962,1780759944755,13.987,0,-4.624497e-7,5.330419e-7,7.056865e-7,130.944,7.927335e-7,0,0,0,0
2963,1780759944805,12.246,0,-4.539028e-7,5.342179e-7,7.010111e-7,130.353,7.926779e-7,0,0,0,0
2964,1780759944854,11.986,0,-4.582600e-7,5.438004e-7,7.111407e-7,130.121,7.925750e-7,0,0,0,0
2965,1780759944903,13.146,0,-4.533102e-7,5.392206e-7,7.044494e-7,130.053,7.924228e-7,0,0,0,0
2966,1780759944953,14.396,0,-4.584948e-7,5.573039e-7,7.216683e-7,129.444,7.922502e-7,0,0,0,0
2967,1780759945004,12.005,0,-4.566470e-7,5.706315e-7,7.308535e-7,128.668,7.920615e-7,0,0,0,0
2968,1780759945053,13.313,0,-4.612942e-7,5.918349e-7,7.503738e-7,127.934,7.917598e-7,0,0,0,0
2969,1780759945104,13.349,0,-4.731622e-7,6.217017e-7,7.812781e-7,127.274,7.915049e-7,0,0,0,0
2970,1780759945154,11.975,0,-4.773816e-7,6.381072e-7,7.969153e-7,126.801,7.911709e-7,0,0,0,0
2971,1780759945202,14.534,0,-4.985077e-7,6.623920e-7,8.290194e-7,126.965,7.909006e-7,0,0,0,0
2972,1780759945252,12.151,0,-5.133187e-7,6.688801e-7,8.431469e-7,127.504,7.906734e-7,0,0,0,0
2973,1780759945302,13.341,0,-5.327563e-7,6.817443e-7,8.652194e-7,128.006,7.903995e-7,0,0,0,0
2974,1780759945353,13.615,0,-5.492470e-7,6.964879e-7,8.869993e-7,128.259,7.902638e-7,0,0,0,0
2975,1780759945404,13.354,0,-5.651435e-7,7.045482e-7,9.032028e-7,128.734,7.901797e-7,0,0,0,0
2976,1780759945455,13.583,0,-5.873621e-7,7.097251e-7,9.212513e-7,129.611,7.901923e-7,0,0,0,0
2977,1780759945506,13.279,0,-6.006405e-7,7.031052e-7,9.247302e-7,130.506,7.903487e-7,0,0,0,0
2978,1780759945557,13.322,0,-6.219085e-7,7.047851e-7,9.399426e-7,131.425,7.905300e-7,0,0,0,0
2979,1780759945608,13.374,0,-6.356373e-7,6.928079e-7,9.402221e-7,132.536,7.908225e-7,0,0,0,0
2980,1780759945658,11.776,0,-6.507496e-7,6.864783e-7,9.459004e-7,133.470,7.913479e-7,0,0,0,0
2981,1780759945707,13.246,0,-6.612080e-7,6.794277e-7,9.480601e-7,134.221,7.918653e-7,0,0,0,0
2982,1780759945758,13.750,0,-6.679155e-7,6.692065e-7,9.454885e-7,134.945,7.926773e-7,0,0,0,0
2983,1780759945808,12.029,0,-6.738896e-7,6.596119e-7,9.429820e-7,135.613,7.933487e-7,0,0,0,0
2984,1780759945856,11.707,0,-6.601360e-7,6.312619e-7,9.133844e-7,136.281,7.940603e-7,0,0,0,0
2985,1780759945905,13.694,0,-6.582257e-7,6.149930e-7,9.008204e-7,136.945,7.949635e-7,0,0,0,0
2986,1780759945956,13.215,0,-6.479005e-7,5.884146e-7,8.752182e-7,137.755,7.956422e-7,0,0,0,0
2987,1780759946007,13.312,0,-6.402683e-7,5.691823e-7,8.566866e-7,138.364,7.964819e-7,0,0,0,0
2988,1780759946058,13.779,0,-6.320136e-7,5.516574e-7,8.389082e-7,138.884,7.970737e-7,0,0,0,0
2989,1780759946108,11.806,0,-6.177723e-7,5.291207e-7,8.133949e-7,139.420,7.976322e-7,0,0,0,0
2990,1780759946157,13.214,0,-6.185000e-7,5.186642e-7,8.071895e-7,140.017,7.982881e-7,0,0,0,0
2991,1780759946208,13.834,0,-6.096963e-7,5.026272e-7,7.901668e-7,140.498,7.987602e-7,0,0,0,0
2992,1780759946257,12.174,0,-6.127455e-7,5.022873e-7,7.923065e-7,140.657,7.993074e-7,0,0,0,0
2993,1780759946307,13.271,0,-6.132569e-7,4.874056e-7,7.833571e-7,141.523,7.997121e-7,0,0,0,0
2994,1780759946358,13.836,0,-6.159217e-7,4.763415e-7,7.786275e-7,142.282,8.002128e-7,0,0,0,0
2995,1780759946408,11.817,0,-6.198976e-7,4.776819e-7,7.825938e-7,142.383,8.005784e-7,0,0,0,0
2996,1780759946457,13.242,0,-6.191018e-7,4.719253e-7,7.784603e-7,142.683,8.009267e-7,0,0,0,0
2997,1780759946508,13.844,0,-6.340272e-7,4.770506e-7,7.934531e-7,143.042,8.013381e-7,0,0,0,0
2998,1780759946558,11.797,0,-6.406333e-7,4.784629e-7,7.995860e-7,143.245,8.016558e-7,0,0,0,0
2999,1780759946607,13.285,0,-6.513385e-7,4.948559e-7,8.180001e-7,142.774,8.020044e-7,0,0,0,0
3000,1780759946656,12.469,0,-6.571710e-7,5.092121e-7,8.313668e-7,142.230,8.022486e-7,0,0,0,0
3001,1780759946706,13.353,0,-6.583049e-7,5.197730e-7,8.387666e-7,141.707,8.024629e-7,0,0,0,0
3002,1780759946757,13.343,0,-6.720293e-7,5.384947e-7,8.611620e-7,141.295,8.026950e-7,0,0,0,0
3003,1780759946808,13.791,0,-6.850623e-7,5.457312e-7,8.758612e-7,141.459,8.029045e-7,0,0,0,0
3004,1780759946859,13.255,0,-7.088135e-7,5.631921e-7,9.053187e-7,141.531,8.032189e-7,0,0,0,0
3005,1780759946910,13.338,0,-7.250686e-7,5.702528e-7,9.224493e-7,141.816,8.035572e-7,0,0,0,0
3006,1780759946959,12.770,0,-7.410266e-7,5.780273e-7,9.398064e-7,142.044,8.039510e-7,0,0,0,0
3007,1780759947009,13.324,0,-7.541302e-7,5.866179e-7,9.554229e-7,142.122,8.046025e-7,0,0,0,0
3008,1780759947059,11.986,0,-7.620399e-7,5.849916e-7,9.606872e-7,142.488,8.051717e-7,0,0,0,0
3009,1780759947108,13.838,0,-7.816452e-7,5.900010e-7,9.793214e-7,142.954,8.060224e-7,0,0,0,0
3010,1780759947156,13.030,0,-7.897313e-7,5.852765e-7,9.829670e-7,143.458,8.067762e-7,0,0,0,0
3011,1780759947206,11.787,0,-8.055108e-7,5.893772e-7,9.981048e-7,143.808,8.078619e-7,0,0,0,0
3012,1780759947255,13.233,0,-8.070318e-7,5.872156e-7,9.980594e-7,143.959,8.087839e-7,0,0,0,0
3013,1780759947306,13.334,0,-8.027254e-7,5.841315e-7,9.927626e-7,143.957,8.097198e-7,0,0,0,0
3014,1780759947357,13.338,0,-8.029636e-7,5.849312e-7,9.934259e-7,143.928,8.110049e-7,0,0,0,0
3015,1780759947408,13.767,0,-7.906452e-7,5.682697e-7,9.736787e-7,144.294,8.119906e-7,0,0,0,0
3016,1780759947459,13.273,0,-7.895984e-7,5.556057e-7,9.654860e-7,144.868,8.132782e-7,0,0,0,0
3017,1780759947510,13.344,0,-7.787808e-7,5.331165e-7,9.437758e-7,145.606,8.142596e-7,0,0,0,0
3018,1780759947561,13.259,0,-7.706375e-7,5.177300e-7,9.284000e-7,146.106,8.151944e-7,0,0,0,0
3019,1780759947610,12.313,0,-7.577751e-7,5.031969e-7,9.096319e-7,146.414,8.164139e-7,0,0,0,0
3020,1780759947659,14.578,0,-7.421006e-7,4.862505e-7,8.872164e-7,146.766,8.172627e-7,0,0,0,0
3021,1780759947708,13.804,0,-7.342561e-7,4.702887e-7,8.719539e-7,147.361,8.182907e-7,0,0,0,0
3022,1780759947759,13.306,0,-7.163449e-7,4.379530e-7,8.396146e-7,148.560,8.189773e-7,0,0,0,0
3023,1780759947808,12.781,0,-7.095703e-7,4.243329e-7,8.267698e-7,149.120,8.197345e-7,0,0,0,0
3024,1780759947858,13.810,0,-6.989026e-7,4.107465e-7,8.106649e-7,149.557,8.202365e-7,0,0,0,0
3025,1780759947908,11.848,0,-6.887539e-7,4.036978e-7,7.983445e-7,149.624,8.206411e-7,0,0,0,0
3026,1780759947958,13.167,0,-6.865501e-7,4.072594e-7,7.982552e-7,149.324,8.210946e-7,0,0,0,0
3027,1780759948007,14.430,0,-6.793384e-7,4.081145e-7,7.925012e-7,149.005,8.213451e-7,0,0,0,0
3028,1780759948058,11.802,0,-6.876702e-7,4.241531e-7,8.079580e-7,148.334,8.215977e-7,0,0,0,0
3029,1780759948107,13.286,0,-6.835710e-7,4.348361e-7,8.101554e-7,147.539,8.217355e-7,0,0,0,0
3030,1780759948158,13.834,0,-6.850868e-7,4.559256e-7,8.229289e-7,146.356,8.218018e-7,0,0,0,0
3031,1780759948208,11.748,0,-7.004163e-7,4.709885e-7,8.440458e-7,146.082,8.218756e-7,0,0,0,0
3032,1780759948257,13.775,0,-7.148118e-7,4.811387e-7,8.616557e-7,146.056,8.219322e-7,0,0,0,0
3033,1780759948306,12.996,0,-7.390616e-7,4.988595e-7,8.916685e-7,145.981,8.220964e-7,0,0,0,0
3034,1780759948356,13.301,0,-7.486827e-7,5.068911e-7,9.041374e-7,145.900,8.222730e-7,0,0,0,0
3035,1780759948405,12.700,0,-7.690629e-7,5.188206e-7,9.277028e-7,145.996,8.224959e-7,0,0,0,0
3036,1780759948455,13.771,0,-7.794483e-7,5.209705e-7,9.375233e-7,146.242,8.228786e-7,0,0,0,0
3037,1780759948506,13.268,0,-7.878702e-7,5.225136e-7,9.453888e-7,146.448,8.231788e-7,0,0,0,0
3038,1780759948557,13.374,0,-7.986244e-7,5.247581e-7,9.556003e-7,146.692,8.236709e-7,0,0,0,0
3039,1780759948608,13.340,0,-7.998234e-7,5.139892e-7,9.507378e-7,147.274,8.240902e-7,0,0,0,0
3040,1780759948659,13.221,0,-8.120484e-7,5.030773e-7,9.552536e-7,148.221,8.247607e-7,0,0,0,0
3041,1780759948708,12.789,0,-8.146956e-7,4.748745e-7,9.429925e-7,149.763,8.253333e-7,0,0,0,0
3042,1780759948757,11.858,0,-8.216064e-7,4.612870e-7,9.422435e-7,150.688,8.259553e-7,0,0,0,0
3043,1780759948806,13.148,0,-8.140337e-7,4.489189e-7,9.296123e-7,151.124,8.268555e-7,0,0,0,0
3044,1780759948855,12.552,0,-8.007746e-7,4.395291e-7,9.134691e-7,151.239,8.275115e-7,0,0,0,0
3045,1780759948904,12.009,0,-7.903074e-7,4.366810e-7,9.029264e-7,151.077,8.283715e-7,0,0,0,0
3046,1780759948952,14.284,0,-7.688810e-7,4.291787e-7,8.805523e-7,150.830,8.289893e-7,0,0,0,0
3047,1780759949004,13.975,0,-7.584001e-7,4.325381e-7,8.730750e-7,150.303,8.295873e-7,0,0,0,0
3048,1780759949054,11.845,0,-7.348686e-7,4.242066e-7,8.485182e-7,150.004,8.303426e-7,0,0,0,0
3049,1780759949103,13.311,0,-7.156058e-7,4.202487e-7,8.298799e-7,149.576,8.308495e-7,0,0,0,0
3050,1780759949154,13.873,0,-6.932153e-7,4.069841e-7,8.038554e-7,149.583,8.314661e-7,0,0,0,0
3051,1780759949203,12.346,0,-6.716574e-7,3.928312e-7,7.781003e-7,149.678,8.318535e-7,0,0,0,0
3052,1780759949253,13.592,0,-6.679390e-7,3.943879e-7,7.756831e-7,149.440,8.322181e-7,0,0,0,0
3053,1780759949304,13.398,0,-6.591494e-7,3.936016e-7,7.677240e-7,149.157,8.326784e-7,0,0,0,0
3054,1780759949355,13.869,0,-6.686561e-7,4.002686e-7,7.793048e-7,149.095,8.330185e-7,0,0,0,0
3055,1780759949406,13.348,0,-6.738267e-7,4.043795e-7,7.858532e-7,149.031,8.335246e-7,0,0,0,0
3056,1780759949457,13.251,0,-6.812173e-7,4.108613e-7,7.955275e-7,148.905,8.339292e-7,0,0,0,0
3057,1780759949506,12.965,0,-6.968275e-7,4.249040e-7,8.161569e-7,148.626,8.345249e-7,0,0,0,0
3058,1780759949556,13.224,0,-7.028337e-7,4.359187e-7,8.270431e-7,148.192,8.349940e-7,0,0,0,0
3059,1780759949607,13.286,0,-7.313645e-7,4.573113e-7,8.625704e-7,147.983,8.354971e-7,0,0,0,0
3060,1780759949658,13.731,0,-7.538429e-7,4.657726e-7,8.861282e-7,148.290,8.362407e-7,0,0,0,0
3061,1780759949709,13.426,0,-7.808435e-7,4.759689e-7,9.144742e-7,148.635,8.368521e-7,0,0,0,0
3062,1780759949758,12.769,0,-8.027771e-7,4.801256e-7,9.353992e-7,149.117,8.377519e-7,0,0,0,0
3063,1780759949806,12.344,0,-8.203288e-7,4.750585e-7,9.479557e-7,149.925,8.384821e-7,0,0,0,0
3064,1780759949855,14.208,0,-8.395585e-7,4.680973e-7,9.612354e-7,150.858,8.392748e-7,0,0,0,0
3065,1780759949904,13.800,0,-8.383335e-7,4.494580e-7,9.512180e-7,151.803,8.403942e-7,0,0,0,0
3066,1780759949954,11.956,0,-8.484760e-7,4.340686e-7,9.530620e-7,152.906,8.412687e-7,0,0,0,0
3067,1780759950003,13.536,0,-8.375749e-7,4.122415e-7,9.335281e-7,153.794,8.424759e-7,0,0,0,0
3068,1780759950053,11.816,0,-8.273667e-7,3.957190e-7,9.171310e-7,154.439,8.433692e-7,0,0,0,0
3069,1780759950102,13.643,0,-8.265973e-7,3.727472e-7,9.067545e-7,155.727,8.442668e-7,0,0,0,0
3070,1780759950151,12.758,0,-8.215821e-7,3.451133e-7,8.911231e-7,157.215,8.454899e-7,0,0,0,0
3071,1780759950200,14.470,0,-8.254685e-7,3.211867e-7,8.857534e-7,158.739,8.464346e-7,0,0,0,0
3072,1780759950249,13.519,0,-8.138183e-7,2.955042e-7,8.658077e-7,160.044,8.477186e-7,0,0,0,0
3073,1780759950299,14.114,0,-8.149886e-7,2.762432e-7,8.605329e-7,161.276,8.486803e-7,0,0,0,0
3074,1780759950350,14.441,0,-8.063380e-7,2.562747e-7,8.460838e-7,162.368,8.499871e-7,0,0,0,0
3075,1780759950401,14.553,0,-8.006129e-7,2.393751e-7,8.356323e-7,163.354,8.509557e-7,0,0,0,0
3076,1780759950452,14.526,0,-7.953555e-7,2.273216e-7,8.272034e-7,164.049,8.519275e-7,0,0,0,0
3077,1780759950503,14.324,0,-7.809746e-7,2.179382e-7,8.108134e-7,164.408,8.531934e-7,0,0,0,0
3078,1780759950554,11.853,0,-7.816993e-7,2.095824e-7,8.093075e-7,164.991,8.541179e-7,0,0,0,0
3079,1780759950603,13.250,0,-7.723892e-7,1.960103e-7,7.968721e-7,165.761,8.553348e-7,0,0,0,0
3080,1780759950654,13.788,0,-7.796206e-7,1.943920e-7,8.034902e-7,165.999,8.562258e-7,0,0,0,0
3081,1780759950702,13.554,0,-7.839180e-7,1.990709e-7,8.087995e-7,165.751,8.571258e-7,0,0,0,0
3082,1780759950753,13.593,0,-7.978341e-7,2.103912e-7,8.251083e-7,165.227,8.583256e-7,0,0,0,0
3083,1780759950802,12.165,0,-8.173537e-7,2.276113e-7,8.484539e-7,164.439,8.592634e-7,0,0,0,0
3084,1780759950852,13.291,0,-8.270043e-7,2.425272e-7,8.618327e-7,163.656,8.605674e-7,0,0,0,0
3085,1780759950903,13.229,0,-8.533255e-7,2.637453e-7,8.931551e-7,162.825,8.615814e-7,0,0,0,0
3086,1780759950954,13.919,0,-8.655645e-7,2.796899e-7,9.096309e-7,162.093,8.626327e-7,0,0,0,0
3087,1780759951005,13.353,0,-8.817879e-7,2.987340e-7,9.310166e-7,161.285,8.640531e-7,0,0,0,0
3088,1780759951054,12.333,0,-8.950961e-7,3.048807e-7,9.455946e-7,161.191,8.651383e-7,0,0,0,0
3089,1780759951103,14.436,0,-8.963286e-7,3.042715e-7,9.465654e-7,161.249,8.665843e-7,0,0,0,0
3090,1780759951153,11.979,0,-8.985606e-7,3.017057e-7,9.478594e-7,161.440,8.676507e-7,0,0,0,0
3091,1780759951203,13.352,0,-8.849528e-7,2.923842e-7,9.320032e-7,161.717,8.690185e-7,0,0,0,0
3092,1780759951252,12.005,0,-8.886263e-7,2.847626e-7,9.331379e-7,162.232,8.699989e-7,0,0,0,0
3093,1780759951302,13.606,0,-8.757350e-7,2.726329e-7,9.171916e-7,162.708,8.709562e-7,0,0,0,0
3094,1780759951352,11.825,0,-8.669835e-7,2.656978e-7,9.067832e-7,162.962,8.721664e-7,0,0,0,0
3095,1780759951400,14.048,0,-8.499077e-7,2.522769e-7,8.865590e-7,163.468,8.730345e-7,0,0,0,0
3096,1780759951451,14.518,0,-8.245941e-7,2.353072e-7,8.575109e-7,164.073,8.740996e-7,0,0,0,0
3097,1780759951502,14.541,0,-8.099530e-7,2.246376e-7,8.405271e-7,164.499,8.748361e-7,0,0,0,0
3098,1780759951552,12.162,0,-7.834493e-7,2.161681e-7,8.127247e-7,164.575,8.755213e-7,0,0,0,0
3099,1780759951602,13.309,0,-7.684069e-7,2.131908e-7,7.974330e-7,164.494,8.763592e-7,0,0,0,0
3100,1780759951651,12.046,0,-7.403134e-7,2.073228e-7,7.687956e-7,164.355,8.769435e-7,0,0,0,0
3101,1780759951701,13.766,0,-7.139068e-7,2.082813e-7,7.436693e-7,163.735,8.776410e-7,0,0,0,0
3102,1780759951751,11.672,0,-6.896185e-7,2.109469e-7,7.211604e-7,162.992,8.781090e-7,0,0,0,0
3103,1780759951799,13.924,0,-6.652792e-7,2.150934e-7,6.991864e-7,162.083,8.785250e-7,0,0,0,0
3104,1780759951850,14.401,0,-6.562643e-7,2.229157e-7,6.930904e-7,161.239,8.790347e-7,0,0,0,0
3105,1780759951901,14.474,0,-6.434868e-7,2.323248e-7,6.841418e-7,160.148,8.794002e-7,0,0,0,0
3106,1780759951952,14.494,0,-6.538666e-7,2.543788e-7,7.016054e-7,158.742,8.798917e-7,0,0,0,0
3107,1780759952004,13.920,0,-6.419888e-7,2.761246e-7,6.988522e-7,156.727,8.802773e-7,0,0,0,0
3108,1780759952054,14.565,0,-6.379258e-7,3.046093e-7,7.069202e-7,154.476,8.807710e-7,0,0,0,0
3109,1780759952104,12.033,0,-6.428155e-7,3.352413e-7,7.249818e-7,152.457,8.811470e-7,0,0,0,0
3110,1780759952153,14.587,0,-6.466965e-7,3.594343e-7,7.398712e-7,150.935,8.815277e-7,0,0,0,0
3111,1780759952204,14.561,0,-6.718021e-7,3.847503e-7,7.741776e-7,150.200,8.820669e-7,0,0,0,0
3112,1780759952254,12.310,0,-6.847921e-7,4.026131e-7,7.943787e-7,149.547,8.825076e-7,0,0,0,0
3113,1780759952302,12.182,0,-7.113731e-7,4.128396e-7,8.224891e-7,149.872,8.831368e-7,0,0,0,0
3114,1780759952352,13.248,0,-7.272758e-7,4.118460e-7,8.357914e-7,150.478,8.836486e-7,0,0,0,0
3115,1780759952403,13.324,0,-7.440653e-7,4.083454e-7,8.487516e-7,151.242,8.841771e-7,0,0,0,0
3116,1780759952454,13.318,0,-7.722029e-7,4.064232e-7,8.726266e-7,152.241,8.849315e-7,0,0,0,0
3117,1780759952503,12.152,0,-7.941435e-7,4.012954e-7,8.897763e-7,153.192,8.855431e-7,0,0,0,0
3118,1780759952553,13.218,0,-8.258275e-7,3.975112e-7,9.165186e-7,154.296,8.864303e-7,0,0,0,0
3119,1780759952604,13.355,0,-8.384935e-7,3.839293e-7,9.222110e-7,155.398,8.871392e-7,0,0,0,0
3120,1780759952655,13.353,0,-8.574934e-7,3.762898e-7,9.364235e-7,156.307,8.878661e-7,0,0,0,0
3121,1780759952704,12.695,0,-8.630924e-7,3.684988e-7,9.384667e-7,156.880,8.888869e-7,0,0,0,0
3122,1780759952752,12.180,0,-8.656753e-7,3.553807e-7,9.357826e-7,157.681,8.896694e-7,0,0,0,0
3123,1780759952802,13.777,0,-8.709321e-7,3.438247e-7,9.363430e-7,158.457,8.907307e-7,0,0,0,0
3124,1780759952851,12.155,0,-8.615176e-7,3.299632e-7,9.225444e-7,159.043,8.915166e-7,0,0,0,0
3125,1780759952899,11.935,0,-8.651260e-7,3.154747e-7,9.208514e-7,159.965,8.925282e-7,0,0,0,0
3126,1780759952949,13.342,0,-8.435834e-7,3.034744e-7,8.965097e-7,160.214,8.932511e-7,0,0,0,0
3127,1780759952999,14.073,0,-8.357811e-7,2.934582e-7,8.858035e-7,160.653,8.939176e-7,0,0,0,0
3128,1780759953049,11.993,0,-8.227920e-7,2.802353e-7,8.692057e-7,161.192,8.947696e-7,0,0,0,0
3129,1780759953099,13.307,0,-8.021996e-7,2.657501e-7,8.450724e-7,161.671,8.953597e-7,0,0,0,0
3130,1780759953149,14.535,0,-7.921140e-7,2.539865e-7,8.318376e-7,162.222,8.960948e-7,0,0,0,0
3131,1780759953199,12.066,0,-7.704315e-7,2.485850e-7,8.095425e-7,162.117,8.965967e-7,0,0,0,0
3132,1780759953249,13.253,0,-7.710023e-7,2.504580e-7,8.106626e-7,162.004,8.970600e-7,0,0,0,0
3133,1780759953300,13.320,0,-7.671372e-7,2.553699e-7,8.085254e-7,161.588,8.976687e-7,0,0,0,0
3134,1780759953349,12.008,0,-7.728772e-7,2.659856e-7,8.173662e-7,161.009,8.981256e-7,0,0,0,0
3135,1780759953399,13.227,0,-7.776363e-7,2.701439e-7,8.232229e-7,160.843,8.987732e-7,0,0,0,0
3136,1780759953449,13.968,0,-7.774921e-7,2.720374e-7,8.237101e-7,160.716,8.992712e-7,0,0,0,0
3137,1780759953500,14.060,0,-7.914034e-7,2.813394e-7,8.399233e-7,160.430,8.999742e-7,0,0,0,0
3138,1780759953551,14.409,0,-7.914540e-7,2.911106e-7,8.432940e-7,159.806,9.005336e-7,0,0,0,0
3139,1780759953602,13.853,0,-8.119231e-7,2.938305e-7,8.634555e-7,160.105,9.011131e-7,0,0,0,0
3140,1780759953654,13.844,0,-8.270242e-7,2.954494e-7,8.782138e-7,160.341,9.019594e-7,0,0,0,0
3141,1780759953705,13.350,0,-8.506516e-7,2.968373e-7,9.009553e-7,160.763,9.026397e-7,0,0,0,0
3142,1780759953755,11.764,0,-8.720160e-7,2.955145e-7,9.207284e-7,161.279,9.036375e-7,0,0,0,0
3143,1780759953804,13.674,0,-8.816144e-7,2.910650e-7,9.284195e-7,161.729,9.044292e-7,0,0,0,0
3144,1780759953855,13.235,0,-8.899325e-7,2.810363e-7,9.332530e-7,162.474,9.052485e-7,0,0,0,0
3145,1780759953905,11.883,0,-8.725345e-7,2.572032e-7,9.096538e-7,163.576,9.063422e-7,0,0,0,0
3146,1780759953954,13.805,0,-8.703888e-7,2.346754e-7,9.014706e-7,164.911,9.071230e-7,0,0,0,0
3147,1780759954004,11.836,0,-8.525386e-7,2.153190e-7,8.793090e-7,165.826,9.081358e-7,0,0,0,0
3148,1780759954052,14.166,0,-8.433034e-7,2.002788e-7,8.667596e-7,166.640,9.088416e-7,0,0,0,0
3149,1780759954102,12.399,0,-8.372391e-7,1.875874e-7,8.579967e-7,167.371,9.095325e-7,0,0,0,0
3150,1780759954152,13.273,0,-8.217380e-7,1.702426e-7,8.391877e-7,168.295,9.104093e-7,0,0,0,0
3151,1780759954203,13.672,0,-8.163447e-7,1.526230e-7,8.304893e-7,169.410,9.110319e-7,0,0,0,0
3152,1780759954254,13.279,0,-7.907584e-7,1.364265e-7,8.024407e-7,170.211,9.118146e-7,0,0,0,0
3153,1780759954304,11.897,0,-7.800305e-7,1.198613e-7,7.891859e-7,171.264,9.123446e-7,0,0,0,0
3154,1780759954352,14.266,0,-7.665817e-7,1.112066e-7,7.746060e-7,171.746,9.130063e-7,0,0,0,0
3155,1780759954404,13.877,0,-7.565734e-7,1.051226e-7,7.638416e-7,172.090,9.134628e-7,0,0,0,0
3156,1780759954453,12.089,0,-7.504124e-7,9.994213e-8,7.570384e-7,172.414,9.139009e-7,0,0,0,0
3157,1780759954502,13.970,0,-7.332006e-7,9.711722e-8,7.396045e-7,172.455,9.144375e-7,0,0,0,0
3158,1780759954553,14.539,0,-7.328490e-7,9.444904e-8,7.389102e-7,172.656,9.148062e-7,0,0,0,0
3159,1780759954604,11.901,0,-7.221700e-7,9.553572e-8,7.284618e-7,172.464,9.152517e-7,0,0,0,0
3160,1780759954652,14.216,0,-7.236898e-7,9.835118e-8,7.303423e-7,172.261,9.155431e-7,0,0,0,0
3161,1780759954702,11.975,0,-7.224480e-7,1.051914e-7,7.300659e-7,171.716,9.158176e-7,0,0,0,0
3162,1780759954752,13.255,0,-7.246770e-7,1.145228e-7,7.336703e-7,171.020,9.161393e-7,0,0,0,0
3163,1780759954803,13.264,0,-7.364614e-7,1.218995e-7,7.464817e-7,170.602,9.163797e-7,0,0,0,0
3164,1780759954854,13.846,0,-7.298552e-7,1.256117e-7,7.405855e-7,170.235,9.166855e-7,0,0,0,0
3165,1780759954904,11.907,0,-7.456317e-7,1.359209e-7,7.579189e-7,169.669,9.169071e-7,0,0,0,0
3166,1780759954953,13.949,0,-7.496533e-7,1.488399e-7,7.642862e-7,168.770,9.171431e-7,0,0,0,0
3167,1780759955003,14.504,0,-7.658432e-7,1.625997e-7,7.829141e-7,168.013,9.174775e-7,0,0,0,0
3168,1780759955052,12.980,0,-7.859571e-7,1.789431e-7,8.060702e-7,167.174,9.177829e-7,0,0,0,0
3169,1780759955101,12.326,0,-8.004462e-7,1.927892e-7,8.233357e-7,166.458,9.182627e-7,0,0,0,0
3170,1780759955151,13.653,0,-8.212773e-7,1.998559e-7,8.452449e-7,166.323,9.186873e-7,0,0,0,0
3171,1780759955199,13.012,0,-8.261553e-7,2.057571e-7,8.513921e-7,166.015,9.193160e-7,0,0,0,0
3172,1780759955248,12.072,0,-8.417013e-7,2.063887e-7,8.666356e-7,166.223,9.198180e-7,0,0,0,0
3173,1780759955298,13.365,0,-8.503811e-7,2.022300e-7,8.740967e-7,166.623,9.203492e-7,0,0,0,0
3174,1780759955349,13.228,0,-8.672647e-7,1.954255e-7,8.890102e-7,167.301,9.210907e-7,0,0,0,0
3175,1780759955400,13.369,0,-8.775304e-7,1.861903e-7,8.970654e-7,168.021,9.216920e-7,0,0,0,0
3176,1780759955450,11.886,0,-8.763830e-7,1.752129e-7,8.937263e-7,168.694,9.225104e-7,0,0,0,0
3177,1780759955499,13.322,0,-8.736463e-7,1.559527e-7,8.874565e-7,169.879,9.231297e-7,0,0,0,0
3178,1780759955550,13.187,0,-8.531783e-7,1.312430e-7,8.632137e-7,171.255,9.237322e-7,0,0,0,0
3179,1780759955600,14.612,0,-8.472364e-7,1.032057e-7,8.534993e-7,173.055,9.244831e-7,0,0,0,0
3180,1780759955651,14.577,0,-8.281950e-7,8.061849e-8,8.321095e-7,174.440,9.250258e-7,0,0,0,0
3181,1780759955701,12.688,0,-8.103516e-7,6.164721e-8,8.126931e-7,175.650,9.256884e-7,0,0,0,0
3182,1780759955750,14.492,0,-7.897379e-7,4.434416e-8,7.909819e-7,176.786,9.261546e-7,0,0,0,0
3183,1780759955800,12.460,0,-7.565302e-7,2.213342e-8,7.568539e-7,178.324,9.265772e-7,0,0,0,0
3184,1780759955849,14.288,0,-7.351367e-7,-2.731325e-10,7.351368e-7,-179.979,9.270672e-7,0,0,0,0
3185,1780759955899,12.063,0,-6.966670e-7,-1.978717e-8,6.969479e-7,-178.373,9.273905e-7,0,0,0,0
3186,1780759955949,13.281,0,-6.782741e-7,-4.016869e-8,6.794625e-7,-176.611,9.277477e-7,0,0,0,0
3187,1780759956000,13.315,0,-6.516472e-7,-5.475217e-8,6.539433e-7,-175.197,9.279851e-7,0,0,0,0
3188,1780759956049,11.975,0,-6.338229e-7,-6.103945e-8,6.367553e-7,-174.499,9.282509e-7,0,0,0,0
3189,1780759956099,13.325,0,-6.184626e-7,-6.157151e-8,6.215200e-7,-174.315,9.284309e-7,0,0,0,0
3190,1780759956149,13.936,0,-5.954873e-7,-6.068344e-8,5.985713e-7,-174.181,9.285913e-7,0,0,0,0
3191,1780759956198,12.940,0,-5.885204e-7,-5.736577e-8,5.913097e-7,-174.433,9.287757e-7,0,0,0,0
3192,1780759956248,14.655,0,-5.824102e-7,-4.569713e-8,5.842002e-7,-175.514,9.289038e-7,0,0,0,0
3193,1780759956297,13.617,0,-5.951915e-7,-3.581448e-8,5.962680e-7,-176.556,9.290690e-7,0,0,0,0
3194,1780759956348,13.245,0,-5.972701e-7,-2.459900e-8,5.977765e-7,-177.642,9.291982e-7,0,0,0,0
3195,1780759956399,13.248,0,-6.015841e-7,-1.073883e-8,6.016800e-7,-178.977,9.293209e-7,0,0,0,0
3196,1780759956448,12.505,0,-6.134835e-7,9.706849e-10,6.134843e-7,179.909,9.294865e-7,0,0,0,0
3197,1780759956498,13.311,0,-6.120384e-7,1.401902e-8,6.121989e-7,178.688,9.296062e-7,0,0,0,0
3198,1780759956549,13.145,0,-6.271314e-7,2.189478e-8,6.275135e-7,178.000,9.297566e-7,0,0,0,0
3199,1780759956599,13.980,0,-6.308977e-7,3.012908e-8,6.316167e-7,177.266,9.298693e-7,0,0,0,0
3200,1780759956649,12.525,0,-6.472106e-7,3.743525e-8,6.482923e-7,176.690,9.299770e-7,0,0,0,0
3201,1780759956699,13.661,0,-6.692632e-7,4.480018e-8,6.707610e-7,176.170,9.301443e-7,0,0,0,0
3202,1780759956749,14.030,0,-6.986501e-7,5.176833e-8,7.005655e-7,175.762,9.302903e-7,0,0,0,0
3203,1780759956798,13.759,0,-7.330654e-7,5.295928e-8,7.349759e-7,175.868,9.305463e-7,0,0,0,0
3204,1780759956849,13.378,0,-7.512795e-7,5.546443e-8,7.533241e-7,175.778,9.307821e-7,0,0,0,0
3205,1780759956898,12.117,0,-7.844458e-7,4.772160e-8,7.858961e-7,176.519,9.311494e-7,0,0,0,0
3206,1780759956948,13.292,0,-7.972288e-7,3.704666e-8,7.980891e-7,177.339,9.314729e-7,0,0,0,0
3207,1780759956998,14.103,0,-8.113760e-7,2.410380e-8,8.117340e-7,178.298,9.318124e-7,0,0,0,0
3208,1780759957048,12.183,0,-8.197449e-7,9.671639e-9,8.198019e-7,179.324,9.323066e-7,0,0,0,0
3209,1780759957098,13.208,0,-8.128119e-7,-6.436018e-9,8.128374e-7,-179.546,9.326864e-7,0,0,0,0
3210,1780759957149,13.413,0,-8.097091e-7,-2.503141e-8,8.100959e-7,-178.229,9.331865e-7,0,0,0,0
3211,1780759957199,13.987,0,-8.019720e-7,-3.720776e-8,8.028347e-7,-177.344,9.335531e-7,0,0,0,0
3212,1780759957249,12.048,0,-8.066592e-7,-5.708963e-8,8.086769e-7,-175.952,9.339095e-7,0,0,0,0
3213,1780759957297,11.942,0,-7.927405e-7,-7.592426e-8,7.963680e-7,-174.529,9.343764e-7,0,0,0,0
3214,1780759957347,13.289,0,-7.820246e-7,-9.616381e-8,7.879150e-7,-172.990,9.346924e-7,0,0,0,0
3215,1780759957398,13.333,0,-7.668663e-7,-1.133481e-7,7.751978e-7,-171.592,9.350765e-7,0,0,0,0
3216,1780759957449,13.319,0,-7.438757e-7,-1.284113e-7,7.548779e-7,-170.206,9.353217e-7,0,0,0,0
3217,1780759957499,14.140,0,-7.322110e-7,-1.447143e-7,7.463746e-7,-168.820,9.355255e-7,0,0,0,0
3218,1780759957549,11.880,0,-7.057247e-7,-1.567923e-7,7.229324e-7,-167.474,9.357498e-7,0,0,0,0
3219,1780759957598,14.007,0,-6.905133e-7,-1.689025e-7,7.108704e-7,-166.255,9.358710e-7,0,0,0,0
3220,1780759957648,12.164,0,-6.715776e-7,-1.724253e-7,6.933591e-7,-165.601,9.359933e-7,0,0,0,0
3221,1780759957698,13.313,0,-6.645384e-7,-1.703839e-7,6.860335e-7,-165.619,9.360632e-7,0,0,0,0
3222,1780759957749,13.255,0,-6.571191e-7,-1.653281e-7,6.775978e-7,-165.878,9.361481e-7,0,0,0,0
3223,1780759957798,12.548,0,-6.438598e-7,-1.506930e-7,6.612593e-7,-166.827,9.362087e-7,0,0,0,0
3224,1780759957846,12.067,0,-6.441407e-7,-1.365815e-7,6.584616e-7,-168.028,9.362674e-7,0,0,0,0
3225,1780759957895,14.231,0,-6.334974e-7,-1.129796e-7,6.434930e-7,-169.888,9.363567e-7,0,0,0,0
3226,1780759957945,12.157,0,-6.439033e-7,-9.097883e-8,6.502989e-7,-171.958,9.364298e-7,0,0,0,0
3227,1780759957994,11.759,0,-6.462669e-7,-6.855946e-8,6.498933e-7,-173.944,9.365483e-7,0,0,0,0
3228,1780759958043,13.227,0,-6.516508e-7,-4.942744e-8,6.535226e-7,-175.662,9.366433e-7,0,0,0,0
3229,1780759958094,13.261,0,-6.597899e-7,-3.151663e-8,6.605422e-7,-177.265,9.367470e-7,0,0,0,0
3230,1780759958143,11.959,0,-6.635991e-7,-2.471383e-8,6.640591e-7,-177.867,9.368994e-7,0,0,0,0
3231,1780759958193,13.361,0,-6.863545e-7,-2.206754e-8,6.867092e-7,-178.158,9.370236e-7,0,0,0,0
3232,1780759958242,12.238,0,-6.984118e-7,-8.372543e-9,6.984620e-7,-179.313,9.372197e-7,0,0,0,0
3233,1780759958291,14.283,0,-7.222843e-7,2.362573e-9,7.222882e-7,179.813,9.373831e-7,0,0,0,0
3234,1780759958341,12.250,0,-7.367739e-7,6.246769e-9,7.368004e-7,179.514,9.375696e-7,0,0,0,0
3235,1780759958391,13.331,0,-7.492035e-7,3.651361e-9,7.492124e-7,179.721,9.378391e-7,0,0,0,0
3236,1780759958441,11.656,0,-7.639273e-7,-7.193251e-9,7.639612e-7,-179.461,9.380589e-7,0,0,0,0
3237,1780759958489,13.903,0,-7.595321e-7,-1.610872e-8,7.597029e-7,-178.785,9.383687e-7,0,0,0,0
3238,1780759958541,13.348,0,-7.674785e-7,-3.453044e-8,7.682549e-7,-177.424,9.385971e-7,0,0,0,0
3239,1780759958591,14.290,0,-7.685669e-7,-5.211081e-8,7.703315e-7,-176.121,9.389072e-7,0,0,0,0
3240,1780759958641,12.291,0,-7.811370e-7,-7.126835e-8,7.843814e-7,-174.787,9.391412e-7,0,0,0,0
3241,1780759958691,13.303,0,-7.812652e-7,-8.873678e-8,7.862885e-7,-173.520,9.393865e-7,0,0,0,0
3242,1780759958741,14.260,0,-7.694210e-7,-1.017675e-7,7.761220e-7,-172.466,9.397013e-7,0,0,0,0
3243,1780759958792,13.969,0,-7.591167e-7,-1.158009e-7,7.678984e-7,-171.327,9.399179e-7,0,0,0,0
3244,1780759958843,14.571,0,-7.341631e-7,-1.223637e-7,7.442905e-7,-170.537,9.401769e-7,0,0,0,0
3245,1780759958894,14.632,0,-7.228904e-7,-1.351916e-7,7.354232e-7,-169.407,9.403421e-7,0,0,0,0
3246,1780759958945,14.540,0,-6.990005e-7,-1.459401e-7,7.140729e-7,-168.207,9.404916e-7,0,0,0,0
3247,1780759958996,14.520,0,-6.794254e-7,-1.594052e-7,6.978745e-7,-166.796,9.406544e-7,0,0,0,0
3248,1780759959047,14.583,0,-6.632666e-7,-1.725174e-7,6.853356e-7,-165.420,9.407577e-7,0,0,0,0
3249,1780759959098,14.551,0,-6.308764e-7,-1.858051e-7,6.576690e-7,-163.589,9.408690e-7,0,0,0,0
3250,1780759959149,14.592,0,-6.108774e-7,-2.023422e-7,6.435166e-7,-161.673,9.409277e-7,0,0,0,0
3251,1780759959200,14.520,0,-5.813424e-7,-2.121604e-7,6.188465e-7,-159.950,9.409700e-7,0,0,0,0
3252,1780759959249,12.883,0,-5.676436e-7,-2.210721e-7,6.091733e-7,-158.721,9.410005e-7,0,0,0,0
3253,1780759959299,13.946,0,-5.403034e-7,-2.204141e-7,5.835324e-7,-157.807,9.410092e-7,0,0,0,0
3254,1780759959349,12.474,0,-5.237117e-7,-2.232075e-7,5.692940e-7,-156.916,9.410054e-7,0,0,0,0
3255,1780759959399,13.364,0,-5.125805e-7,-2.217302e-7,5.584828e-7,-156.608,9.409926e-7,0,0,0,0
3256,1780759959449,14.216,0,-5.006501e-7,-2.124924e-7,5.438783e-7,-157.002,9.409660e-7,0,0,0,0
3257,1780759959500,14.594,0,-5.093888e-7,-2.058579e-7,5.494128e-7,-157.995,9.409393e-7,0,0,0,0
3258,1780759959551,14.478,0,-5.029546e-7,-1.958798e-7,5.397520e-7,-158.721,9.409089e-7,0,0,0,0
3259,1780759959602,14.589,0,-5.121742e-7,-1.926157e-7,5.471958e-7,-159.390,9.408629e-7,0,0,0,0
3260,1780759959652,12.002,0,-5.185413e-7,-1.822805e-7,5.496464e-7,-160.632,9.408245e-7,0,0,0,0
3261,1780759959702,13.277,0,-5.286645e-7,-1.725104e-7,5.560989e-7,-161.928,9.407752e-7,0,0,0,0
3262,1780759959753,13.195,0,-5.479650e-7,-1.644529e-7,5.721105e-7,-163.295,9.407396e-7,0,0,0,0
3263,1780759959802,11.900,0,-5.633664e-7,-1.477057e-7,5.824077e-7,-165.309,9.407107e-7,0,0,0,0
3264,1780759959852,13.251,0,-5.937030e-7,-1.352583e-7,6.089155e-7,-167.166,9.406832e-7,0,0,0,0
3265,1780759959903,13.304,0,-6.129419e-7,-1.146035e-7,6.235638e-7,-169.410,9.406745e-7,0,0,0,0
3266,1780759959954,13.815,0,-6.448342e-7,-9.717357e-8,6.521149e-7,-171.430,9.406839e-7,0,0,0,0
3267,1780759960004,11.760,0,-6.715184e-7,-7.805621e-8,6.760397e-7,-173.370,9.407114e-7,0,0,0,0
3268,1780759960052,14.306,0,-7.050322e-7,-6.670855e-8,7.081811e-7,-174.595,9.407784e-7,0,0,0,0
3269,1780759960104,13.813,0,-7.461296e-7,-6.547323e-8,7.489967e-7,-174.985,9.408620e-7,0,0,0,0
3270,1780759960152,13.113,0,-7.689746e-7,-5.806734e-8,7.711639e-7,-175.682,9.409777e-7,0,0,0,0
3271,1780759960203,13.402,0,-7.994792e-7,-6.247731e-8,8.019167e-7,-175.532,9.411665e-7,0,0,0,0
3272,1780759960254,13.679,0,-8.094135e-7,-6.122085e-8,8.117255e-7,-175.675,9.413328e-7,0,0,0,0
3273,1780759960303,12.201,0,-8.182190e-7,-6.262652e-8,8.206122e-7,-175.623,9.415579e-7,0,0,0,0
3274,1780759960353,13.253,0,-8.177804e-7,-7.142246e-8,8.208934e-7,-175.009,9.417287e-7,0,0,0,0
3275,1780759960404,13.400,0,-8.030703e-7,-8.351805e-8,8.074015e-7,-174.063,9.418905e-7,0,0,0,0
3276,1780759960453,12.544,0,-7.893030e-7,-1.093509e-7,7.968418e-7,-172.112,9.420761e-7,0,0,0,0
3277,1780759960503,13.275,0,-7.526205e-7,-1.322744e-7,7.641559e-7,-170.032,9.421906e-7,0,0,0,0
3278,1780759960554,13.540,0,-7.236638e-7,-1.641037e-7,7.420373e-7,-167.223,9.422872e-7,0,0,0,0
3279,1780759960605,13.552,0,-6.876383e-7,-1.943058e-7,7.145636e-7,-164.221,9.423219e-7,0,0,0,0
3280,1780759960654,12.713,0,-6.592591e-7,-2.276495e-7,6.974574e-7,-160.950,9.423258e-7,0,0,0,0
3281,1780759960704,13.431,0,-6.284448e-7,-2.593068e-7,6.798403e-7,-157.578,9.422917e-7,0,0,0,0
3282,1780759960753,12.829,0,-5.919226e-7,-2.875451e-7,6.580689e-7,-154.090,9.422451e-7,0,0,0,0
3283,1780759960803,13.319,0,-5.716804e-7,-3.215637e-7,6.559128e-7,-150.643,9.421589e-7,0,0,0,0
3284,1780759960854,13.163,0,-5.429691e-7,-3.436713e-7,6.425927e-7,-147.668,9.420807e-7,0,0,0,0
3285,1780759960903,12.321,0,-5.297982e-7,-3.647868e-7,6.432384e-7,-145.451,9.419663e-7,0,0,0,0
3286,1780759960952,11.636,0,-5.078870e-7,-3.755479e-7,6.316529e-7,-143.520,9.418715e-7,0,0,0,0
3287,1780759961001,13.626,0,-4.770166e-7,-3.842844e-7,6.125515e-7,-141.145,9.417728e-7,0,0,0,0
3288,1780759961052,13.535,0,-4.559036e-7,-3.920735e-7,6.013067e-7,-139.305,9.416318e-7,0,0,0,0
3289,1780759961102,14.311,0,-4.301600e-7,-3.885208e-7,5.796430e-7,-137.912,9.415245e-7,0,0,0,0
3290,1780759961151,13.559,0,-4.264588e-7,-3.825180e-7,5.728762e-7,-138.109,9.413759e-7,0,0,0,0
3291,1780759961199,12.849,0,-4.110591e-7,-3.606640e-7,5.468529e-7,-138.736,9.412563e-7,0,0,0,0
3292,1780759961249,11.829,0,-4.069898e-7,-3.418253e-7,5.314934e-7,-139.974,9.411402e-7,0,0,0,0
3293,1780759961298,13.225,0,-4.042510e-7,-3.198250e-7,5.154676e-7,-141.651,9.409741e-7,0,0,0,0
3294,1780759961349,13.349,0,-4.058744e-7,-2.984110e-7,5.037689e-7,-143.676,9.408405e-7,0,0,0,0
3295,1780759961399,14.029,0,-4.162995e-7,-2.808984e-7,5.022043e-7,-145.990,9.406403e-7,0,0,0,0
3296,1780759961448,13.170,0,-4.216028e-7,-2.474804e-7,4.888717e-7,-149.587,9.404752e-7,0,0,0,0
3297,1780759961498,14.618,0,-4.506493e-7,-2.204864e-7,5.016962e-7,-153.929,9.403013e-7,0,0,0,0
3298,1780759961549,14.449,0,-4.729292e-7,-1.871515e-7,5.086135e-7,-158.410,9.400385e-7,0,0,0,0
3299,1780759961598,13.085,0,-5.009882e-7,-1.605142e-7,5.260742e-7,-162.235,9.398207e-7,0,0,0,0
3300,1780759961647,12.029,0,-5.308636e-7,-1.381717e-7,5.485505e-7,-165.411,9.394969e-7,0,0,0,0
3301,1780759961697,13.805,0,-5.523315e-7,-1.124329e-7,5.636588e-7,-168.494,9.392491e-7,0,0,0,0
3302,1780759961747,14.612,0,-5.828666e-7,-9.791036e-8,5.910330e-7,-170.464,9.389154e-7,0,0,0,0
3303,1780759961797,12.674,0,-5.985579e-7,-7.634000e-8,6.034065e-7,-172.732,9.386706e-7,0,0,0,0
3304,1780759961847,13.212,0,-6.226606e-7,-6.441340e-8,6.259834e-7,-174.094,9.384364e-7,0,0,0,0
3305,1780759961895,13.054,0,-6.388627e-7,-5.571551e-8,6.412876e-7,-175.016,9.381430e-7,0,0,0,0
3306,1780759961945,13.982,0,-6.427288e-7,-5.424190e-8,6.450136e-7,-175.176,9.379454e-7,0,0,0,0
3307,1780759961996,14.622,0,-6.517215e-7,-5.750587e-8,6.542537e-7,-174.957,9.377057e-7,0,0,0,0
3308,1780759962046,12.315,0,-6.522231e-7,-5.979840e-8,6.549586e-7,-174.762,9.375452e-7,0,0,0,0
3309,1780759962095,14.070,0,-6.576771e-7,-7.876094e-8,6.623763e-7,-173.171,9.373953e-7,0,0,0,0
3310,1780759962146,14.626,0,-6.462317e-7,-9.139066e-8,6.526620e-7,-171.951,9.372204e-7,0,0,0,0
3311,1780759962196,12.170,0,-6.449368e-7,-1.110601e-7,6.544294e-7,-170.229,9.371098e-7,0,0,0,0
3312,1780759962246,13.299,0,-6.395483e-7,-1.282677e-7,6.522842e-7,-168.659,9.369755e-7,0,0,0,0
3313,1780759962295,11.906,0,-6.345739e-7,-1.449649e-7,6.509215e-7,-167.132,9.368747e-7,0,0,0,0
3314,1780759962345,13.302,0,-6.333570e-7,-1.646376e-7,6.544056e-7,-165.429,9.367690e-7,0,0,0,0
3315,1780759962396,13.407,0,-6.156788e-7,-1.864763e-7,6.432991e-7,-163.150,9.366238e-7,0,0,0,0
3316,1780759962447,13.241,0,-6.112671e-7,-2.231473e-7,6.507244e-7,-159.945,9.365079e-7,0,0,0,0
3317,1780759962497,13.982,0,-5.978001e-7,-2.475261e-7,6.470194e-7,-157.507,9.363476e-7,0,0,0,0
3318,1780759962548,14.511,0,-5.952167e-7,-2.756530e-7,6.559478e-7,-155.150,9.362216e-7,0,0,0,0
3319,1780759962599,14.509,0,-5.916110e-7,-3.078626e-7,6.669205e-7,-152.508,9.360384e-7,0,0,0,0
3320,1780759962649,11.910,0,-5.823332e-7,-3.394219e-7,6.740320e-7,-149.764,9.358871e-7,0,0,0,0
3321,1780759962698,11.656,0,-5.781108e-7,-3.754785e-7,6.893448e-7,-146.997,9.357167e-7,0,0,0,0
3322,1780759962746,13.849,0,-5.619511e-7,-3.998728e-7,6.897008e-7,-144.565,9.354628e-7,0,0,0,0
3323,1780759962798,13.338,0,-5.567913e-7,-4.286494e-7,7.026784e-7,-142.409,9.352550e-7,0,0,0,0
3324,1780759962849,13.336,0,-5.409823e-7,-4.501427e-7,7.037686e-7,-140.237,9.349585e-7,0,0,0,0
3325,1780759962900,13.285,0,-5.380595e-7,-4.835646e-7,7.234244e-7,-138.053,9.347271e-7,0,0,0,0
3326,1780759962949,12.719,0,-5.334110e-7,-5.166766e-7,7.426183e-7,-135.913,9.344790e-7,0,0,0,0
3327,1780759962998,14.095,0,-5.180031e-7,-5.404960e-7,7.486409e-7,-133.783,9.341236e-7,0,0,0,0
3328,1780759963047,12.831,0,-5.045889e-7,-5.739922e-7,7.642494e-7,-131.318,9.338303e-7,0,0,0,0
3329,1780759963097,14.579,0,-4.739888e-7,-5.940057e-7,7.599396e-7,-128.588,9.334150e-7,0,0,0,0
3330,1780759963148,14.527,0,-4.580790e-7,-6.137237e-7,7.658284e-7,-126.737,9.330934e-7,0,0,0,0
3331,1780759963199,14.013,0,-4.411235e-7,-6.235068e-7,7.637740e-7,-125.279,9.327581e-7,0,0,0,0
3332,1780759963249,11.879,0,-4.252489e-7,-6.297751e-7,7.599034e-7,-124.029,9.323001e-7,0,0,0,0
3333,1780759963299,13.384,0,-4.164813e-7,-6.346040e-7,7.590645e-7,-123.276,9.319371e-7,0,0,0,0
3334,1780759963349,13.929,0,-4.000343e-7,-6.355505e-7,7.509673e-7,-122.188,9.314291e-7,0,0,0,0
3335,1780759963400,14.004,0,-4.044012e-7,-6.402955e-7,7.573101e-7,-122.276,9.310182e-7,0,0,0,0
3336,1780759963451,14.456,0,-4.028818e-7,-6.294083e-7,7.473076e-7,-122.623,9.304195e-7,0,0,0,0
3337,1780759963502,14.588,0,-4.121844e-7,-6.129807e-7,7.386754e-7,-123.918,9.299464e-7,0,0,0,0
3338,1780759963553,14.423,0,-4.326463e-7,-5.976127e-7,7.377830e-7,-125.903,9.294387e-7,0,0,0,0
3339,1780759963604,14.517,0,-4.478098e-7,-5.736416e-7,7.277351e-7,-127.977,9.286979e-7,0,0,0,0
3340,1780759963655,14.519,0,-4.778288e-7,-5.572660e-7,7.340747e-7,-130.612,9.280938e-7,0,0,0,0
3341,1780759963705,12.172,0,-4.945553e-7,-5.299489e-7,7.248660e-7,-133.021,9.272463e-7,0,0,0,0
3342,1780759963755,13.260,0,-5.239386e-7,-5.078423e-7,7.296680e-7,-135.894,9.265908e-7,0,0,0,0
3343,1780759963806,13.326,0,-5.511636e-7,-4.843974e-7,7.337726e-7,-138.689,9.259234e-7,0,0,0,0
3344,1780759963856,14.147,0,-5.850655e-7,-4.638572e-7,7.466359e-7,-141.592,9.250312e-7,0,0,0,0
3345,1780759963908,13.646,0,-6.192283e-7,-4.425187e-7,7.610956e-7,-144.449,9.243586e-7,0,0,0,0
3346,1780759963957,12.844,0,-6.376230e-7,-4.147672e-7,7.606543e-7,-146.956,9.234735e-7,0,0,0,0
3347,1780759964007,13.824,0,-6.588244e-7,-4.020924e-7,7.718341e-7,-148.604,9.228197e-7,0,0,0,0
3348,1780759964058,13.642,0,-6.654004e-7,-3.817346e-7,7.671238e-7,-150.157,9.221895e-7,0,0,0,0
3349,1780759964107,12.703,0,-6.812959e-7,-3.643630e-7,7.726089e-7,-151.862,9.213997e-7,0,0,0,0
3350,1780759964157,13.750,0,-6.917241e-7,-3.439798e-7,7.725311e-7,-153.560,9.208370e-7,0,0,0,0
3351,1780759964208,13.663,0,-6.959058e-7,-3.288164e-7,7.696786e-7,-154.709,9.201245e-7,0,0,0,0
3352,1780759964257,12.783,0,-7.021060e-7,-3.212692e-7,7.721183e-7,-155.412,9.196148e-7,0,0,0,0
3353,1780759964307,13.359,0,-6.865006e-7,-2.976100e-7,7.482345e-7,-156.562,9.189703e-7,0,0,0,0
3354,1780759964358,13.343,0,-6.835948e-7,-2.899166e-7,7.425318e-7,-157.018,9.184978e-7,0,0,0,0
3355,1780759964408,14.615,0,-6.706651e-7,-2.790769e-7,7.264128e-7,-157.407,9.180417e-7,0,0,0,0
3356,1780759964458,12.725,0,-6.634390e-7,-2.817075e-7,7.207708e-7,-156.993,9.174613e-7,0,0,0,0
3357,1780759964507,14.089,0,-6.559525e-7,-2.893864e-7,7.169506e-7,-156.194,9.170365e-7,0,0,0,0
3358,1780759964558,14.555,0,-6.436559e-7,-2.970273e-7,7.088851e-7,-155.228,9.164943e-7,0,0,0,0
3359,1780759964608,12.625,0,-6.426841e-7,-3.199883e-7,7.179383e-7,-153.532,9.160941e-7,0,0,0,0
3360,1780759964658,13.624,0,-6.285562e-7,-3.365378e-7,7.129801e-7,-151.835,9.157039e-7,0,0,0,0
3361,1780759964708,14.387,0,-6.224428e-7,-3.682133e-7,7.231985e-7,-149.393,9.151921e-7,0,0,0,0
3362,1780759964757,13.793,0,-6.054581e-7,-4.026581e-7,7.271265e-7,-146.374,9.148105e-7,0,0,0,0
3363,1780759964807,14.222,0,-5.938991e-7,-4.400559e-7,7.391652e-7,-143.463,9.143066e-7,0,0,0,0
3364,1780759964858,14.475,0,-5.838446e-7,-4.744086e-7,7.522885e-7,-140.904,9.139297e-7,0,0,0,0
3365,1780759964908,12.632,0,-5.658951e-7,-5.000471e-7,7.551718e-7,-138.535,9.135516e-7,0,0,0,0
3366,1780759964958,13.622,0,-5.595389e-7,-5.356591e-7,7.746060e-7,-136.249,9.130427e-7,0,0,0,0
3367,1780759965008,11.727,0,-5.451081e-7,-5.595895e-7,7.812062e-7,-134.249,9.126625e-7,0,0,0,0
3368,1780759965057,13.475,0,-5.376287e-7,-5.891069e-7,7.975535e-7,-132.384,9.121577e-7,0,0,0,0
3369,1780759965108,13.608,0,-5.268199e-7,-6.102703e-7,8.062066e-7,-130.803,9.117800e-7,0,0,0,0
3370,1780759965158,14.599,0,-5.153519e-7,-6.296233e-7,8.136418e-7,-129.301,9.112823e-7,0,0,0,0
3371,1780759965207,13.701,0,-5.117196e-7,-6.557600e-7,8.317921e-7,-127.967,9.109109e-7,0,0,0,0
3372,1780759965258,13.656,0,-5.033131e-7,-6.621376e-7,8.317152e-7,-127.240,9.105509e-7,0,0,0,0
3373,1780759965309,13.270,0,-5.010866e-7,-6.831182e-7,8.471944e-7,-126.261,9.100871e-7,0,0,0,0
3374,1780759965360,13.277,0,-4.902814e-7,-6.965142e-7,8.517675e-7,-125.142,9.097499e-7,0,0,0,0
3375,1780759965411,13.361,0,-4.854036e-7,-7.140700e-7,8.634307e-7,-124.207,9.093142e-7,0,0,0,0
3376,1780759965462,13.256,0,-4.766117e-7,-7.251568e-7,8.677621e-7,-123.315,9.089885e-7,0,0,0,0
3377,1780759965512,14.407,0,-4.589182e-7,-7.312379e-7,8.633161e-7,-122.112,9.086721e-7,0,0,0,0
3378,1780759965562,12.795,0,-4.454258e-7,-7.487931e-7,8.712607e-7,-120.747,9.082624e-7,0,0,0,0
3379,1780759965610,12.386,0,-4.186575e-7,-7.520204e-7,8.607025e-7,-119.105,9.079655e-7,0,0,0,0
3380,1780759965659,13.943,0,-3.946987e-7,-7.634218e-7,8.594184e-7,-117.340,9.075827e-7,0,0,0,0
3381,1780759965708,13.633,0,-3.620298e-7,-7.540071e-7,8.364163e-7,-115.648,9.073022e-7,0,0,0,0
3382,1780759965758,14.615,0,-3.330233e-7,-7.364964e-7,8.082892e-7,-114.331,9.069529e-7,0,0,0,0
3383,1780759965807,13.237,0,-3.088804e-7,-7.196250e-7,7.831138e-7,-113.230,9.067012e-7,0,0,0,0
3384,1780759965857,14.167,0,-2.808149e-7,-6.921654e-7,7.469605e-7,-112.083,9.064622e-7,0,0,0,0
3385,1780759965908,14.525,0,-2.667956e-7,-6.819474e-7,7.322787e-7,-111.367,9.061568e-7,0,0,0,0
3386,1780759965958,12.588,0,-2.513325e-7,-6.622675e-7,7.083546e-7,-110.782,9.059116e-7,0,0,0,0
3387,1780759966007,11.669,0,-2.499888e-7,-6.526915e-7,6.989282e-7,-110.957,9.055559e-7,0,0,0,0
3388,1780759966056,13.255,0,-2.481324e-7,-6.351537e-7,6.819017e-7,-111.339,9.052519e-7,0,0,0,0
3389,1780759966106,14.349,0,-2.443744e-7,-6.131166e-7,6.600233e-7,-111.731,9.049264e-7,0,0,0,0
3390,1780759966157,11.719,0,-2.458573e-7,-5.956730e-7,6.444161e-7,-112.428,9.044436e-7,0,0,0,0
3391,1780759966205,14.050,0,-2.501347e-7,-5.720971e-7,6.243896e-7,-113.616,9.040424e-7,0,0,0,0
3392,1780759966256,14.120,0,-2.645089e-7,-5.621263e-7,6.212494e-7,-115.199,9.034505e-7,0,0,0,0
3393,1780759966307,14.600,0,-2.684119e-7,-5.382936e-7,6.015023e-7,-116.502,9.029675e-7,0,0,0,0
3394,1780759966358,11.665,0,-2.813399e-7,-5.143275e-7,5.862464e-7,-118.679,9.024609e-7,0,0,0,0
3395,1780759966407,13.322,0,-2.962955e-7,-4.852364e-7,5.685467e-7,-121.409,9.017254e-7,0,0,0,0
3396,1780759966458,13.526,0,-3.068107e-7,-4.511518e-7,5.455921e-7,-124.218,9.011283e-7,0,0,0,0
3397,1780759966509,13.369,0,-3.213750e-7,-4.305590e-7,5.372736e-7,-126.738,9.002608e-7,0,0,0,0
3398,1780759966558,12.601,0,-3.233225e-7,-3.967298e-7,5.117929e-7,-129.179,8.995657e-7,0,0,0,0
3399,1780759966608,13.604,0,-3.304839e-7,-3.751202e-7,4.999348e-7,-131.380,8.986134e-7,0,0,0,0
3400,1780759966656,12.836,0,-3.383935e-7,-3.431202e-7,4.819145e-7,-134.603,8.978795e-7,0,0,0,0
3401,1780759966706,14.256,0,-3.494794e-7,-3.130979e-7,4.692186e-7,-138.143,8.971215e-7,0,0,0,0
3402,1780759966755,13.381,0,-3.625223e-7,-2.889195e-7,4.635697e-7,-141.446,8.960548e-7,0,0,0,0
3403,1780759966804,11.943,0,-3.687962e-7,-2.584707e-7,4.503530e-7,-144.975,8.952275e-7,0,0,0,0
3404,1780759966853,14.245,0,-3.766120e-7,-2.447402e-7,4.491485e-7,-146.982,8.940979e-7,0,0,0,0
3405,1780759966903,12.662,0,-3.786246e-7,-2.244887e-7,4.401724e-7,-149.336,8.932404e-7,0,0,0,0
3406,1780759966953,13.339,0,-3.862914e-7,-2.211229e-7,4.451027e-7,-150.212,8.923711e-7,0,0,0,0
3407,1780759967003,13.781,0,-3.904437e-7,-2.172381e-7,4.468095e-7,-150.909,8.911711e-7,0,0,0,0
3408,1780759967055,13.767,0,-3.944408e-7,-2.175703e-7,4.504669e-7,-151.119,8.902483e-7,0,0,0,0
3409,1780759967104,12.348,0,-4.002517e-7,-2.247061e-7,4.590145e-7,-150.690,8.889956e-7,0,0,0,0
3410,1780759967154,13.584,0,-3.951130e-7,-2.230362e-7,4.537174e-7,-150.556,8.880471e-7,0,0,0,0
3411,1780759967203,12.258,0,-3.997546e-7,-2.390544e-7,4.657797e-7,-149.120,8.871003e-7,0,0,0,0
3412,1780759967253,13.261,0,-3.958084e-7,-2.449893e-7,4.654934e-7,-148.244,8.858396e-7,0,0,0,0
3413,1780759967302,12.017,0,-3.993748e-7,-2.645038e-7,4.790224e-7,-146.484,8.849018e-7,0,0,0,0
3414,1780759967351,13.837,0,-3.987819e-7,-2.849266e-7,4.901124e-7,-144.454,8.836659e-7,0,0,0,0
3415,1780759967401,12.788,0,-3.926626e-7,-3.009569e-7,4.947312e-7,-142.532,8.827648e-7,0,0,0,0
3416,1780759967449,11.958,0,-3.895110e-7,-3.274852e-7,5.088864e-7,-139.944,8.815738e-7,0,0,0,0
3417,1780759967499,13.672,0,-3.803232e-7,-3.412542e-7,5.109796e-7,-138.099,8.806799e-7,0,0,0,0
3418,1780759967549,14.321,0,-3.793657e-7,-3.737531e-7,5.325502e-7,-135.427,8.797749e-7,0,0,0,0
3419,1780759967600,14.542,0,-3.746102e-7,-3.862738e-7,5.380894e-7,-134.122,8.785414e-7,0,0,0,0
3420,1780759967650,11.997,0,-3.728995e-7,-3.971000e-7,5.447407e-7,-133.200,8.776033e-7,0,0,0,0
3421,1780759967699,13.975,0,-3.724080e-7,-4.129003e-7,5.560345e-7,-132.048,8.763306e-7,0,0,0,0
3422,1780759967750,14.545,0,-3.670070e-7,-4.219052e-7,5.591942e-7,-131.019,8.753531e-7,0,0,0,0
3423,1780759967800,12.407,0,-3.662742e-7,-4.556605e-7,5.846224e-7,-128.793,8.743506e-7,0,0,0,0
3424,1780759967850,13.301,0,-3.575003e-7,-4.796839e-7,5.982500e-7,-126.697,8.729545e-7,0,0,0,0
3425,1780759967901,13.295,0,-3.580707e-7,-5.159238e-7,6.280064e-7,-124.762,8.718736e-7,0,0,0,0
3426,1780759967952,13.279,0,-3.580039e-7,-5.440015e-7,6.512330e-7,-123.349,8.703676e-7,0,0,0,0
3427,1780759968001,12.620,0,-3.573298e-7,-5.700369e-7,6.727753e-7,-122.082,8.692021e-7,0,0,0,0
3428,1780759968049,11.854,0,-3.583292e-7,-6.042973e-7,7.025490e-7,-120.667,8.680259e-7,0,0,0,0
3429,1780759968099,13.283,0,-3.469586e-7,-6.354838e-7,7.240304e-7,-118.633,8.664474e-7,0,0,0,0
3430,1780759968149,13.883,0,-3.437261e-7,-6.807449e-7,7.626016e-7,-116.790,8.652591e-7,0,0,0,0
3431,1780759968198,12.989,0,-3.364769e-7,-7.082661e-7,7.841285e-7,-115.411,8.636702e-7,0,0,0,0
3432,1780759968247,12.522,0,-3.341915e-7,-7.390837e-7,8.111280e-7,-114.331,8.624866e-7,0,0,0,0
3433,1780759968297,13.232,0,-3.265225e-7,-7.718498e-7,8.380746e-7,-112.930,8.609506e-7,0,0,0,0
3434,1780759968346,11.933,0,-3.135087e-7,-7.939523e-7,8.536088e-7,-111.548,8.598496e-7,0,0,0,0
3435,1780759968396,13.313,0,-3.012172e-7,-8.253167e-7,8.785667e-7,-110.051,8.587806e-7,0,0,0,0
3436,1780759968445,12.393,0,-2.811620e-7,-8.368790e-7,8.828468e-7,-108.571,8.573944e-7,0,0,0,0
3437,1780759968495,13.335,0,-2.663551e-7,-8.578364e-7,8.982362e-7,-107.249,8.563702e-7,0,0,0,0
3438,1780759968546,13.183,0,-2.353373e-7,-8.645315e-7,8.959902e-7,-105.228,8.550196e-7,0,0,0,0
3439,1780759968595,11.999,0,-2.005898e-7,-8.755021e-7,8.981872e-7,-102.905,8.540497e-7,0,0,0,0
3440,1780759968644,13.939,0,-1.713448e-7,-8.832829e-7,8.997487e-7,-100.978,8.531242e-7,0,0,0,0
3441,1780759968696,13.303,0,-1.425260e-7,-8.814319e-7,8.928807e-7,-99.185,8.519603e-7,0,0,0,0
3442,1780759968745,12.328,0,-1.213000e-7,-8.882122e-7,8.964567e-7,-97.777,8.511407e-7,0,0,0,0
3443,1780759968795,13.330,0,-9.781100e-8,-8.798741e-7,8.852940e-7,-96.343,8.500940e-7,0,0,0,0
3444,1780759968845,14.542,0,-8.417749e-8,-8.858728e-7,8.898632e-7,-95.428,8.493476e-7,0,0,0,0
3445,1780759968895,12.579,0,-6.866869e-8,-8.842620e-7,8.869243e-7,-94.440,8.486291e-7,0,0,0,0
3446,1780759968944,13.872,0,-5.206535e-8,-8.845578e-7,8.860888e-7,-93.369,8.477255e-7,0,0,0,0
3447,1780759968996,13.333,0,-3.818110e-8,-8.850730e-7,8.858961e-7,-92.470,8.470935e-7,0,0,0,0
3448,1780759969047,13.273,0,-3.099386e-8,-8.712543e-7,8.718054e-7,-92.037,8.462962e-7,0,0,0,0
3449,1780759969097,14.094,0,-2.420012e-8,-8.727892e-7,8.731246e-7,-91.588,8.457185e-7,0,0,0,0
3450,1780759969148,13.943,0,-1.232309e-8,-8.599203e-7,8.600086e-7,-90.821,8.449701e-7,0,0,0,0
3451,1780759969199,13.847,0,-2.644407e-9,-8.560581e-7,8.560622e-7,-90.177,8.444264e-7,0,0,0,0
3452,1780759969249,11.805,0,9.868473e-9,-8.407876e-7,8.408455e-7,-89.328,8.439137e-7,0,0,0,0
3453,1780759969299,13.370,0,2.329554e-8,-8.298389e-7,8.301659e-7,-88.392,8.432933e-7,0,0,0,0
3454,1780759969347,13.210,0,3.774863e-8,-8.271736e-7,8.280345e-7,-87.387,8.428743e-7,0,0,0,0
3455,1780759969398,13.322,0,5.632913e-8,-8.141429e-7,8.160892e-7,-86.042,8.423783e-7,0,0,0,0
3456,1780759969449,13.287,0,7.396855e-8,-8.145662e-7,8.179177e-7,-84.811,8.420556e-7,0,0,0,0
3457,1780759969498,12.019,0,1.000572e-7,-7.914194e-7,7.977194e-7,-82.794,8.417793e-7,0,0,0,0
3458,1780759969547,14.495,0,1.207781e-7,-7.794357e-7,7.887378e-7,-81.192,8.415092e-7,0,0,0,0
3459,1780759969598,14.509,0,1.397660e-7,-7.680994e-7,7.807120e-7,-79.687,8.413674e-7,0,0,0,0
3460,1780759969649,14.094,0,1.563906e-7,-7.535190e-7,7.695771e-7,-78.275,8.412414e-7,0,0,0,0
3461,1780759969699,11.899,0,1.711570e-7,-7.409389e-7,7.604506e-7,-76.993,8.411852e-7,0,0,0,0
3462,1780759969748,11.829,0,1.814248e-7,-7.156063e-7,7.382461e-7,-75.774,8.411528e-7,0,0,0,0
3463,1780759969797,13.780,0,1.842589e-7,-7.072211e-7,7.308304e-7,-75.397,8.411374e-7,0,0,0,0
3464,1780759969848,13.164,0,1.846474e-7,-6.883295e-7,7.126656e-7,-74.984,8.411338e-7,0,0,0,0
3465,1780759969899,13.252,0,1.803391e-7,-6.820000e-7,7.054404e-7,-75.188,8.411169e-7,0,0,0,0
3466,1780759969948,12.744,0,1.715917e-7,-6.741768e-7,6.956710e-7,-75.720,8.410711e-7,0,0,0,0
3467,1780759969996,11.957,0,1.577793e-7,-6.561510e-7,6.748544e-7,-76.479,8.409443e-7,0,0,0,0
3468,1780759970046,13.218,0,1.442917e-7,-6.496760e-7,6.655065e-7,-77.478,8.407917e-7,0,0,0,0
3469,1780759970097,13.308,0,1.336604e-7,-6.352234e-7,6.491331e-7,-78.117,8.405994e-7,0,0,0,0
3470,1780759970148,13.196,0,1.173417e-7,-6.409748e-7,6.516270e-7,-79.626,8.402793e-7,0,0,0,0
3471,1780759970197,12.663,0,1.046429e-7,-6.339925e-7,6.425703e-7,-80.628,8.399818e-7,0,0,0,0
3472,1780759970247,13.277,0,9.237402e-8,-6.346546e-7,6.413419e-7,-81.719,8.395108e-7,0,0,0,0
3473,1780759970298,13.335,0,8.022347e-8,-6.338440e-7,6.389006e-7,-82.787,8.391057e-7,0,0,0,0
3474,1780759970349,13.225,0,7.219088e-8,-6.254123e-7,6.295650e-7,-83.416,8.386684e-7,0,0,0,0
3475,1780759970400,13.373,0,6.443876e-8,-6.281161e-7,6.314128e-7,-84.142,8.380340e-7,0,0,0,0
3476,1780759970449,12.252,0,5.081122e-8,-6.130809e-7,6.151828e-7,-85.262,8.375189e-7,0,0,0,0
3477,1780759970499,13.291,0,3.742517e-8,-6.117139e-7,6.128577e-7,-86.499,8.367645e-7,0,0,0,0
3478,1780759970547,12.723,0,2.705279e-8,-5.990058e-7,5.996163e-7,-87.414,8.361707e-7,0,0,0,0
3479,1780759970596,12.508,0,1.942754e-8,-5.923579e-7,5.926764e-7,-88.122,8.355730e-7,0,0,0,0
3480,1780759970644,12.159,0,1.293219e-8,-5.840856e-7,5.842287e-7,-88.732,8.347693e-7,0,0,0,0
3481,1780759970694,13.306,0,9.572242e-9,-5.674551e-7,5.675358e-7,-89.034,8.341285e-7,0,0,0,0
3482,1780759970745,13.262,0,8.558328e-9,-5.714567e-7,5.715208e-7,-89.142,8.332288e-7,0,0,0,0
3483,1780759970796,13.618,0,1.419017e-8,-5.617658e-7,5.619450e-7,-88.553,8.325546e-7,0,0,0,0
3484,1780759970844,13.181,0,1.725529e-8,-5.725629e-7,5.728228e-7,-88.274,8.316733e-7,0,0,0,0
3485,1780759970895,13.345,0,2.176710e-8,-5.702993e-7,5.707145e-7,-87.814,8.310392e-7,0,0,0,0
3486,1780759970944,12.409,0,2.506509e-8,-5.568539e-7,5.574177e-7,-87.423,8.304319e-7,0,0,0,0
3487,1780759970994,13.250,0,3.258347e-8,-5.468747e-7,5.478445e-7,-86.590,8.296632e-7,0,0,0,0
3488,1780759971045,13.322,0,4.054524e-8,-5.241134e-7,5.256794e-7,-85.576,8.291244e-7,0,0,0,0
3489,1780759971094,11.931,0,4.672318e-8,-5.180080e-7,5.201109e-7,-84.846,8.284413e-7,0,0,0,0
3490,1780759971143,14.147,0,5.242248e-8,-5.007626e-7,5.034990e-7,-84.024,8.279775e-7,0,0,0,0
3491,1780759971194,14.528,0,5.837095e-8,-4.969082e-7,5.003248e-7,-83.300,8.275529e-7,0,0,0,0
3492,1780759971245,14.597,0,6.409684e-8,-4.910927e-7,4.952580e-7,-82.564,8.270514e-7,0,0,0,0
3493,1780759971295,12.010,0,6.688951e-8,-4.821383e-7,4.867562e-7,-82.101,8.267170e-7,0,0,0,0
3494,1780759971344,11.682,0,6.548543e-8,-4.791806e-7,4.836345e-7,-82.218,8.263039e-7,0,0,0,0
3495,1780759971392,13.742,0,6.056485e-8,-4.765244e-7,4.803578e-7,-82.757,8.260085e-7,0,0,0,0
3496,1780759971442,12.099,0,5.407898e-8,-4.923862e-7,4.953471e-7,-83.732,8.256165e-7,0,0,0,0
3497,1780759971491,14.265,0,5.240829e-8,-4.922477e-7,4.950298e-7,-83.923,8.253436e-7,0,0,0,0
3498,1780759971541,12.105,0,5.021708e-8,-4.960247e-7,4.985602e-7,-84.219,8.250919e-7,0,0,0,0
3499,1780759971590,14.323,0,4.301202e-8,-4.956302e-7,4.974930e-7,-85.040,8.248049e-7,0,0,0,0
3500,1780759971641,14.294,0,3.445829e-8,-4.891742e-7,4.903863e-7,-85.971,8.246198e-7,0,0,0,0
3501,1780759971692,14.380,0,2.619884e-8,-4.934890e-7,4.941840e-7,-86.961,8.243842e-7,0,0,0,0
3502,1780759971741,13.209,0,1.805922e-8,-4.808875e-7,4.812265e-7,-87.849,8.242147e-7,0,0,0,0
3503,1780759971790,12.108,0,7.268087e-9,-4.851987e-7,4.852531e-7,-89.142,8.240261e-7,0,0,0,0
3504,1780759971840,13.325,0,-5.999193e-9,-4.757919e-7,4.758297e-7,-90.722,8.237508e-7,0,0,0,0
3505,1780759971891,13.314,0,-2.089909e-8,-4.648797e-7,4.653493e-7,-92.574,8.235248e-7,0,0,0,0
3506,1780759971941,14.104,0,-3.147137e-8,-4.668611e-7,4.679207e-7,-93.857,8.232082e-7,0,0,0,0
3507,1780759971992,14.569,0,-4.025940e-8,-4.637542e-7,4.654984e-7,-94.962,8.229643e-7,0,0,0,0
3508,1780759972041,13.197,0,-4.277144e-8,-4.769897e-7,4.789035e-7,-95.124,8.227018e-7,0,0,0,0
3509,1780759972091,14.219,0,-4.213796e-8,-4.760126e-7,4.778741e-7,-95.059,8.223526e-7,0,0,0,0
3510,1780759972141,12.171,0,-4.582180e-8,-4.911059e-7,4.932389e-7,-95.330,8.220791e-7,0,0,0,0
3511,1780759972190,14.337,0,-4.671642e-8,-4.982324e-7,5.004178e-7,-95.357,8.216972e-7,0,0,0,0
3512,1780759972240,11.887,0,-4.566559e-8,-5.068854e-7,5.089382e-7,-95.148,8.214053e-7,0,0,0,0
3513,1780759972289,11.734,0,-4.226954e-8,-5.215393e-7,5.232494e-7,-94.634,8.210148e-7,0,0,0,0
3514,1780759972337,14.351,0,-3.834360e-8,-5.374861e-7,5.388521e-7,-94.080,8.207214e-7,0,0,0,0
3515,1780759972387,12.394,1,-3.834360e-8,-5.374861e-7,5.388521e-7,-94.080,8.207214e-7,0,0,0,0
3516,1780759972437,13.331,0,-3.269158e-8,-5.874413e-7,5.883502e-7,-93.185,8.200104e-7,0,0,0,0
3517,1780759972487,14.462,0,-2.651922e-8,-6.150457e-7,6.156172e-7,-92.469,8.197059e-7,0,0,0,0
3518,1780759972536,12.729,1,-2.651922e-8,-6.150457e-7,6.156172e-7,-92.469,8.197059e-7,0,0,0,0
3519,1780759972587,13.405,0,-1.469189e-8,-6.425604e-7,6.427283e-7,-91.310,8.190617e-7,0,0,0,0
3520,1780759972637,14.373,0,-1.061383e-8,-6.622984e-7,6.623834e-7,-90.918,8.188048e-7,0,0,0,0
3521,1780759972688,11.656,1,-1.061383e-8,-6.622984e-7,6.623834e-7,-90.918,8.188048e-7,0,0,0,0
3522,1780759972737,13.324,0,-5.201993e-9,-6.914952e-7,6.915148e-7,-90.431,8.182216e-7,0,0,0,0
3523,1780759972786,12.054,1,-5.201993e-9,-6.914952e-7,6.915148e-7,-90.431,8.182216e-7,0,0,0,0
3524,1780759972836,13.300,0,-2.875745e-9,-6.959519e-7,6.959578e-7,-90.237,8.178771e-7,0,0,0,0
3525,1780759972886,14.562,0,-8.096487e-9,-6.984507e-7,6.984976e-7,-90.664,8.172728e-7,0,0,0,0
3526,1780759972937,14.428,0,-1.026916e-8,-6.984774e-7,6.985529e-7,-90.842,8.168162e-7,0,0,0,0
3527,1780759972988,14.521,0,-2.982642e-9,-7.098764e-7,7.098826e-7,-90.241,8.164350e-7,0,0,0,0
3528,1780759973039,14.505,0,6.539775e-9,-7.069996e-7,7.070298e-7,-89.470,8.159099e-7,0,0,0,0
3529,1780759973090,14.590,0,1.485718e-8,-7.209942e-7,7.211472e-7,-88.820,8.154913e-7,0,0,0,0
3530,1780759973141,14.526,0,2.274138e-8,-7.311601e-7,7.315136e-7,-88.218,8.149143e-7,0,0,0,0
3531,1780759973191,12.228,0,2.780581e-8,-7.426274e-7,7.431478e-7,-87.856,8.144484e-7,0,0,0,0
3532,1780759973241,13.194,0,3.208478e-8,-7.600757e-7,7.607526e-7,-87.583,8.139476e-7,0,0,0,0
3533,1780759973290,11.990,0,4.298175e-8,-7.550467e-7,7.562691e-7,-86.742,8.132487e-7,0,0,0,0
3534,1780759973339,14.071,0,5.159254e-8,-7.678893e-7,7.696205e-7,-86.156,8.127022e-7,0,0,0,0
3535,1780759973390,14.591,0,5.886972e-8,-7.680742e-7,7.703270e-7,-85.617,8.119473e-7,0,0,0,0
3536,1780759973441,14.484,0,6.641689e-8,-7.805773e-7,7.833978e-7,-85.137,8.113390e-7,0,0,0,0
3537,1780759973492,14.574,0,7.529562e-8,-7.867472e-7,7.903421e-7,-84.533,8.107173e-7,0,0,0,0
3538,1780759973541,13.161,0,8.581007e-8,-7.881756e-7,7.928330e-7,-83.787,8.098804e-7,0,0,0,0
3539,1780759973592,13.324,0,9.289802e-8,-7.975557e-7,8.029478e-7,-83.356,8.092494e-7,0,0,0,0
3540,1780759973641,12.256,0,9.796990e-8,-7.952956e-7,8.013072e-7,-82.977,8.084315e-7,0,0,0,0
3541,1780759973691,13.349,0,1.030597e-7,-8.135250e-7,8.200270e-7,-82.780,8.077951e-7,0,0,0,0
3542,1780759973740,12.065,0,1.035757e-7,-8.193696e-7,8.258901e-7,-82.796,8.071621e-7,0,0,0,0
3543,1780759973789,14.125,0,9.994586e-8,-8.292818e-7,8.352829e-7,-83.128,8.063007e-7,0,0,0,0
3544,1780759973839,12.102,0,1.000490e-7,-8.408174e-7,8.467489e-7,-83.214,8.056479e-7,0,0,0,0
3545,1780759973889,13.283,0,1.055466e-7,-8.471041e-7,8.536542e-7,-82.898,8.048035e-7,0,0,0,0
3546,1780759973937,12.893,0,1.159443e-7,-8.667191e-7,8.744399e-7,-82.381,8.041911e-7,0,0,0,0
3547,1780759973987,14.366,0,1.225059e-7,-8.767814e-7,8.852984e-7,-82.046,8.034169e-7,0,0,0,0
3548,1780759974037,12.316,1,1.225059e-7,-8.767814e-7,8.852984e-7,-82.046,8.034169e-7,0,0,0,0
3549,1780759974087,13.323,0,1.297275e-7,-9.186496e-7,9.277642e-7,-81.962,8.023076e-7,0,0,0,0
3550,1780759974137,14.364,0,1.360365e-7,-9.371122e-7,9.469346e-7,-81.740,8.016523e-7,0,0,0,0
3551,1780759974188,14.460,0,1.488229e-7,-9.585198e-7,9.700043e-7,-81.175,8.012237e-7,0,0,0,0
3552,1780759974239,14.465,0,1.570535e-7,-9.748567e-7,9.874267e-7,-80.848,8.007710e-7,0,0,0,0
3553,1780759974288,13.464,0,1.638260e-7,-1.005430e-6,1.018690e-6,-80.745,8.004771e-7,0,0,0,0
3554,1780759974339,13.265,0,1.731949e-7,-1.011260e-6,1.025984e-6,-80.281,8.002368e-7,0,0,0,0
3555,1780759974388,12.178,0,1.886265e-7,-1.021132e-6,1.038407e-6,-79.534,8.000007e-7,0,0,0,0
3556,1780759974437,14.345,0,2.094585e-7,-1.023191e-6,1.044410e-6,-78.431,7.998920e-7,0,0,0,0
3557,1780759974487,12.339,1,2.094585e-7,-1.023191e-6,1.044410e-6,-78.431,7.998920e-7,0,0,0,0
3558,1780759974537,13.307,0,2.526014e-7,-1.025382e-6,1.056038e-6,-76.161,7.999123e-7,0,0,0,0
3559,1780759974587,14.360,0,2.705128e-7,-1.018052e-6,1.053379e-6,-75.119,8.000705e-7,0,0,0,0
3560,1780759974637,12.350,1,2.705128e-7,-1.018052e-6,1.053379e-6,-75.119,8.000705e-7,0,0,0,0
3561,1780759974685,11.939,0,2.842117e-7,-1.028853e-6,1.067387e-6,-74.558,8.003960e-7,0,0,0,0
3562,1780759974734,14.095,0,3.021490e-7,-1.026479e-6,1.070025e-6,-73.598,8.007205e-7,0,0,0,0
3563,1780759974782,13.923,0,3.262505e-7,-1.029376e-6,1.079840e-6,-72.415,8.012847e-7,0,0,0,0
3564,1780759974833,14.012,0,3.456941e-7,-1.031516e-6,1.087901e-6,-71.472,8.018194e-7,0,0,0,0
3565,1780759974883,12.442,0,3.599197e-7,-1.025177e-6,1.086522e-6,-70.655,8.026417e-7,0,0,0,0
3566,1780759974933,13.306,0,3.748390e-7,-1.029801e-6,1.095898e-6,-69.999,8.033053e-7,0,0,0,0
3567,1780759974982,12.598,0,3.828431e-7,-1.016281e-6,1.086000e-6,-69.358,8.040203e-7,0,0,0,0
3568,1780759975032,13.223,0,3.928879e-7,-1.013529e-6,1.087016e-6,-68.812,8.050011e-7,0,0,0,0
3569,1780759975083,13.288,0,4.000744e-7,-1.003290e-6,1.080116e-6,-68.260,8.057764e-7,0,0,0,0
3570,1780759975131,12.647,0,4.078845e-7,-9.948688e-7,1.075237e-6,-67.707,8.068254e-7,0,0,0,0
3571,1780759975181,11.688,0,4.137217e-7,-9.881021e-7,1.071220e-6,-67.281,8.076089e-7,0,0,0,0
3572,1780759975230,13.116,0,4.086567e-7,-9.769448e-7,1.058972e-6,-67.300,8.083885e-7,0,0,0,0
3573,1780759975279,11.757,0,4.058458e-7,-9.833305e-7,1.063790e-6,-67.573,8.093295e-7,0,0,0,0
3574,1780759975328,13.654,0,4.039618e-7,-9.747919e-7,1.055180e-6,-67.490,8.099806e-7,0,0,0,0
3575,1780759975380,13.332,0,4.049052e-7,-9.759256e-7,1.056588e-6,-67.467,8.107637e-7,0,0,0,0
3576,1780759975431,13.245,0,4.077612e-7,-9.655131e-7,1.048086e-6,-67.104,8.113079e-7,0,0,0,0
3577,1780759975480,12.080,0,4.094029e-7,-9.551807e-7,1.039221e-6,-66.799,8.118153e-7,0,0,0,0
3578,1780759975530,13.127,0,4.130343e-7,-9.454134e-7,1.031699e-6,-66.400,8.124121e-7,0,0,0,0
3579,1780759975578,12.753,0,4.145390e-7,-9.266834e-7,1.015177e-6,-65.899,8.128234e-7,0,0,0,0
3580,1780759975629,13.243,0,4.167687e-7,-9.271996e-7,1.016560e-6,-65.796,8.132945e-7,0,0,0,0
3581,1780759975680,13.340,0,4.168108e-7,-9.102076e-7,1.001104e-6,-65.396,8.136073e-7,0,0,0,0
3582,1780759975731,13.263,0,4.194058e-7,-8.950236e-7,9.884171e-7,-64.892,8.139602e-7,0,0,0,0
3583,1780759975780,12.495,0,4.183607e-7,-8.772557e-7,9.719070e-7,-64.504,8.141954e-7,0,0,0,0
3584,1780759975829,14.622,0,4.216247e-7,-8.594655e-7,9.573130e-7,-63.869,8.144079e-7,0,0,0,0
3585,1780759975878,13.405,0,4.351920e-7,-8.482499e-7,9.533729e-7,-62.840,8.146979e-7,0,0,0,0
3586,1780759975929,13.243,0,4.453775e-7,-8.225275e-7,9.353676e-7,-61.566,8.150050e-7,0,0,0,0
3587,1780759975980,13.321,0,4.511188e-7,-8.140108e-7,9.306566e-7,-61.005,8.154791e-7,0,0,0,0
3588,1780759976031,13.346,0,4.483463e-7,-7.960772e-7,9.136484e-7,-60.612,8.158851e-7,0,0,0,0
3589,1780759976082,13.756,0,4.449612e-7,-7.848342e-7,9.021947e-7,-60.449,8.162975e-7,0,0,0,0
3590,1780759976133,13.354,0,4.417083e-7,-7.727475e-7,8.900814e-7,-60.247,8.168685e-7,0,0,0,0
3591,1780759976184,13.293,0,4.463520e-7,-7.564814e-7,8.783474e-7,-59.458,8.173310e-7,0,0,0,0
3592,1780759976233,12.110,0,4.517589e-7,-7.589862e-7,8.832589e-7,-59.238,8.179786e-7,0,0,0,0
3593,1780759976283,13.217,0,4.540108e-7,-7.480609e-7,8.750548e-7,-58.746,8.185048e-7,0,0,0,0
3594,1780759976333,14.433,0,4.600044e-7,-7.438642e-7,8.746073e-7,-58.267,8.190306e-7,0,0,0,0
3595,1780759976384,14.518,0,4.630092e-7,-7.392594e-7,8.722855e-7,-57.940,8.197590e-7,0,0,0,0
3596,1780759976435,14.315,0,4.636666e-7,-7.359853e-7,8.698627e-7,-57.789,8.203033e-7,0,0,0,0
3597,1780759976486,14.432,0,4.626469e-7,-7.297694e-7,8.640634e-7,-57.627,8.215554e-7,0,0,0,0
3598,1780759976537,14.544,0,4.593921e-7,-7.323551e-7,8.645144e-7,-57.901,8.221958e-7,0,0,0,0
3599,1780759976587,12.402,1,4.593921e-7,-7.323551e-7,8.645144e-7,-57.901,8.221958e-7,0,0,0,0
3600,1780759976637,13.365,0,4.626724e-7,-7.294898e-7,8.638409e-7,-57.615,8.230621e-7,0,0,0,0
3601,1780759976685,12.749,1,4.626724e-7,-7.294898e-7,8.638409e-7,-57.615,8.230621e-7,0,0,0,0
3602,1780759976735,14.019,0,4.660215e-7,-7.294303e-7,8.655892e-7,-57.426,8.236180e-7,0,0,0,0
3603,1780759976786,11.686,0,4.639269e-7,-7.210109e-7,8.573709e-7,-57.241,8.240353e-7,0,0,0,0
3604,1780759976835,13.315,0,4.589504e-7,-7.215817e-7,8.551699e-7,-57.542,8.245196e-7,0,0,0,0
3605,1780759976886,13.330,0,4.508897e-7,-7.057799e-7,8.375123e-7,-57.427,8.248129e-7,0,0,0,0
3606,1780759976936,14.493,0,4.477387e-7,-6.927709e-7,8.248645e-7,-57.125,8.252045e-7,0,0,0,0
3607,1780759976987,14.423,0,4.439071e-7,-6.846300e-7,8.159483e-7,-57.041,8.252833e-7,0,0,0,0
3608,1780759977037,12.330,1,4.439071e-7,-6.846300e-7,8.159483e-7,-57.041,8.252833e-7,0,0,0,0
3609,1780759977087,13.420,0,4.298552e-7,-6.756623e-7,8.008089e-7,-57.536,8.252777e-7,0,0,0,0
3610,1780759977137,14.398,0,4.263778e-7,-6.893359e-7,8.105443e-7,-58.262,8.251080e-7,0,0,0,0
3611,1780759977187,12.320,1,4.263778e-7,-6.893359e-7,8.105443e-7,-58.262,8.251080e-7,0,0,0,0
3612,1780759977236,13.858,0,4.223518e-7,-6.893495e-7,8.084453e-7,-58.505,8.247110e-7,0,0,0,0
3613,1780759977287,14.331,0,4.260780e-7,-6.862737e-7,8.077834e-7,-58.166,8.244115e-7,0,0,0,0
3614,1780759977338,14.536,0,4.242268e-7,-6.782541e-7,7.999982e-7,-57.975,8.242064e-7,0,0,0,0
3615,1780759977388,12.303,0,4.289831e-7,-6.814491e-7,8.052325e-7,-57.809,8.239415e-7,0,0,0,0
3616,1780759977436,11.959,1,4.289831e-7,-6.814491e-7,8.052325e-7,-57.809,8.239415e-7,0,0,0,0
3617,1780759977485,14.445,0,4.293334e-7,-6.696159e-7,7.954323e-7,-57.333,8.237954e-7,0,0,0,0
3618,1780759977536,14.570,0,4.391266e-7,-6.646453e-7,7.966087e-7,-56.548,8.235471e-7,0,0,0,0
3619,1780759977587,14.163,0,4.487842e-7,-6.564055e-7,7.951575e-7,-55.640,8.235184e-7,0,0,0,0
3620,1780759977636,13.364,1,4.487842e-7,-6.564055e-7,7.951575e-7,-55.640,8.235184e-7,0,0,0,0
3621,1780759977687,13.332,0,4.643628e-7,-6.357017e-7,7.872417e-7,-53.853,8.237383e-7,0,0,0,0
3622,1780759977738,13.335,0,4.706304e-7,-6.316463e-7,7.876992e-7,-53.311,8.239211e-7,0,0,0,0
3623,1780759977787,12.333,1,4.706304e-7,-6.316463e-7,7.876992e-7,-53.311,8.239211e-7,0,0,0,0
3624,1780759977837,13.305,0,4.721691e-7,-6.071963e-7,7.691755e-7,-52.131,8.245365e-7,0,0,0,0
3625,1780759977887,14.333,0,4.753076e-7,-6.027965e-7,7.676464e-7,-51.744,8.249727e-7,0,0,0,0
3626,1780759977937,12.298,1,4.753076e-7,-6.027965e-7,7.676464e-7,-51.744,8.249727e-7,0,0,0,0
3627,1780759977985,11.790,0,4.762498e-7,-6.007442e-7,7.666208e-7,-51.594,8.253353e-7,0,0,0,0
3628,1780759978034,14.112,0,4.797769e-7,-6.052657e-7,7.723551e-7,-51.597,8.258435e-7,0,0,0,0
3629,1780759978083,13.224,0,4.838744e-7,-5.881198e-7,7.615900e-7,-50.554,8.262518e-7,0,0,0,0
3630,1780759978133,14.409,0,4.902705e-7,-5.926749e-7,7.691741e-7,-50.402,8.266563e-7,0,0,0,0
3631,1780759978182,12.888,0,4.875140e-7,-5.843458e-7,7.610059e-7,-50.162,8.272337e-7,0,0,0,0
3632,1780759978232,13.912,0,4.865631e-7,-5.816731e-7,7.583451e-7,-50.088,8.276467e-7,0,0,0,0
3633,1780759978283,14.490,0,4.832301e-7,-5.765930e-7,7.523103e-7,-50.034,8.281326e-7,0,0,0,0
3634,1780759978333,12.423,0,4.810366e-7,-5.702471e-7,7.460415e-7,-49.850,8.284300e-7,0,0,0,0
3635,1780759978382,14.255,0,4.891663e-7,-5.774913e-7,7.568222e-7,-49.734,8.286680e-7,0,0,0,0
3636,1780759978431,12.831,0,4.923546e-7,-5.728473e-7,7.553589e-7,-49.321,8.289724e-7,0,0,0,0
3637,1780759978482,13.640,0,5.016131e-7,-5.835071e-7,7.694779e-7,-49.316,8.291533e-7,0,0,0,0
3638,1780759978532,13.990,0,5.054886e-7,-5.772539e-7,7.672944e-7,-48.792,8.293925e-7,0,0,0,0
3639,1780759978583,13.954,0,5.107067e-7,-5.745998e-7,7.687563e-7,-48.369,8.295523e-7,0,0,0,0
3640,1780759978634,14.532,0,5.152461e-7,-5.775817e-7,7.740021e-7,-48.265,8.297027e-7,0,0,0,0
3641,1780759978683,13.351,0,5.105390e-7,-5.716643e-7,7.664530e-7,-48.233,8.299023e-7,0,0,0,0
3642,1780759978732,11.805,0,5.115215e-7,-5.865791e-7,7.782861e-7,-48.910,8.300082e-7,0,0,0,0
3643,1780759978782,13.531,0,5.030751e-7,-5.857965e-7,7.721672e-7,-49.344,8.301268e-7,0,0,0,0
3644,1780759978832,13.843,0,4.993344e-7,-5.879507e-7,7.713759e-7,-49.659,8.301662e-7,0,0,0,0
3645,1780759978883,14.491,0,4.936861e-7,-5.867898e-7,7.668430e-7,-49.925,8.302492e-7,0,0,0,0
3646,1780759978934,14.562,0,4.864517e-7,-5.831079e-7,7.593748e-7,-50.164,8.303261e-7,0,0,0,0
3647,1780759978985,14.546,0,4.819314e-7,-5.867735e-7,7.593162e-7,-50.603,8.304213e-7,0,0,0,0
3648,1780759979036,14.612,0,4.615981e-7,-6.077538e-7,7.631759e-7,-52.783,8.307290e-7,0,0,0,0
3649,1780759979087,14.602,0,4.546671e-7,-6.083236e-7,7.594601e-7,-53.225,8.309830e-7,0,0,0,0
3650,1780759979138,14.508,0,4.548505e-7,-6.074985e-7,7.589093e-7,-53.177,8.312082e-7,0,0,0,0
3651,1780759979187,13.279,0,4.563837e-7,-6.016677e-7,7.551756e-7,-52.819,8.314979e-7,0,0,0,0
3652,1780759979237,14.247,0,4.532796e-7,-5.883985e-7,7.427484e-7,-52.391,8.319596e-7,0,0,0,0
3653,1780759979287,11.765,1,4.532796e-7,-5.883985e-7,7.427484e-7,-52.391,8.319596e-7,0,0,0,0
3654,1780759979337,13.225,0,4.560991e-7,-5.695640e-7,7.296777e-7,-51.313,8.328304e-7,0,0,0,0
3655,1780759979388,13.659,0,4.648873e-7,-5.693751e-7,7.350566e-7,-50.769,8.331968e-7,0,0,0,0
3656,1780759979439,13.290,0,4.792010e-7,-5.566107e-7,7.344720e-7,-49.274,8.335774e-7,0,0,0,0
3657,1780759979489,13.771,0,4.970934e-7,-5.449053e-7,7.375795e-7,-47.627,8.341222e-7,0,0,0,0
3658,1780759979541,13.256,0,5.091912e-7,-5.327885e-7,7.369798e-7,-46.297,8.345492e-7,0,0,0,0
3659,1780759979592,13.376,0,5.140669e-7,-5.162632e-7,7.285550e-7,-45.122,8.351225e-7,0,0,0,0
3660,1780759979641,12.175,0,5.193970e-7,-5.099955e-7,7.279208e-7,-44.477,8.354993e-7,0,0,0,0
3661,1780759979690,14.507,0,5.170325e-7,-4.900228e-7,7.123517e-7,-43.464,8.359268e-7,0,0,0,0
3662,1780759979740,11.947,0,5.209604e-7,-4.829504e-7,7.103808e-7,-42.832,8.361556e-7,0,0,0,0
3663,1780759979790,13.268,0,5.206472e-7,-4.703721e-7,7.016576e-7,-42.096,8.363402e-7,0,0,0,0
3664,1780759979840,14.275,0,5.217006e-7,-4.620001e-7,6.968613e-7,-41.527,8.364996e-7,0,0,0,0
3665,1780759979891,14.556,0,5.248184e-7,-4.569032e-7,6.958412e-7,-41.043,8.365731e-7,0,0,0,0
3666,1780759979941,12.139,0,5.171164e-7,-4.337290e-7,6.749298e-7,-39.988,8.366615e-7,0,0,0,0
3667,1780759979991,13.309,0,5.203894e-7,-4.316590e-7,6.761173e-7,-39.675,8.366920e-7,0,0,0,0
3668,1780759980041,14.131,0,5.152606e-7,-4.210041e-7,6.653856e-7,-39.251,8.367586e-7,0,0,0,0
3669,1780759980092,14.608,0,5.128404e-7,-4.212453e-7,6.636662e-7,-39.400,8.368667e-7,0,0,0,0
3670,1780759980143,14.553,0,5.089782e-7,-4.220555e-7,6.612032e-7,-39.666,8.369460e-7,0,0,0,0
3671,1780759980191,13.729,0,5.046592e-7,-4.163773e-7,6.542560e-7,-39.525,8.370417e-7,0,0,0,0
3672,1780759980240,12.722,0,5.061117e-7,-4.185921e-7,6.567864e-7,-39.593,8.371043e-7,0,0,0,0
3673,1780759980291,13.368,0,5.013719e-7,-4.168380e-7,6.520182e-7,-39.740,8.371952e-7,0,0,0,0
3674,1780759980341,14.121,0,5.060772e-7,-4.317482e-7,6.652222e-7,-40.468,8.373093e-7,0,0,0,0
3675,1780759980390,12.793,0,4.990200e-7,-4.304740e-7,6.590363e-7,-40.782,8.374286e-7,0,0,0,0
3676,1780759980441,13.318,0,4.974814e-7,-4.311374e-7,6.583062e-7,-40.914,8.375770e-7,0,0,0,0
3677,1780759980492,13.252,0,5.004587e-7,-4.363140e-7,6.639494e-7,-41.083,8.377084e-7,0,0,0,0
3678,1780759980541,12.166,0,4.970443e-7,-4.371905e-7,6.619581e-7,-41.334,8.379315e-7,0,0,0,0
3679,1780759980591,13.349,0,5.077106e-7,-4.483186e-7,6.773179e-7,-41.445,8.381074e-7,0,0,0,0
3680,1780759980641,14.178,0,5.122083e-7,-4.475231e-7,6.801723e-7,-41.144,8.383279e-7,0,0,0,0
3681,1780759980691,11.867,0,5.233313e-7,-4.595116e-7,6.964385e-7,-41.285,8.386197e-7,0,0,0,0
3682,1780759980741,13.220,0,5.271149e-7,-4.646063e-7,7.026444e-7,-41.393,8.388586e-7,0,0,0,0
3683,1780759980791,14.193,0,5.302707e-7,-4.684219e-7,7.075352e-7,-41.456,8.391252e-7,0,0,0,0
3684,1780759980839,13.769,0,5.371891e-7,-4.757258e-7,7.175564e-7,-41.528,8.392847e-7,0,0,0,0
3685,1780759980888,13.271,0,5.401703e-7,-4.757974e-7,7.198382e-7,-41.375,8.394303e-7,0,0,0,0
3686,1780759980937,12.408,1,5.401703e-7,-4.757974e-7,7.198382e-7,-41.375,8.394303e-7,0,0,0,0
3687,1780759980986,14.444,0,5.577134e-7,-4.768692e-7,7.337905e-7,-40.532,8.396409e-7,0,0,0,0
3688,1780759981037,14.281,0,5.636061e-7,-4.799372e-7,7.402645e-7,-40.416,8.396969e-7,0,0,0,0
3689,1780759981086,12.699,1,5.636061e-7,-4.799372e-7,7.402645e-7,-40.416,8.396969e-7,0,0,0,0
3690,1780759981137,13.340,0,5.773973e-7,-4.768630e-7,7.488565e-7,-39.553,8.397627e-7,0,0,0,0
3691,1780759981186,12.607,1,5.773973e-7,-4.768630e-7,7.488565e-7,-39.553,8.397627e-7,0,0,0,0
3692,1780759981236,13.329,0,5.869543e-7,-4.766833e-7,7.561364e-7,-39.081,8.398414e-7,0,0,0,0
3693,1780759981285,12.068,0,5.870871e-7,-4.637726e-7,7.481686e-7,-38.307,8.399618e-7,0,0,0,0
3694,1780759981334,14.265,0,5.964007e-7,-4.684459e-7,7.583768e-7,-38.148,8.401334e-7,0,0,0,0
3695,1780759981383,13.367,0,5.847664e-7,-4.627629e-7,7.457220e-7,-38.357,8.403168e-7,0,0,0,0
3696,1780759981433,14.305,0,5.768072e-7,-4.614832e-7,7.386970e-7,-38.662,8.405409e-7,0,0,0,0
3697,1780759981482,13.155,0,5.696758e-7,-4.556073e-7,7.294578e-7,-38.652,8.407429e-7,0,0,0,0
3698,1780759981533,13.505,0,5.608718e-7,-4.450859e-7,7.160158e-7,-38.434,8.409835e-7,0,0,0,0
3699,1780759981584,13.460,0,5.656723e-7,-4.483766e-7,7.218218e-7,-38.402,8.413439e-7,0,0,0,0
3700,1780759981633,12.455,0,5.635568e-7,-4.346807e-7,7.117188e-7,-37.644,8.416921e-7,0,0,0,0
3701,1780759981683,13.236,0,5.692643e-7,-4.287850e-7,7.126840e-7,-36.988,8.422159e-7,0,0,0,0
3702,1780759981733,14.567,0,5.676321e-7,-4.145522e-7,7.028938e-7,-36.141,8.426971e-7,0,0,0,0
3703,1780759981783,12.525,0,5.680643e-7,-4.063678e-7,6.984496e-7,-35.578,8.432217e-7,0,0,0,0
3704,1780759981832,13.986,0,5.722190e-7,-4.055542e-7,7.013621e-7,-35.327,8.440034e-7,0,0,0,0
3705,1780759981883,14.436,0,5.735623e-7,-4.030914e-7,7.010395e-7,-35.099,8.446554e-7,0,0,0,0
3706,1780759981933,12.519,0,5.862137e-7,-4.136689e-7,7.174737e-7,-35.209,8.455687e-7,0,0,0,0
3707,1780759981982,14.016,0,5.885867e-7,-4.092544e-7,7.168845e-7,-34.812,8.463023e-7,0,0,0,0
3708,1780759982032,12.570,0,5.944828e-7,-4.136105e-7,7.242123e-7,-34.828,8.470231e-7,0,0,0,0
3709,1780759982082,13.351,0,5.922889e-7,-4.142374e-7,7.227716e-7,-34.968,8.480311e-7,0,0,0,0
3710,1780759982133,13.263,0,5.864069e-7,-4.137878e-7,7.177000e-7,-35.208,8.487802e-7,0,0,0,0
3711,1780759982182,12.080,0,5.858376e-7,-4.196806e-7,7.206507e-7,-35.617,8.497488e-7,0,0,0,0
3712,1780759982232,13.606,0,5.734313e-7,-4.110601e-7,7.055451e-7,-35.635,8.504470e-7,0,0,0,0
3713,1780759982282,14.626,0,5.749154e-7,-4.123485e-7,7.075019e-7,-35.649,8.512686e-7,0,0,0,0
3714,1780759982331,13.455,0,5.619179e-7,-4.036189e-7,6.918526e-7,-35.689,8.518443e-7,0,0,0,0
3715,1780759982380,12.502,0,5.566758e-7,-4.004736e-7,6.857602e-7,-35.731,8.523271e-7,0,0,0,0
3716,1780759982429,14.209,0,5.553887e-7,-3.974104e-7,6.829287e-7,-35.586,8.529099e-7,0,0,0,0
3717,1780759982478,13.074,0,5.533730e-7,-3.899260e-7,6.769520e-7,-35.170,8.532944e-7,0,0,0,0
3718,1780759982529,13.274,0,5.608767e-7,-3.867712e-7,6.813036e-7,-34.589,8.537218e-7,0,0,0,0
3719,1780759982580,13.359,0,5.587196e-7,-3.758609e-7,6.733788e-7,-33.929,8.539897e-7,0,0,0,0
3720,1780759982631,13.293,0,5.711465e-7,-3.727688e-7,6.820300e-7,-33.131,8.541883e-7,0,0,0,0
3721,1780759982682,13.282,0,5.768585e-7,-3.656749e-7,6.829963e-7,-32.371,8.544481e-7,0,0,0,0
3722,1780759982733,13.402,0,5.843420e-7,-3.658385e-7,6.894152e-7,-32.049,8.546058e-7,0,0,0,0
3723,1780759982784,13.246,0,5.872056e-7,-3.690969e-7,6.935726e-7,-32.152,8.548346e-7,0,0,0,0
3724,1780759982835,13.321,0,5.769074e-7,-3.670121e-7,6.837544e-7,-32.463,8.549895e-7,0,0,0,0
3725,1780759982886,13.605,0,5.773586e-7,-3.773704e-7,6.897473e-7,-33.169,8.551544e-7,0,0,0,0
3726,1780759982937,13.206,0,5.779414e-7,-3.744536e-7,6.886449e-7,-32.940,8.554087e-7,0,0,0,0
3727,1780759982987,14.304,0,5.842597e-7,-3.648522e-7,6.888225e-7,-31.984,8.556738e-7,0,0,0,0
3728,1780759983037,12.239,1,5.842597e-7,-3.648522e-7,6.888225e-7,-31.984,8.556738e-7,0,0,0,0
3729,1780759983086,14.204,0,6.049270e-7,-3.560347e-7,7.019241e-7,-30.479,8.563114e-7,0,0,0,0
3730,1780759983137,14.255,0,6.073758e-7,-3.464438e-7,6.992343e-7,-29.700,8.566947e-7,0,0,0,0
3731,1780759983187,12.215,1,6.073758e-7,-3.464438e-7,6.992343e-7,-29.700,8.566947e-7,0,0,0,0
3732,1780759983236,13.779,0,6.305663e-7,-3.483494e-7,7.203896e-7,-28.918,8.577723e-7,0,0,0,0
3733,1780759983288,13.246,0,6.457527e-7,-3.440944e-7,7.317086e-7,-28.051,8.583031e-7,0,0,0,0
3734,1780759983338,13.817,0,6.559228e-7,-3.411734e-7,7.393470e-7,-27.481,8.590884e-7,0,0,0,0
3735,1780759983389,13.701,0,6.559018e-7,-3.378916e-7,7.378197e-7,-27.256,8.596815e-7,0,0,0,0
3736,1780759983441,13.325,0,6.675381e-7,-3.439705e-7,7.509479e-7,-27.261,8.602710e-7,0,0,0,0
3737,1780759983492,13.287,0,6.646698e-7,-3.435081e-7,7.481870e-7,-27.330,8.610866e-7,0,0,0,0
3738,1780759983541,12.009,0,6.719568e-7,-3.565412e-7,7.606889e-7,-27.950,8.616636e-7,0,0,0,0
3739,1780759983590,14.264,0,6.679326e-7,-3.609184e-7,7.592075e-7,-28.385,8.624414e-7,0,0,0,0
3740,1780759983641,14.543,0,6.657124e-7,-3.702239e-7,7.617340e-7,-29.080,8.629570e-7,0,0,0,0
3741,1780759983691,12.161,0,6.686946e-7,-3.829458e-7,7.705842e-7,-29.799,8.635938e-7,0,0,0,0
3742,1780759983741,13.561,0,6.703232e-7,-3.887350e-7,7.748859e-7,-30.110,8.640140e-7,0,0,0,0
3743,1780759983790,11.705,0,6.811176e-7,-4.033130e-7,7.915697e-7,-30.631,8.644000e-7,0,0,0,0
3744,1780759983839,13.799,0,6.790887e-7,-4.097682e-7,7.931403e-7,-31.107,8.649067e-7,0,0,0,0
3745,1780759983888,12.665,0,6.889434e-7,-4.218770e-7,8.078510e-7,-31.481,8.652635e-7,0,0,0,0
3746,1780759983937,12.203,1,6.889434e-7,-4.218770e-7,8.078510e-7,-31.481,8.652635e-7,0,0,0,0
3747,1780759983987,13.329,0,7.030578e-7,-4.299739e-7,8.241164e-7,-31.449,8.662779e-7,0,0,0,0
3748,1780759984037,14.200,0,7.131193e-7,-4.344016e-7,8.350113e-7,-31.348,8.667985e-7,0,0,0,0
3749,1780759984088,13.876,0,7.126101e-7,-4.308275e-7,8.327217e-7,-31.156,8.675556e-7,0,0,0,0
3750,1780759984140,13.435,0,7.243279e-7,-4.398700e-7,8.474294e-7,-31.269,8.681431e-7,0,0,0,0
3751,1780759984191,13.372,0,7.300081e-7,-4.448361e-7,8.548631e-7,-31.356,8.690059e-7,0,0,0,0
3752,1780759984242,13.295,0,7.444800e-7,-4.546950e-7,8.723519e-7,-31.415,8.696876e-7,0,0,0,0
3753,1780759984291,12.147,0,7.585756e-7,-4.627934e-7,8.886026e-7,-31.387,8.704640e-7,0,0,0,0
3754,1780759984341,13.332,0,7.643557e-7,-4.673381e-7,8.959043e-7,-31.442,8.715810e-7,0,0,0,0
3755,1780759984391,14.118,0,7.780289e-7,-4.732453e-7,9.106537e-7,-31.311,8.724744e-7,0,0,0,0
3756,1780759984441,12.177,0,7.764913e-7,-4.701011e-7,9.077079e-7,-31.191,8.737287e-7,0,0,0,0
3757,1780759984489,11.894,0,7.855332e-7,-4.798103e-7,9.204783e-7,-31.417,8.746807e-7,0,0,0,0
3758,1780759984539,13.205,0,7.846876e-7,-4.833815e-7,9.216248e-7,-31.634,8.760113e-7,0,0,0,0
3759,1780759984587,12.663,0,7.836018e-7,-4.854448e-7,9.217855e-7,-31.778,8.769978e-7,0,0,0,0
3760,1780759984637,14.269,0,7.869795e-7,-4.830781e-7,9.234182e-7,-31.543,8.780021e-7,0,0,0,0
3761,1780759984688,14.474,0,7.858263e-7,-4.718032e-7,9.165813e-7,-30.980,8.793434e-7,0,0,0,0
3762,1780759984737,13.360,0,7.990617e-7,-4.742168e-7,9.291831e-7,-30.688,8.803566e-7,0,0,0,0
3763,1780759984787,14.281,0,7.998214e-7,-4.716333e-7,9.285215e-7,-30.527,8.817341e-7,0,0,0,0
3764,1780759984837,12.422,1,7.998214e-7,-4.716333e-7,9.285215e-7,-30.527,8.817341e-7,0,0,0,0
3765,1780759984887,13.286,0,8.135588e-7,-4.873208e-7,9.483456e-7,-30.922,8.837918e-7,0,0,0,0
3766,1780759984937,14.360,0,8.136931e-7,-4.895688e-7,9.496179e-7,-31.034,8.851580e-7,0,0,0,0
3767,1780759984987,12.189,1,8.136931e-7,-4.895688e-7,9.496179e-7,-31.034,8.851580e-7,0,0,0,0
3768,1780759985037,13.377,0,8.166186e-7,-4.922762e-7,9.535207e-7,-31.083,8.875075e-7,0,0,0,0
3769,1780759985088,13.334,0,8.298237e-7,-5.054619e-7,9.716477e-7,-31.346,8.884626e-7,0,0,0,0
3770,1780759985137,12.273,1,8.298237e-7,-5.054619e-7,9.716477e-7,-31.346,8.884626e-7,0,0,0,0
3771,1780759985187,13.538,0,8.163410e-7,-5.207749e-7,9.683073e-7,-32.535,8.905679e-7,0,0,0,0
3772,1780759985237,14.107,0,8.165644e-7,-5.209881e-7,9.686103e-7,-32.539,8.914116e-7,0,0,0,0
3773,1780759985286,13.516,1,8.165644e-7,-5.209881e-7,9.686103e-7,-32.539,8.914116e-7,0,0,0,0
3774,1780759985337,13.333,0,8.199483e-7,-5.196320e-7,9.707382e-7,-32.364,8.932555e-7,0,0,0,0
3775,1780759985386,12.351,1,8.199483e-7,-5.196320e-7,9.707382e-7,-32.364,8.932555e-7,0,0,0,0
3776,1780759985434,12.163,0,8.182386e-7,-5.134249e-7,9.659812e-7,-32.107,8.942571e-7,0,0,0,0
3777,1780759985483,14.401,0,8.310436e-7,-5.103199e-7,9.752230e-7,-31.553,8.949846e-7,0,0,0,0
3778,1780759985533,12.311,0,8.309179e-7,-5.013612e-7,9.704575e-7,-31.106,8.957465e-7,0,0,0,0
3779,1780759985582,14.570,0,8.334186e-7,-4.914049e-7,9.675047e-7,-30.525,8.967553e-7,0,0,0,0
3780,1780759985633,14.515,0,8.320249e-7,-4.884523e-7,9.648063e-7,-30.416,8.975635e-7,0,0,0,0
3781,1780759985684,14.466,0,8.154608e-7,-4.800660e-7,9.462768e-7,-30.486,8.986269e-7,0,0,0,0
3782,1780759985735,14.497,0,8.162629e-7,-4.815735e-7,9.477332e-7,-30.539,8.994248e-7,0,0,0,0
3783,1780759985786,14.489,0,7.986444e-7,-4.670553e-7,9.251884e-7,-30.320,9.013225e-7,0,0,0,0
3784,1780759985837,14.248,0,7.905242e-7,-4.600782e-7,9.146586e-7,-30.199,9.021734e-7,0,0,0,0
3785,1780759985887,12.272,1,7.905242e-7,-4.600782e-7,9.146586e-7,-30.199,9.021734e-7,0,0,0,0
3786,1780759985937,13.293,0,7.797870e-7,-4.384809e-7,8.946134e-7,-29.349,9.041883e-7,0,0,0,0
3787,1780759985987,14.243,0,7.658250e-7,-4.251300e-7,8.759129e-7,-29.036,9.050840e-7,0,0,0,0
3788,1780759986037,12.244,1,7.658250e-7,-4.251300e-7,8.759129e-7,-29.036,9.050840e-7,0,0,0,0
3789,1780759986087,13.264,0,7.643397e-7,-3.957700e-7,8.607258e-7,-27.375,9.071788e-7,0,0,0,0
3790,1780759986137,14.230,0,7.675988e-7,-3.823449e-7,8.575521e-7,-26.478,9.083950e-7,0,0,0,0
3791,1780759986187,12.228,1,7.675988e-7,-3.823449e-7,8.575521e-7,-26.478,9.083950e-7,0,0,0,0
3792,1780759986236,14.455,0,7.724892e-7,-3.654430e-7,8.545690e-7,-25.318,9.106192e-7,0,0,0,0
3793,1780759986287,14.568,0,7.910726e-7,-3.703016e-7,8.734525e-7,-25.084,9.115949e-7,0,0,0,0
3794,1780759986338,14.549,0,7.893505e-7,-3.707988e-7,8.721043e-7,-25.162,9.125893e-7,0,0,0,0
3795,1780759986389,14.563,0,7.982656e-7,-3.748666e-7,8.819031e-7,-25.155,9.139013e-7,0,0,0,0
3796,1780759986440,14.542,0,7.982756e-7,-3.762879e-7,8.825171e-7,-25.238,9.148987e-7,0,0,0,0
3797,1780759986491,14.600,0,7.953662e-7,-3.773716e-7,8.803504e-7,-25.383,9.161932e-7,0,0,0,0
3798,1780759986540,13.303,0,8.049883e-7,-3.880918e-7,8.936562e-7,-25.739,9.171619e-7,0,0,0,0
3799,1780759986591,13.199,0,8.044510e-7,-3.947919e-7,8.961038e-7,-26.140,9.181334e-7,0,0,0,0
3800,1780759986640,14.584,0,8.190798e-7,-4.021692e-7,9.124866e-7,-26.151,9.194276e-7,0,0,0,0
3801,1780759986691,14.654,0,8.221977e-7,-3.992647e-7,9.140139e-7,-25.902,9.204068e-7,0,0,0,0
3802,1780759986741,13.060,0,8.277739e-7,-3.939400e-7,9.167324e-7,-25.450,9.216736e-7,0,0,0,0
3803,1780759986791,14.157,0,8.319989e-7,-3.843426e-7,9.164832e-7,-24.795,9.226021e-7,0,0,0,0
3804,1780759986841,11.805,0,8.299429e-7,-3.772921e-7,9.116768e-7,-24.447,9.234858e-7,0,0,0,0
3805,1780759986890,13.665,0,8.343700e-7,-3.712868e-7,9.132508e-7,-23.989,9.246153e-7,0,0,0,0
3806,1780759986941,14.508,0,8.251960e-7,-3.581527e-7,8.995675e-7,-23.462,9.254166e-7,0,0,0,0
3807,1780759986991,12.087,0,8.267701e-7,-3.535107e-7,8.991766e-7,-23.151,9.264262e-7,0,0,0,0
3808,1780759987041,13.279,0,8.071340e-7,-3.492023e-7,8.794359e-7,-23.395,9.271400e-7,0,0,0,0
3809,1780759987090,12.007,0,7.975063e-7,-3.454199e-7,8.690979e-7,-23.419,9.279957e-7,0,0,0,0
3810,1780759987139,14.142,0,7.892557e-7,-3.412705e-7,8.598779e-7,-23.383,9.286221e-7,0,0,0,0
3811,1780759987188,13.007,0,7.805335e-7,-3.334655e-7,8.487826e-7,-23.134,9.292259e-7,0,0,0,0
3812,1780759987238,14.209,0,7.867899e-7,-3.244451e-7,8.510599e-7,-22.410,9.300235e-7,0,0,0,0
3813,1780759987286,14.030,0,7.789313e-7,-3.148461e-7,8.401560e-7,-22.009,9.306230e-7,0,0,0,0
3814,1780759987335,13.048,1,7.789313e-7,-3.148461e-7,8.401560e-7,-22.009,9.306230e-7,0,0,0,0
3815,1780759987386,13.249,0,7.825712e-7,-3.125720e-7,8.426855e-7,-21.773,9.314268e-7,0,0,0,0
3816,1780759987436,14.004,0,7.811016e-7,-3.039206e-7,8.381453e-7,-21.261,9.326729e-7,0,0,0,0
3817,1780759987487,13.830,0,7.990651e-7,-3.000927e-7,8.535576e-7,-20.584,9.335653e-7,0,0,0,0
3818,1780759987537,12.394,1,7.990651e-7,-3.000927e-7,8.535576e-7,-20.584,9.335653e-7,0,0,0,0
3819,1780759987587,13.289,0,8.336121e-7,-2.953496e-7,8.843871e-7,-19.509,9.353564e-7,0,0,0,0
3820,1780759987636,11.932,1,8.336121e-7,-2.953496e-7,8.843871e-7,-19.509,9.353564e-7,0,0,0,0
3821,1780759987686,13.061,0,8.390923e-7,-2.928124e-7,8.887154e-7,-19.237,9.362183e-7,0,0,0,0
3822,1780759987737,13.276,0,8.737896e-7,-3.006828e-7,9.240771e-7,-18.989,9.383800e-7,0,0,0,0
3823,1780759987787,14.252,0,8.859306e-7,-3.051969e-7,9.370262e-7,-19.008,9.393663e-7,0,0,0,0
3824,1780759987838,14.550,0,8.988539e-7,-3.107627e-7,9.510582e-7,-19.072,9.407439e-7,0,0,0,0
3825,1780759987888,11.751,0,8.997345e-7,-3.094080e-7,9.514491e-7,-18.977,9.417994e-7,0,0,0,0
3826,1780759987937,14.151,0,9.202782e-7,-3.102753e-7,9.711760e-7,-18.632,9.432342e-7,0,0,0,0
3827,1780759987987,12.212,1,9.202782e-7,-3.102753e-7,9.711760e-7,-18.632,9.432342e-7,0,0,0,0
3828,1780759988037,13.279,0,9.403385e-7,-3.138317e-7,9.913258e-7,-18.456,9.454637e-7,0,0,0,0
3829,1780759988087,14.234,0,9.454461e-7,-3.089452e-7,9.946434e-7,-18.096,9.469901e-7,0,0,0,0
3830,1780759988137,12.148,1,9.454461e-7,-3.089452e-7,9.946434e-7,-18.096,9.469901e-7,0,0,0,0
3831,1780759988186,14.325,0,9.513014e-7,-3.039396e-7,9.986759e-7,-17.719,9.496414e-7,0,0,0,0
3832,1780759988234,13.933,1,9.513014e-7,-3.039396e-7,9.986759e-7,-17.719,9.496414e-7,0,0,0,0
3833,1780759988285,14.498,0,9.389562e-7,-2.970402e-7,9.848206e-7,-17.555,9.507458e-7,0,0,0,0
3834,1780759988336,14.524,0,9.276970e-7,-2.788502e-7,9.686997e-7,-16.730,9.531731e-7,0,0,0,0
3835,1780759988385,13.513,1,9.276970e-7,-2.788502e-7,9.686997e-7,-16.730,9.531731e-7,0,0,0,0
3836,1780759988436,13.268,0,9.239579e-7,-2.656958e-7,9.614012e-7,-16.043,9.541295e-7,0,0,0,0
3837,1780759988487,13.267,0,8.910822e-7,-2.542881e-7,9.266553e-7,-15.927,9.562055e-7,0,0,0,0
3838,1780759988537,14.311,0,8.822713e-7,-2.489917e-7,9.167330e-7,-15.760,9.572784e-7,0,0,0,0
3839,1780759988587,11.981,1,8.822713e-7,-2.489917e-7,9.167330e-7,-15.760,9.572784e-7,0,0,0,0
3840,1780759988636,14.190,0,8.596447e-7,-2.296859e-7,8.898003e-7,-14.959,9.587559e-7,0,0,0,0
3841,1780759988687,14.214,0,8.425413e-7,-2.197458e-7,8.707262e-7,-14.618,9.596614e-7,0,0,0,0
3842,1780759988737,12.185,1,8.425413e-7,-2.197458e-7,8.707262e-7,-14.618,9.596614e-7,0,0,0,0
3843,1780759988787,13.239,0,8.268068e-7,-1.998133e-7,8.506085e-7,-13.586,9.611186e-7,0,0,0,0
3844,1780759988835,12.717,1,8.268068e-7,-1.998133e-7,8.506085e-7,-13.586,9.611186e-7,0,0,0,0
3845,1780759988884,12.051,0,8.182076e-7,-1.879754e-7,8.395227e-7,-12.939,9.617281e-7,0,0,0,0
3846,1780759988933,14.285,0,8.268107e-7,-1.692962e-7,8.439651e-7,-11.572,9.623513e-7,0,0,0,0
3847,1780759988982,12.652,0,8.278580e-7,-1.394300e-7,8.395174e-7,-9.560,9.632202e-7,0,0,0,0
3848,1780759989033,13.390,0,8.492413e-7,-1.180919e-7,8.574127e-7,-7.917,9.639056e-7,0,0,0,0
3849,1780759989081,12.568,0,8.596298e-7,-1.005990e-7,8.654961e-7,-6.675,9.648991e-7,0,0,0,0
3850,1780759989132,13.286,0,8.702650e-7,-8.395483e-8,8.743052e-7,-5.510,9.656765e-7,0,0,0,0
3851,1780759989183,13.323,0,8.707713e-7,-6.747006e-8,8.733813e-7,-4.431,9.664958e-7,0,0,0,0
3852,1780759989233,14.394,0,8.621275e-7,-5.177371e-8,8.636807e-7,-3.437,9.675914e-7,0,0,0,0
3853,1780759989283,12.315,0,8.641780e-7,-4.178449e-8,8.651875e-7,-2.768,9.684127e-7,0,0,0,0
3854,1780759989333,13.289,0,8.480048e-7,-3.197550e-8,8.486075e-7,-2.159,9.695009e-7,0,0,0,0
3855,1780759989381,12.579,0,8.441657e-7,-2.299030e-8,8.444787e-7,-1.560,9.702868e-7,0,0,0,0
3856,1780759989432,13.234,0,8.326848e-7,-9.067293e-10,8.326853e-7,-0.062,9.713217e-7,0,0,0,0
3857,1780759989483,13.270,0,8.223202e-7,2.104574e-8,8.225894e-7,1.466,9.720581e-7,0,0,0,0
3858,1780759989533,14.311,0,8.181032e-7,3.929340e-8,8.190463e-7,2.750,9.727829e-7,0,0,0,0
3859,1780759989583,12.381,0,8.032758e-7,5.238858e-8,8.049823e-7,3.731,9.737171e-7,0,0,0,0
3860,1780759989633,13.376,0,8.053981e-7,5.771103e-8,8.074631e-7,4.099,9.743904e-7,0,0,0,0
3861,1780759989683,14.320,0,7.954398e-7,6.491789e-8,7.980845e-7,4.666,9.752755e-7,0,0,0,0
3862,1780759989733,12.377,0,7.975679e-7,7.420440e-8,8.010124e-7,5.315,9.759122e-7,0,0,0,0
3863,1780759989783,13.240,0,7.953278e-7,8.237156e-8,7.995820e-7,5.913,9.765504e-7,0,0,0,0
3864,1780759989833,14.411,0,7.916497e-7,9.023438e-8,7.967757e-7,6.503,9.773726e-7,0,0,0,0
3865,1780759989883,12.421,0,7.935941e-7,8.802533e-8,7.984610e-7,6.329,9.779790e-7,0,0,0,0
3866,1780759989933,13.267,0,7.814910e-7,8.204659e-8,7.857862e-7,5.993,9.787557e-7,0,0,0,0
3867,1780759989983,14.385,0,7.843769e-7,7.723031e-8,7.881698e-7,5.623,9.793081e-7,0,0,0,0
3868,1780759990032,13.544,0,7.737141e-7,7.291860e-8,7.771426e-7,5.384,9.798384e-7,0,0,0,0
3869,1780759990082,13.570,0,7.699604e-7,7.006230e-8,7.731415e-7,5.199,9.804839e-7,0,0,0,0
3870,1780759990133,14.293,0,7.615398e-7,6.850989e-8,7.646153e-7,5.141,9.809296e-7,0,0,0,0
3871,1780759990181,14.007,0,7.526719e-7,7.044120e-8,7.559609e-7,5.347,9.814388e-7,0,0,0,0
3872,1780759990231,11.997,0,7.459676e-7,7.645942e-8,7.498758e-7,5.852,9.817787e-7,0,0,0,0
3873,1780759990281,13.232,0,7.276018e-7,8.451991e-8,7.324943e-7,6.626,9.821589e-7,0,0,0,0
3874,1780759990329,12.610,0,7.257600e-7,9.533586e-8,7.319949e-7,7.484,9.824077e-7,0,0,0,0
3875,1780759990379,14.435,0,7.016172e-7,1.018320e-7,7.089686e-7,8.258,9.826320e-7,0,0,0,0
3876,1780759990429,12.134,0,6.931038e-7,1.108883e-7,7.019182e-7,9.090,9.828770e-7,0,0,0,0
3877,1780759990479,13.301,0,6.829812e-7,1.208546e-7,6.935915e-7,10.035,9.830630e-7,0,0,0,0
3878,1780759990530,13.224,0,6.731770e-7,1.305803e-7,6.857248e-7,10.978,9.833057e-7,0,0,0,0
3879,1780759990581,13.321,0,6.734011e-7,1.438611e-7,6.885965e-7,12.059,9.835170e-7,0,0,0,0
3880,1780759990632,13.189,0,6.646386e-7,1.583455e-7,6.832407e-7,13.401,9.837471e-7,0,0,0,0
3881,1780759990680,12.638,0,6.709883e-7,1.690411e-7,6.919539e-7,14.140,9.840815e-7,0,0,0,0
3882,1780759990729,11.696,0,6.598508e-7,1.782481e-7,6.835023e-7,15.117,9.843524e-7,0,0,0,0
3883,1780759990779,13.303,0,6.594106e-7,1.881660e-7,6.857323e-7,15.926,9.847128e-7,0,0,0,0
3884,1780759990829,13.832,0,6.632488e-7,1.984461e-7,6.923004e-7,16.657,9.849978e-7,0,0,0,0
3885,1780759990879,11.764,0,6.733772e-7,2.084337e-7,7.048982e-7,17.199,9.852927e-7,0,0,0,0
3886,1780759990929,13.208,0,6.844987e-7,2.159330e-7,7.177503e-7,17.508,9.857159e-7,0,0,0,0
3887,1780759990980,13.320,0,6.795698e-7,2.218050e-7,7.148514e-7,18.076,9.860458e-7,0,0,0,0
3888,1780759991031,13.211,0,6.934995e-7,2.243531e-7,7.288868e-7,17.927,9.864861e-7,0,0,0,0
3889,1780759991080,12.346,0,6.897299e-7,2.246597e-7,7.253960e-7,18.042,9.868275e-7,0,0,0,0
3890,1780759991129,14.206,0,6.925267e-7,2.316322e-7,7.302374e-7,18.494,9.872678e-7,0,0,0,0
3891,1780759991180,14.542,0,6.884564e-7,2.392711e-7,7.288504e-7,19.165,9.875954e-7,0,0,0,0
3892,1780759991230,12.214,0,6.808096e-7,2.490775e-7,7.249423e-7,20.095,9.879095e-7,0,0,0,0
3893,1780759991279,13.710,0,6.797303e-7,2.619594e-7,7.284614e-7,21.076,9.883095e-7,0,0,0,0
3894,1780759991331,13.340,0,6.584222e-7,2.613683e-7,7.084018e-7,21.651,9.885966e-7,0,0,0,0
3895,1780759991382,13.316,0,6.572654e-7,2.672258e-7,7.095121e-7,22.125,9.889439e-7,0,0,0,0
3896,1780759991432,13.879,0,6.433429e-7,2.765893e-7,7.002798e-7,23.264,9.891957e-7,0,0,0,0
3897,1780759991482,11.918,0,6.377232e-7,2.835529e-7,6.979206e-7,23.972,9.894291e-7,0,0,0,0
3898,1780759991531,14.210,0,6.273340e-7,2.878783e-7,6.902332e-7,24.650,9.897320e-7,0,0,0,0
3899,1780759991581,14.584,0,6.128446e-7,2.933031e-7,6.794154e-7,25.575,9.899461e-7,0,0,0,0
3900,1780759991631,12.588,0,6.114380e-7,3.002724e-7,6.811901e-7,26.155,9.902162e-7,0,0,0,0
3901,1780759991681,13.850,0,5.964854e-7,3.086608e-7,6.716148e-7,27.360,9.904113e-7,0,0,0,0
3902,1780759991733,13.320,0,5.984772e-7,3.214948e-7,6.793629e-7,28.244,9.905894e-7,0,0,0,0
3903,1780759991784,13.334,0,5.852297e-7,3.221985e-7,6.680611e-7,28.835,9.908198e-7,0,0,0,0
3904,1780759991833,12.106,0,5.727926e-7,3.233984e-7,6.577826e-7,29.449,9.909669e-7,0,0,0,0
3905,1780759991882,13.857,0,5.621001e-7,3.306016e-7,6.521150e-7,30.462,9.911410e-7,0,0,0,0
3906,1780759991934,13.271,0,5.404984e-7,3.383350e-7,6.376591e-7,32.045,9.912463e-7,0,0,0,0
3907,1780759991985,13.277,0,5.361947e-7,3.498527e-7,6.402357e-7,33.123,9.913577e-7,0,0,0,0
3908,1780759992035,13.641,0,5.181669e-7,3.623716e-7,6.323054e-7,34.966,9.914297e-7,0,0,0,0
3909,1780759992087,13.179,0,4.966369e-7,3.922148e-7,6.328354e-7,38.300,9.915477e-7,0,0,0,0
3910,1780759992137,14.108,0,4.850113e-7,4.068662e-7,6.330687e-7,39.993,9.915798e-7,0,0,0,0
3911,1780759992186,12.493,1,4.850113e-7,4.068662e-7,6.330687e-7,39.993,9.915798e-7,0,0,0,0
3912,1780759992236,14.111,0,4.420667e-7,4.415651e-7,6.248221e-7,44.967,9.916379e-7,0,0,0,0
3913,1780759992287,14.402,0,4.268703e-7,4.612340e-7,6.284545e-7,47.216,9.916466e-7,0,0,0,0
3914,1780759992337,14.542,0,3.958654e-7,4.726471e-7,6.165264e-7,50.052,9.916489e-7,0,0,0,0
3915,1780759992387,12.862,0,3.811922e-7,4.825060e-7,6.149143e-7,51.690,9.916405e-7,0,0,0,0
3916,1780759992437,14.160,0,3.604113e-7,4.875841e-7,6.063288e-7,53.529,9.916308e-7,0,0,0,0
3917,1780759992487,12.190,1,3.604113e-7,4.875841e-7,6.063288e-7,53.529,9.916308e-7,0,0,0,0
3918,1780759992535,14.571,0,3.289374e-7,4.979718e-7,5.968046e-7,56.553,9.916133e-7,0,0,0,0
3919,1780759992586,12.252,1,3.289374e-7,4.979718e-7,5.968046e-7,56.553,9.916133e-7,0,0,0,0
3920,1780759992634,11.833,0,3.089434e-7,5.003876e-7,5.880763e-7,58.308,9.916024e-7,0,0,0,0
3921,1780759992683,14.324,0,3.049503e-7,5.020940e-7,5.874462e-7,58.727,9.915948e-7,0,0,0,0
3922,1780759992733,12.350,0,2.838792e-7,4.882430e-7,5.647731e-7,59.825,9.915878e-7,0,0,0,0
3923,1780759992782,14.364,0,2.805964e-7,4.730101e-7,5.499754e-7,59.323,9.915852e-7,0,0,0,0
3924,1780759992833,14.038,0,2.734325e-7,4.552968e-7,5.310937e-7,59.013,9.915853e-7,0,0,0,0
3925,1780759992883,12.248,0,2.695851e-7,4.383952e-7,5.146518e-7,58.411,9.915879e-7,0,0,0,0
3926,1780759992932,14.102,0,2.696887e-7,4.277251e-7,5.056489e-7,57.768,9.915914e-7,0,0,0,0
3927,1780759992983,14.480,0,2.570789e-7,4.154300e-7,4.885404e-7,58.250,9.915974e-7,0,0,0,0
3928,1780759993033,12.348,0,2.670507e-7,4.038580e-7,4.841667e-7,56.525,9.916035e-7,0,0,0,0
3929,1780759993083,13.267,0,2.671131e-7,3.887855e-7,4.717029e-7,55.509,9.916094e-7,0,0,0,0
3930,1780759993134,13.381,0,2.785331e-7,3.761278e-7,4.680308e-7,53.479,9.916125e-7,0,0,0,0
3931,1780759993185,13.264,0,2.871922e-7,3.674556e-7,4.663722e-7,51.990,9.916092e-7,0,0,0,0
3932,1780759993236,13.519,0,2.879294e-7,3.640822e-7,4.641758e-7,51.662,9.915980e-7,0,0,0,0
3933,1780759993287,13.217,0,3.001764e-7,3.399435e-7,4.535057e-7,48.555,9.915553e-7,0,0,0,0
3934,1780759993338,13.228,0,3.196132e-7,3.196790e-7,4.520478e-7,45.006,9.915297e-7,0,0,0,0
3935,1780759993388,14.251,0,3.263984e-7,2.955540e-7,4.403273e-7,42.161,9.914969e-7,0,0,0,0
3936,1780759993439,14.311,0,3.360041e-7,2.723201e-7,4.325009e-7,39.024,9.914539e-7,0,0,0,0
3937,1780759993489,14.633,0,3.453417e-7,2.522825e-7,4.276767e-7,36.149,9.914208e-7,0,0,0,0
3938,1780759993541,14.494,0,3.418026e-7,2.323071e-7,4.132743e-7,34.202,9.913826e-7,0,0,0,0
3939,1780759993591,12.114,0,3.524973e-7,2.162041e-7,4.135197e-7,31.523,9.913621e-7,0,0,0,0
3940,1780759993641,13.204,0,3.509402e-7,2.060052e-7,4.069363e-7,30.413,9.913435e-7,0,0,0,0
3941,1780759993692,13.284,0,3.578598e-7,1.986527e-7,4.093000e-7,29.035,9.913368e-7,0,0,0,0
3942,1780759993743,13.247,0,3.607495e-7,1.872522e-7,4.064524e-7,27.432,9.913333e-7,0,0,0,0
3943,1780759993794,13.293,0,3.611351e-7,1.742371e-7,4.009702e-7,25.756,9.913330e-7,0,0,0,0
3944,1780759993845,13.253,0,3.725118e-7,1.614848e-7,4.060078e-7,23.437,9.913338e-7,0,0,0,0
3945,1780759993896,13.396,0,3.736028e-7,1.481879e-7,4.019188e-7,21.636,9.913315e-7,0,0,0,0
3946,1780759993947,13.248,0,3.944959e-7,1.390668e-7,4.182901e-7,19.418,9.913240e-7,0,0,0,0
3947,1780759993997,13.876,0,4.033168e-7,1.275489e-7,4.230049e-7,17.550,9.913139e-7,0,0,0,0
3948,1780759994048,13.870,0,4.167672e-7,1.217054e-7,4.341740e-7,16.279,9.912931e-7,0,0,0,0
3949,1780759994100,13.277,0,4.245197e-7,1.157373e-7,4.400138e-7,15.250,9.912780e-7,0,0,0,0
3950,1780759994149,11.902,0,4.243331e-7,1.019335e-7,4.364047e-7,13.508,9.912498e-7,0,0,0,0
3951,1780759994198,14.145,0,4.299263e-7,9.545058e-8,4.403946e-7,12.518,9.912249e-7,0,0,0,0
3952,1780759994249,13.552,0,4.201705e-7,8.590386e-8,4.288621e-7,11.555,9.911887e-7,0,0,0,0
3953,1780759994299,11.656,0,4.244572e-7,8.203850e-8,4.323126e-7,10.939,9.911583e-7,0,0,0,0
3954,1780759994348,13.868,0,4.187797e-7,7.309125e-8,4.251103e-7,9.900,9.911342e-7,0,0,0,0
3955,1780759994397,13.077,0,4.227270e-7,7.057338e-8,4.285775e-7,9.478,9.911039e-7,0,0,0,0
3956,1780759994446,14.458,0,4.266919e-7,6.942032e-8,4.323021e-7,9.241,9.910882e-7,0,0,0,0
3957,1780759994497,11.932,0,4.221020e-7,6.759081e-8,4.274793e-7,9.097,9.910705e-7,0,0,0,0
3958,1780759994547,13.283,0,4.241024e-7,7.049560e-8,4.299215e-7,9.438,9.910601e-7,0,0,0,0
3959,1780759994598,13.326,0,4.062920e-7,5.563644e-8,4.100837e-7,7.797,9.910524e-7,0,0,0,0
3960,1780759994649,13.246,0,4.035463e-7,4.547900e-8,4.061010e-7,6.430,9.910403e-7,0,0,0,0
3961,1780759994699,13.620,0,3.934648e-7,2.871652e-8,3.945113e-7,4.174,9.910339e-7,0,0,0,0
3962,1780759994749,11.687,0,3.927747e-7,1.490214e-8,3.930573e-7,2.173,9.910268e-7,0,0,0,0
3963,1780759994799,13.223,0,4.013491e-7,1.394694e-9,4.013515e-7,0.199,9.910248e-7,0,0,0,0
3964,1780759994849,13.682,0,4.035229e-7,-1.427179e-8,4.037752e-7,-2.026,9.910244e-7,0,0,0,0
3965,1780759994901,13.337,0,4.248742e-7,-2.546555e-8,4.256367e-7,-3.430,9.910258e-7,0,0,0,0
3966,1780759994950,12.534,0,4.357007e-7,-4.100438e-8,4.376259e-7,-5.376,9.910298e-7,0,0,0,0
3967,1780759994999,13.698,0,4.605201e-7,-4.800478e-8,4.630154e-7,-5.951,9.910378e-7,0,0,0,0
3968,1780759995049,12.199,0,4.793672e-7,-6.457486e-8,4.836970e-7,-7.672,9.910487e-7,0,0,0,0
3969,1780759995098,13.972,0,5.000709e-7,-9.252063e-8,5.085577e-7,-10.482,9.910686e-7,0,0,0,0
3970,1780759995149,13.578,0,5.259511e-7,-1.138195e-7,5.381258e-7,-12.211,9.910910e-7,0,0,0,0
3971,1780759995198,12.605,0,5.406172e-7,-1.356056e-7,5.573651e-7,-14.081,9.911199e-7,0,0,0,0
3972,1780759995247,11.972,0,5.673452e-7,-1.450805e-7,5.856014e-7,-14.344,9.911692e-7,0,0,0,0
3973,1780759995295,14.582,0,5.789021e-7,-1.590316e-7,6.003488e-7,-15.361,9.912167e-7,0,0,0,0
3974,1780759995346,14.553,0,5.963486e-7,-1.631163e-7,6.182544e-7,-15.298,9.912869e-7,0,0,0,0
3975,1780759995397,14.543,0,6.070524e-7,-1.633368e-7,6.286426e-7,-15.060,9.913471e-7,0,0,0,0
3976,1780759995448,11.888,0,6.153681e-7,-1.587287e-7,6.355098e-7,-14.464,9.914096e-7,0,0,0,0
3977,1780759995498,13.261,0,6.267448e-7,-1.492781e-7,6.442771e-7,-13.397,9.914969e-7,0,0,0,0
3978,1780759995546,12.762,0,6.302416e-7,-1.550657e-7,6.490376e-7,-13.823,9.915618e-7,0,0,0,0
3979,1780759995597,13.264,0,6.473926e-7,-1.497191e-7,6.644795e-7,-13.022,9.916456e-7,0,0,0,0
3980,1780759995648,13.285,0,6.507848e-7,-1.463875e-7,6.670458e-7,-12.677,9.917040e-7,0,0,0,0
3981,1780759995699,13.324,0,6.669510e-7,-1.380771e-7,6.810939e-7,-11.697,9.917501e-7,0,0,0,0
3982,1780759995749,13.643,0,6.769842e-7,-1.333387e-7,6.899904e-7,-11.142,9.917978e-7,0,0,0,0
3983,1780759995800,13.503,0,6.835423e-7,-1.265507e-7,6.951584e-7,-10.489,9.918152e-7,0,0,0,0
3984,1780759995852,13.297,0,6.953595e-7,-1.160764e-7,7.049813e-7,-9.477,9.918174e-7,0,0,0,0
3985,1780759995901,11.910,0,6.970235e-7,-1.090696e-7,7.055054e-7,-8.893,9.917989e-7,0,0,0,0
3986,1780759995949,14.637,0,7.141412e-7,-8.789073e-8,7.195293e-7,-7.016,9.917596e-7,0,0,0,0
3987,1780759995998,13.699,0,7.130654e-7,-7.739531e-8,7.172534e-7,-6.195,9.917248e-7,0,0,0,0
3988,1780759996049,13.801,0,7.142902e-7,-6.805473e-8,7.175249e-7,-5.442,9.916817e-7,0,0,0,0
3989,1780759996098,12.934,0,7.158731e-7,-5.633176e-8,7.180860e-7,-4.499,9.916234e-7,0,0,0,0
3990,1780759996149,13.266,0,7.110827e-7,-4.094501e-8,7.122605e-7,-3.296,9.915730e-7,0,0,0,0
3991,1780759996200,13.289,0,7.098820e-7,-2.078950e-8,7.101863e-7,-1.677,9.915037e-7,0,0,0,0
3992,1780759996249,14.602,0,6.991107e-7,-2.777252e-9,6.991162e-7,-0.228,9.914523e-7,0,0,0,0
3993,1780759996300,12.126,0,7.048186e-7,2.905297e-8,7.054172e-7,2.360,9.914062e-7,0,0,0,0
3994,1780759996349,13.666,0,6.957896e-7,5.505752e-8,6.979645e-7,4.524,9.913521e-7,0,0,0,0
3995,1780759996399,11.767,0,6.937984e-7,8.289766e-8,6.987333e-7,6.814,9.913146e-7,0,0,0,0
3996,1780759996449,13.231,0,6.898411e-7,1.054841e-7,6.978593e-7,8.694,9.912832e-7,0,0,0,0
3997,1780759996500,13.381,0,6.715527e-7,1.279917e-7,6.836409e-7,10.791,9.912607e-7,0,0,0,0
3998,1780759996551,13.179,0,6.639229e-7,1.593752e-7,6.827840e-7,13.498,9.912372e-7,0,0,0,0
3999,1780759996599,12.726,0,6.484535e-7,1.863584e-7,6.747010e-7,16.034,9.911979e-7,0,0,0,0
4000,1780759996647,12.574,0,6.435543e-7,2.227715e-7,6.810208e-7,19.094,9.911632e-7,0,0,0,0
4001,1780759996697,13.796,0,6.219734e-7,2.542256e-7,6.719238e-7,22.232,9.911148e-7,0,0,0,0
4002,1780759996749,13.231,0,6.048908e-7,2.890828e-7,6.704191e-7,25.544,9.910722e-7,0,0,0,0
4003,1780759996799,13.608,0,5.876080e-7,3.232359e-7,6.706449e-7,28.815,9.910155e-7,0,0,0,0
4004,1780759996849,12.140,0,5.645005e-7,3.535765e-7,6.660910e-7,32.061,9.909671e-7,0,0,0,0
4005,1780759996899,13.326,0,5.556339e-7,3.892034e-7,6.783865e-7,35.010,9.909154e-7,0,0,0,0
4006,1780759996949,13.796,0,5.298465e-7,4.075600e-7,6.684628e-7,37.568,9.908413e-7,0,0,0,0
4007,1780759997001,13.290,0,5.239329e-7,4.309043e-7,6.783688e-7,39.435,9.907830e-7,0,0,0,0
4008,1780759997049,12.693,0,5.105173e-7,4.493283e-7,6.800911e-7,41.352,9.907056e-7,0,0,0,0
4009,1780759997100,13.297,0,4.952292e-7,4.687596e-7,6.819000e-7,43.427,9.906470e-7,0,0,0,0
4010,1780759997150,13.942,0,4.838127e-7,4.919935e-7,6.900234e-7,45.480,9.905894e-7,0,0,0,0
4011,1780759997199,13.100,0,4.619622e-7,5.104674e-7,6.884664e-7,47.856,9.905073e-7,0,0,0,0
4012,1780759997249,13.566,0,4.562934e-7,5.401488e-7,7.070816e-7,49.810,9.904463e-7,0,0,0,0
4013,1780759997301,13.338,0,4.412872e-7,5.634211e-7,7.156659e-7,51.931,9.903618e-7,0,0,0,0
4014,1780759997352,13.347,0,4.344542e-7,5.915068e-7,7.339147e-7,53.703,9.903011e-7,0,0,0,0
4015,1780759997402,14.368,0,4.241393e-7,6.136685e-7,7.459780e-7,55.350,9.902404e-7,0,0,0,0
4016,1780759997451,12.969,0,4.047055e-7,6.228478e-7,7.427825e-7,56.986,9.901568e-7,0,0,0,0
4017,1780759997501,14.201,0,3.996102e-7,6.387797e-7,7.534772e-7,57.971,9.900945e-7,0,0,0,0
4018,1780759997551,14.495,0,3.809948e-7,6.481101e-7,7.518004e-7,59.551,9.900067e-7,0,0,0,0
4019,1780759997602,14.627,0,3.722399e-7,6.712075e-7,7.675168e-7,60.988,9.899444e-7,0,0,0,0
4020,1780759997654,14.459,0,3.554985e-7,6.831722e-7,7.701321e-7,62.509,9.898609e-7,0,0,0,0
4021,1780759997703,13.239,0,3.410357e-7,6.948249e-7,7.740072e-7,63.857,9.898050e-7,0,0,0,0
4022,1780759997754,13.278,0,3.261052e-7,7.004432e-7,7.726353e-7,65.035,9.897531e-7,0,0,0,0
4023,1780759997803,12.431,0,3.061451e-7,7.018493e-7,7.657136e-7,66.433,9.896917e-7,0,0,0,0
4024,1780759997853,13.252,0,2.950419e-7,7.126744e-7,7.713329e-7,67.511,9.896539e-7,0,0,0,0
4025,1780759997901,12.762,0,2.809948e-7,7.074604e-7,7.612216e-7,68.338,9.896063e-7,0,0,0,0
4026,1780759997950,11.645,0,2.814851e-7,7.043515e-7,7.585149e-7,68.217,9.895787e-7,0,0,0,0
4027,1780759998000,13.488,0,2.706957e-7,6.889710e-7,7.402413e-7,68.550,9.895522e-7,0,0,0,0
4028,1780759998048,12.611,0,2.626396e-7,6.729234e-7,7.223610e-7,68.679,9.895294e-7,0,0,0,0
4029,1780759998097,11.805,0,2.617667e-7,6.514282e-7,7.020545e-7,68.108,9.895168e-7,0,0,0,0
4030,1780759998147,13.179,0,2.573045e-7,6.210008e-7,6.721961e-7,67.494,9.894932e-7,0,0,0,0
4031,1780759998198,13.307,0,2.685718e-7,5.984855e-7,6.559846e-7,65.832,9.894720e-7,0,0,0,0
4032,1780759998249,13.230,0,2.698872e-7,5.664351e-7,6.274455e-7,64.524,9.894395e-7,0,0,0,0
4033,1780759998299,13.656,0,2.823202e-7,5.401745e-7,6.095024e-7,62.406,9.893920e-7,0,0,0,0
4034,1780759998348,12.723,0,2.915311e-7,5.139055e-7,5.908378e-7,60.434,9.893410e-7,0,0,0,0
4035,1780759998397,12.520,0,3.078263e-7,4.874412e-7,5.765032e-7,57.727,9.892494e-7,0,0,0,0
4036,1780759998447,13.205,0,3.286342e-7,4.705235e-7,5.739275e-7,55.068,9.891559e-7,0,0,0,0
4037,1780759998498,13.290,0,3.360456e-7,4.429579e-7,5.560021e-7,52.815,9.889924e-7,0,0,0,0
4038,1780759998547,14.481,0,3.533394e-7,4.289321e-7,5.557261e-7,50.519,9.888461e-7,0,0,0,0
4039,1780759998598,14.586,0,3.576770e-7,4.110948e-7,5.449145e-7,48.975,9.886625e-7,0,0,0,0
4040,1780759998650,14.441,0,3.696003e-7,3.984278e-7,5.434603e-7,47.150,9.883545e-7,0,0,0,0
4041,1780759998700,11.693,0,3.852914e-7,3.838587e-7,5.438722e-7,44.893,9.880762e-7,0,0,0,0
4042,1780759998749,13.578,0,3.986079e-7,3.653113e-7,5.406853e-7,42.504,9.876423e-7,0,0,0,0
4043,1780759998798,12.719,0,4.216490e-7,3.534479e-7,5.501939e-7,39.971,9.872758e-7,0,0,0,0
4044,1780759998849,13.271,0,4.315614e-7,3.415130e-7,5.503421e-7,38.356,9.868718e-7,0,0,0,0
4045,1780759998899,13.676,0,4.519061e-7,3.378848e-7,5.642564e-7,36.785,9.862968e-7,0,0,0,0
4046,1780759998949,12.007,0,4.634509e-7,3.261026e-7,5.666830e-7,35.132,9.858348e-7,0,0,0,0
4047,1780759998997,14.608,0,4.771014e-7,3.153247e-7,5.718875e-7,33.461,9.851769e-7,0,0,0,0
4048,1780759999048,14.650,0,4.911886e-7,3.034328e-7,5.773541e-7,31.706,9.846579e-7,0,0,0,0
4049,1780759999099,11.645,0,4.985702e-7,2.795207e-7,5.715804e-7,29.277,9.841272e-7,0,0,0,0
4050,1780759999149,13.309,0,5.198830e-7,2.636139e-7,5.828985e-7,26.888,9.834026e-7,0,0,0,0
4051,1780759999198,14.645,0,5.328684e-7,2.365834e-7,5.830270e-7,23.940,9.828372e-7,0,0,0,0
4052,1780759999249,14.509,0,5.587328e-7,2.160712e-7,5.990568e-7,21.142,9.820593e-7,0,0,0,0
4053,1780759999299,13.175,0,5.800515e-7,1.946713e-7,6.118469e-7,18.552,9.814557e-7,0,0,0,0
4054,1780759999350,13.189,0,6.005464e-7,1.859946e-7,6.286891e-7,17.208,9.806206e-7,0,0,0,0
4055,1780759999399,14.608,0,6.190612e-7,1.858918e-7,6.463687e-7,16.714,9.799699e-7,0,0,0,0
4056,1780759999450,12.371,0,6.214996e-7,1.820457e-7,6.476128e-7,16.326,9.792893e-7,0,0,0,0
4057,1780759999499,13.673,0,6.320713e-7,1.966355e-7,6.619514e-7,17.281,9.783282e-7,0,0,0,0
4058,1780759999551,13.259,0,6.344812e-7,2.025852e-7,6.660384e-7,17.708,9.775503e-7,0,0,0,0
4059,1780759999599,12.563,0,6.385596e-7,2.157023e-7,6.740073e-7,18.665,9.764475e-7,0,0,0,0
4060,1780759999649,13.577,0,6.335363e-7,2.274576e-7,6.731309e-7,19.750,9.755749e-7,0,0,0,0
4061,1780759999699,11.695,0,6.273125e-7,2.427213e-7,6.726326e-7,21.153,9.746626e-7,0,0,0,0
4062,1780759999749,13.244,0,6.269239e-7,2.626596e-7,6.797232e-7,22.732,9.733945e-7,0,0,0,0
4063,1780759999799,13.683,0,6.255978e-7,2.785152e-7,6.847944e-7,23.999,9.724170e-7,0,0,0,0
4064,1780759999849,11.648,0,6.348770e-7,3.134094e-7,7.080214e-7,26.273,9.711061e-7,0,0,0,0
4065,1780759999899,13.349,0,6.319233e-7,3.372607e-7,7.162904e-7,28.089,9.701248e-7,0,0,0,0
4066,1780759999950,13.426,0,6.273527e-7,3.676616e-7,7.271495e-7,30.373,9.691533e-7,0,0,0,0
4067,1780760000001,13.287,0,6.146479e-7,4.034636e-7,7.352380e-7,33.281,9.678898e-7,0,0,0,0
4068,1780760000050,12.448,0,5.952412e-7,4.350519e-7,7.372803e-7,36.162,9.669723e-7,0,0,0,0
4069,1780760000098,11.937,0,5.849032e-7,4.755818e-7,7.538500e-7,39.114,9.657914e-7,0,0,0,0
4070,1780760000148,13.229,0,5.656682e-7,5.040678e-7,7.576707e-7,41.704,9.649327e-7,0,0,0,0
4071,1780760000198,13.613,0,5.554387e-7,5.376077e-7,7.730034e-7,44.065,9.638364e-7,0,0,0,0
4072,1780760000248,11.730,0,5.349182e-7,5.680558e-7,7.802723e-7,46.721,9.630447e-7,0,0,0,0
4073,1780760000298,13.294,0,5.056771e-7,5.937615e-7,7.799116e-7,49.581,9.622782e-7,0,0,0,0
4074,1780760000347,12.459,0,4.845369e-7,6.238148e-7,7.898866e-7,52.162,9.612959e-7,0,0,0,0
4075,1780760000397,13.245,0,4.562593e-7,6.487854e-7,7.931552e-7,54.883,9.605826e-7,0,0,0,0
4076,1780760000448,13.287,0,4.400508e-7,6.863608e-7,8.153134e-7,57.335,9.596669e-7,0,0,0,0
4077,1780760000499,13.237,0,4.129075e-7,7.085166e-7,8.200539e-7,59.767,9.590164e-7,0,0,0,0
4078,1780760000549,13.905,0,3.926852e-7,7.327680e-7,8.313547e-7,61.813,9.584020e-7,0,0,0,0
4079,1780760000598,12.651,0,3.712874e-7,7.554724e-7,8.417796e-7,63.828,9.576249e-7,0,0,0,0
4080,1780760000647,12.044,0,3.475277e-7,7.755363e-7,8.498424e-7,65.862,9.570732e-7,0,0,0,0
4081,1780760000697,13.370,0,3.275248e-7,7.991160e-7,8.636312e-7,67.713,9.563746e-7,0,0,0,0
4082,1780760000748,13.239,0,3.094504e-7,8.130474e-7,8.699457e-7,69.163,9.558738e-7,0,0,0,0
4083,1780760000799,13.213,0,3.013343e-7,8.401849e-7,8.925879e-7,70.270,9.552230e-7,0,0,0,0
4084,1780760000848,12.012,0,2.832007e-7,8.531960e-7,8.989694e-7,71.637,9.547347e-7,0,0,0,0
4085,1780760000898,13.313,0,2.669576e-7,8.704542e-7,9.104707e-7,72.950,9.542571e-7,0,0,0,0
4086,1780760000946,12.729,0,2.431003e-7,8.781358e-7,9.111642e-7,74.526,9.536326e-7,0,0,0,0
4087,1780760000995,14.551,0,2.145221e-7,8.799284e-7,9.057006e-7,76.299,9.531840e-7,0,0,0,0
4088,1780760001045,13.247,0,1.898652e-7,8.894220e-7,9.094615e-7,77.950,9.526063e-7,0,0,0,0
4089,1780760001096,13.339,0,1.570822e-7,8.844392e-7,8.982803e-7,79.929,9.521907e-7,0,0,0,0
4090,1780760001147,13.218,0,1.330192e-7,8.931905e-7,9.030412e-7,81.529,9.518012e-7,0,0,0,0
4091,1780760001197,14.288,0,1.033910e-7,8.852930e-7,8.913099e-7,83.339,9.513147e-7,0,0,0,0
4092,1780760001245,13.799,0,7.642768e-8,8.706929e-7,8.740408e-7,84.984,9.509858e-7,0,0,0,0
4093,1780760001295,12.374,0,5.385270e-8,8.513561e-7,8.530576e-7,86.381,9.505857e-7,0,0,0,0
4094,1780760001344,13.494,0,3.104153e-8,8.233622e-7,8.239472e-7,87.841,9.503227e-7,0,0,0,0
4095,1780760001395,13.849,0,2.332656e-8,8.060688e-7,8.064062e-7,88.342,9.500943e-7,0,0,0,0
4096,1780760001447,13.266,0,1.128364e-8,7.787596e-7,7.788413e-7,89.170,9.498274e-7,0,0,0,0
4097,1780760001495,12.464,0,1.548119e-8,7.649393e-7,7.650959e-7,88.841,9.496610e-7,0,0,0,0
4098,1780760001546,13.283,0,1.920315e-8,7.443767e-7,7.446243e-7,88.522,9.494335e-7,0,0,0,0
4099,1780760001595,11.826,0,2.539571e-8,7.261605e-7,7.266044e-7,87.997,9.492653e-7,0,0,0,0
4100,1780760001645,13.439,0,3.509759e-8,7.122941e-7,7.131583e-7,87.179,9.490406e-7,0,0,0,0
4101,1780760001696,13.341,0,4.916718e-8,6.892495e-7,6.910009e-7,85.920,9.488729e-7,0,0,0,0
4102,1780760001746,14.262,0,7.094384e-8,6.780847e-7,6.817858e-7,84.027,9.486964e-7,0,0,0,0
4103,1780760001796,14.589,0,8.647148e-8,6.511697e-7,6.568861e-7,82.436,9.484401e-7,0,0,0,0
4104,1780760001847,14.397,0,1.037447e-7,6.300656e-7,6.385496e-7,80.650,9.482458e-7,0,0,0,0
4105,1780760001898,11.898,0,1.138169e-7,6.103984e-7,6.209191e-7,79.438,9.479896e-7,0,0,0,0
4106,1780760001948,13.282,0,1.224442e-7,5.886909e-7,6.012899e-7,78.250,9.478142e-7,0,0,0,0
4107,1780760001998,13.661,0,1.386705e-7,5.747400e-7,5.912323e-7,76.435,9.476417e-7,0,0,0,0
4108,1780760002049,13.557,0,1.481713e-7,5.485224e-7,5.681827e-7,74.884,9.474058e-7,0,0,0,0
4109,1780760002099,14.426,0,1.647130e-7,5.357057e-7,5.604560e-7,72.909,9.472190e-7,0,0,0,0
4110,1780760002149,12.907,0,1.718404e-7,5.135399e-7,5.415278e-7,71.499,9.469443e-7,0,0,0,0
4111,1780760002198,12.045,0,1.754110e-7,5.005801e-7,5.304239e-7,70.689,9.467414e-7,0,0,0,0
4112,1780760002247,13.994,0,1.821093e-7,4.858213e-7,5.188315e-7,69.452,9.465340e-7,0,0,0,0
4113,1780760002297,14.571,0,1.885433e-7,4.688240e-7,5.053162e-7,68.092,9.462462e-7,0,0,0,0
4114,1780760002348,11.942,0,2.004511e-7,4.629389e-7,5.044730e-7,66.588,9.460159e-7,0,0,0,0
4115,1780760002398,13.209,0,2.071597e-7,4.428795e-7,4.889350e-7,64.932,9.456834e-7,0,0,0,0
4116,1780760002447,12.373,0,2.269756e-7,4.379379e-7,4.932621e-7,62.603,9.454184e-7,0,0,0,0
4117,1780760002497,13.332,0,2.444344e-7,4.266713e-7,4.917281e-7,60.192,9.450282e-7,0,0,0,0
4118,1780760002548,13.189,0,2.613065e-7,4.241116e-7,4.981484e-7,58.362,9.447082e-7,0,0,0,0
4119,1780760002597,11.807,0,2.761476e-7,4.291863e-7,5.103513e-7,57.242,9.443622e-7,0,0,0,0
4120,1780760002645,14.556,0,2.778923e-7,4.373022e-7,5.181287e-7,57.565,9.438748e-7,0,0,0,0
4121,1780760002695,13.105,0,2.855871e-7,4.629317e-7,5.439354e-7,58.329,9.434989e-7,0,0,0,0
4122,1780760002746,13.275,0,2.820242e-7,4.795861e-7,5.563636e-7,59.542,9.429844e-7,0,0,0,0
4123,1780760002797,13.280,0,2.854076e-7,5.089786e-7,5.835381e-7,60.719,9.425993e-7,0,0,0,0
4124,1780760002845,12.762,0,2.809661e-7,5.292066e-7,5.991674e-7,62.035,9.422100e-7,0,0,0,0
4125,1780760002894,12.079,0,2.728434e-7,5.457491e-7,6.101521e-7,63.438,9.417057e-7,0,0,0,0
4126,1780760002943,14.199,0,2.655001e-7,5.691509e-7,6.280311e-7,64.992,9.413415e-7,0,0,0,0
4127,1780760002993,14.587,0,2.525615e-7,5.813544e-7,6.338456e-7,66.518,9.408734e-7,0,0,0,0
4128,1780760003044,14.598,0,2.456308e-7,6.106553e-7,6.582054e-7,68.088,9.405216e-7,0,0,0,0
4129,1780760003095,14.560,0,2.260195e-7,6.252302e-7,6.648290e-7,70.125,9.401628e-7,0,0,0,0
4130,1780760003146,14.495,0,2.025770e-7,6.396514e-7,6.709630e-7,72.427,9.396980e-7,0,0,0,0
4131,1780760003197,11.857,0,1.845512e-7,6.585351e-7,6.839061e-7,74.345,9.393615e-7,0,0,0,0
4132,1780760003247,12.679,0,1.652002e-7,6.737105e-7,6.936692e-7,76.222,9.389328e-7,0,0,0,0
4133,1780760003296,14.505,0,1.544026e-7,7.016593e-7,7.184469e-7,77.590,9.386270e-7,0,0,0,0
4134,1780760003347,14.516,0,1.362140e-7,7.128428e-7,7.257404e-7,79.182,9.382165e-7,0,0,0,0
4135,1780760003398,11.881,0,1.252122e-7,7.403768e-7,7.508901e-7,80.401,9.379181e-7,0,0,0,0
4136,1780760003448,13.375,0,1.088913e-7,7.605680e-7,7.683235e-7,81.852,9.376226e-7,0,0,0,0
4137,1780760003498,13.959,0,8.931864e-8,7.801225e-7,7.852190e-7,83.468,9.372483e-7,0,0,0,0
4138,1780760003547,12.452,0,7.047579e-8,8.029222e-7,8.060092e-7,84.984,9.369805e-7,0,0,0,0
4139,1780760003598,13.370,0,5.408323e-8,8.203677e-7,8.221485e-7,86.228,9.366376e-7,0,0,0,0
4140,1780760003649,13.235,0,3.625096e-8,8.490277e-7,8.498013e-7,87.555,9.363959e-7,0,0,0,0
4141,1780760003699,13.592,0,1.163634e-8,8.600710e-7,8.601497e-7,89.225,9.361785e-7,0,0,0,0
4142,1780760003751,13.330,0,-7.657655e-9,8.759989e-7,8.760324e-7,90.501,9.359370e-7,0,0,0,0
4143,1780760003802,13.217,0,-3.096318e-8,8.784201e-7,8.789657e-7,92.019,9.357980e-7,0,0,0,0
4144,1780760003853,13.272,0,-5.577825e-8,8.795027e-7,8.812696e-7,93.629,9.356953e-7,0,0,0,0
4145,1780760003904,13.300,0,-7.545685e-8,8.827840e-7,8.860031e-7,94.886,9.356704e-7,0,0,0,0
4146,1780760003954,14.447,0,-9.312092e-8,8.706285e-7,8.755944e-7,96.105,9.356739e-7,0,0,0,0
4147,1780760004003,12.495,0,-1.041151e-7,8.689010e-7,8.751165e-7,96.833,9.357011e-7,0,0,0,0
4148,1780760004053,13.574,0,-1.234655e-7,8.461937e-7,8.551535e-7,98.301,9.357364e-7,0,0,0,0
4149,1780760004104,14.291,0,-1.379918e-7,8.259389e-7,8.373869e-7,99.485,9.358354e-7,0,0,0,0
4150,1780760004152,13.671,0,-1.516985e-7,7.968929e-7,8.112033e-7,100.778,9.359409e-7,0,0,0,0
4151,1780760004201,13.242,0,-1.593210e-7,7.642872e-7,7.807164e-7,101.775,9.361060e-7,0,0,0,0
4152,1780760004250,11.928,0,-1.601219e-7,7.434593e-7,7.605069e-7,102.154,9.362152e-7,0,0,0,0
4153,1780760004299,13.568,0,-1.581063e-7,7.152667e-7,7.325326e-7,102.465,9.363078e-7,0,0,0,0
4154,1780760004349,11.718,0,-1.458667e-7,7.044553e-7,7.193986e-7,101.699,9.363924e-7,0,0,0,0
4155,1780760004399,13.280,0,-1.338668e-7,6.826108e-7,6.956133e-7,101.095,9.364052e-7,0,0,0,0
4156,1780760004449,13.611,0,-1.125577e-7,6.683793e-7,6.777907e-7,99.559,9.363228e-7,0,0,0,0
4157,1780760004500,13.524,0,-9.145525e-8,6.565462e-7,6.628854e-7,97.930,9.361561e-7,0,0,0,0
4158,1780760004549,12.632,0,-6.960331e-8,6.497583e-7,6.534757e-7,96.114,9.359025e-7,0,0,0,0
4159,1780760004600,13.315,0,-4.221216e-8,6.535951e-7,6.549568e-7,93.695,9.354119e-7,0,0,0,0
4160,1780760004649,14.566,0,-2.115384e-8,6.440533e-7,6.444006e-7,91.881,9.349383e-7,0,0,0,0
4161,1780760004700,14.447,0,8.201855e-9,6.494829e-7,6.495347e-7,89.276,9.341941e-7,0,0,0,0
4162,1780760004750,12.722,0,3.810433e-8,6.492518e-7,6.503690e-7,86.641,9.335228e-7,0,0,0,0
4163,1780760004800,13.538,0,6.674428e-8,6.430190e-7,6.464737e-7,84.074,9.327446e-7,0,0,0,0
4164,1780760004852,13.318,0,9.418244e-8,6.428266e-7,6.496895e-7,81.665,9.315600e-7,0,0,0,0
4165,1780760004903,13.302,0,1.160464e-7,6.276026e-7,6.382411e-7,79.524,9.305821e-7,0,0,0,0
4166,1780760004953,13.370,0,1.383863e-7,6.313250e-7,6.463142e-7,77.636,9.291740e-7,0,0,0,0
4167,1780760005003,11.994,0,1.481166e-7,6.328940e-7,6.499949e-7,76.828,9.280634e-7,0,0,0,0
4168,1780760005051,14.553,0,1.548760e-7,6.500240e-7,6.682198e-7,76.598,9.265287e-7,0,0,0,0
4169,1780760005102,11.641,0,1.577848e-7,6.649468e-7,6.834108e-7,76.651,9.253466e-7,0,0,0,0
4170,1780760005152,13.017,0,1.552043e-7,6.825726e-7,6.999955e-7,77.190,9.241427e-7,0,0,0,0
4171,1780760005202,13.534,0,1.545172e-7,7.125408e-7,7.291022e-7,77.765,9.225216e-7,0,0,0,0
4172,1780760005252,11.962,0,1.453294e-7,7.320946e-7,7.463800e-7,78.772,9.213260e-7,0,0,0,0
4173,1780760005301,14.338,0,1.342713e-7,7.655323e-7,7.772185e-7,80.052,9.197665e-7,0,0,0,0
4174,1780760005352,14.402,0,1.175592e-7,7.888168e-7,7.975287e-7,81.523,9.186248e-7,0,0,0,0
4175,1780760005402,14.531,0,1.021779e-7,8.240598e-7,8.303703e-7,82.932,9.175054e-7,0,0,0,0
4176,1780760005453,14.427,0,8.230013e-8,8.526352e-7,8.565979e-7,84.487,9.160400e-7,0,0,0,0
4177,1780760005503,12.463,0,6.021646e-8,8.683460e-7,8.704314e-7,86.033,9.149701e-7,0,0,0,0
4178,1780760005553,13.409,0,3.509172e-8,8.949294e-7,8.956172e-7,87.754,9.135856e-7,0,0,0,0
4179,1780760005603,12.360,0,3.005790e-9,9.039824e-7,9.039874e-7,89.809,9.125934e-7,0,0,0,0
4180,1780760005652,14.317,0,-2.940872e-8,9.216139e-7,9.220830e-7,91.828,9.116526e-7,0,0,0,0
4181,1780760005702,14.527,0,-6.311700e-8,9.235661e-7,9.257203e-7,93.910,9.104945e-7,0,0,0,0
4182,1780760005753,14.432,0,-8.977764e-8,9.297754e-7,9.340998e-7,95.515,9.096944e-7,0,0,0,0
4183,1780760005804,14.462,0,-1.127374e-7,9.298916e-7,9.367006e-7,96.913,9.087136e-7,0,0,0,0
4184,1780760005855,11.788,0,-1.287516e-7,9.191751e-7,9.281486e-7,97.974,9.080217e-7,0,0,0,0
4185,1780760005903,14.489,0,-1.417894e-7,9.106598e-7,9.216320e-7,98.850,9.070937e-7,0,0,0,0
4186,1780760005954,12.470,0,-1.603101e-7,8.778326e-7,8.923505e-7,100.349,9.064012e-7,0,0,0,0
4187,1780760006003,13.496,0,-1.705464e-7,8.593169e-7,8.760774e-7,101.225,9.057351e-7,0,0,0,0
4188,1780760006052,12.674,0,-1.772375e-7,8.292951e-7,8.480233e-7,102.064,9.048952e-7,0,0,0,0
4189,1780760006101,12.289,0,-1.777947e-7,8.044333e-7,8.238470e-7,102.463,9.042965e-7,0,0,0,0
4190,1780760006149,14.571,0,-1.702063e-7,7.806916e-7,7.990303e-7,102.299,9.035023e-7,0,0,0,0
4191,1780760006198,13.453,0,-1.631402e-7,7.485994e-7,7.661696e-7,102.294,9.028760e-7,0,0,0,0
4192,1780760006249,14.041,0,-1.517514e-7,7.329789e-7,7.485230e-7,101.697,9.022169e-7,0,0,0,0
4193,1780760006297,13.795,0,-1.451066e-7,7.006757e-7,7.155434e-7,101.700,9.012941e-7,0,0,0,0
4194,1780760006348,13.767,0,-1.336479e-7,6.814457e-7,6.944278e-7,101.096,9.005698e-7,0,0,0,0
4195,1780760006400,13.276,0,-1.216441e-7,6.594480e-7,6.705736e-7,100.451,8.995533e-7,0,0,0,0
4196,1780760006449,14.559,0,-1.065258e-7,6.290079e-7,6.379645e-7,99.612,8.987590e-7,0,0,0,0
4197,1780760006499,12.651,0,-9.640076e-8,6.152847e-7,6.227908e-7,98.905,8.976506e-7,0,0,0,0
4198,1780760006550,13.331,0,-9.325738e-8,5.934644e-7,6.007470e-7,98.930,8.968151e-7,0,0,0,0
4199,1780760006601,13.196,0,-9.076008e-8,5.953626e-7,6.022409e-7,98.668,8.959846e-7,0,0,0,0
4200,1780760006652,13.417,0,-8.910924e-8,5.897062e-7,5.964007e-7,98.593,8.948819e-7,0,0,0,0
4201,1780760006700,12.682,0,-8.035846e-8,5.992743e-7,6.046380e-7,97.637,8.940375e-7,0,0,0,0
4202,1780760006749,14.587,0,-7.305481e-8,6.155245e-7,6.198447e-7,96.769,8.928747e-7,0,0,0,0
4203,1780760006800,12.320,0,-7.104247e-8,6.320118e-7,6.359921e-7,96.414,8.920000e-7,0,0,0,0
4204,1780760006848,14.526,0,-6.921456e-8,6.629496e-7,6.665529e-7,95.960,8.911395e-7,0,0,0,0
4205,1780760006897,14.172,0,-7.388738e-8,6.849810e-7,6.889546e-7,96.157,8.900319e-7,0,0,0,0
4206,1780760006947,12.377,0,-7.638435e-8,7.181799e-7,7.222305e-7,96.071,8.892230e-7,0,0,0,0
4207,1780760006996,13.783,0,-8.271195e-8,7.437061e-7,7.482915e-7,96.346,8.881676e-7,0,0,0,0
4208,1780760007047,14.345,0,-8.759615e-8,7.773581e-7,7.822779e-7,96.429,8.874072e-7,0,0,0,0
4209,1780760007097,12.000,0,-9.029069e-8,8.136948e-7,8.186890e-7,96.332,8.866685e-7,0,0,0,0
4210,1780760007146,14.153,0,-1.013853e-7,8.383951e-7,8.445030e-7,96.895,8.857433e-7,0,0,0,0
4211,1780760007196,14.547,0,-1.155730e-7,8.752485e-7,8.828460e-7,97.522,8.850942e-7,0,0,0,0
4212,1780760007247,14.473,0,-1.330692e-7,8.946733e-7,9.045152e-7,98.460,8.842991e-7,0,0,0,0
4213,1780760007298,11.748,0,-1.541475e-7,9.203847e-7,9.332038e-7,99.508,8.837502e-7,0,0,0,0
4214,1780760007348,13.282,0,-1.723105e-7,9.313723e-7,9.471776e-7,100.482,8.830833e-7,0,0,0,0
4215,1780760007399,13.310,0,-1.852605e-7,9.374977e-7,9.556273e-7,101.178,8.826304e-7,0,0,0,0
4216,1780760007450,13.365,0,-2.009723e-7,9.417495e-7,9.629549e-7,102.046,8.821997e-7,0,0,0,0
4217,1780760007498,12.580,0,-2.200959e-7,9.304895e-7,9.561658e-7,103.308,8.816874e-7,0,0,0,0
4218,1780760007547,14.656,0,-2.460009e-7,9.290474e-7,9.610648e-7,104.831,8.813532e-7,0,0,0,0
4219,1780760007598,11.933,0,-2.722125e-7,9.101340e-7,9.499703e-7,106.651,8.809871e-7,0,0,0,0
4220,1780760007647,14.340,0,-2.878360e-7,9.004259e-7,9.453129e-7,107.727,8.807529e-7,0,0,0,0
4221,1780760007697,11.874,0,-2.971622e-7,8.808530e-7,9.296275e-7,108.642,8.805247e-7,0,0,0,0
4222,1780760007747,13.159,0,-3.047262e-7,8.585669e-7,9.110407e-7,109.541,8.802380e-7,0,0,0,0
4223,1780760007798,13.297,0,-3.113512e-7,8.399245e-7,8.957749e-7,110.339,8.800287e-7,0,0,0,0
4224,1780760007847,11.843,0,-3.256595e-7,8.085225e-7,8.716437e-7,111.939,8.797964e-7,0,0,0,0
4225,1780760007897,13.307,0,-3.282646e-7,7.908367e-7,8.562595e-7,112.543,8.796504e-7,0,0,0,0
4226,1780760007948,13.369,0,-3.253232e-7,7.588999e-7,8.256901e-7,113.204,8.795010e-7,0,0,0,0
4227,1780760007996,12.634,0,-3.086647e-7,7.353205e-7,7.974773e-7,112.771,8.792789e-7,0,0,0,0
4228,1780760008047,13.329,0,-2.813820e-7,7.117426e-7,7.653452e-7,111.571,8.790415e-7,0,0,0,0
4229,1780760008095,12.515,0,-2.508970e-7,6.839963e-7,7.285604e-7,110.144,8.785942e-7,0,0,0,0
4230,1780760008146,13.321,0,-2.193829e-7,6.761253e-7,7.108265e-7,107.977,8.781542e-7,0,0,0,0
4231,1780760008197,13.279,0,-1.892486e-7,6.554693e-7,6.822427e-7,106.105,8.774679e-7,0,0,0,0
4232,1780760008245,12.547,0,-1.585420e-7,6.545876e-7,6.735135e-7,103.615,8.768793e-7,0,0,0,0
4233,1780760008293,12.373,0,-1.233361e-7,6.549732e-7,6.664846e-7,100.664,8.762370e-7,0,0,0,0
4234,1780760008344,13.312,0,-9.087478e-8,6.630562e-7,6.692546e-7,97.804,8.752773e-7,0,0,0,0
4235,1780760008395,13.302,0,-6.854111e-8,6.801294e-7,6.835744e-7,95.755,8.744668e-7,0,0,0,0
4236,1780760008445,13.486,0,-5.571206e-8,6.922628e-7,6.945010e-7,94.601,8.733146e-7,0,0,0,0
4237,1780760008494,12.796,0,-5.461528e-8,7.207561e-7,7.228224e-7,94.333,8.724069e-7,0,0,0,0
4238,1780760008545,13.300,0,-5.872179e-8,7.389417e-7,7.412713e-7,94.544,8.714913e-7,0,0,0,0
4239,1780760008596,13.269,0,-6.693087e-8,7.708440e-7,7.737443e-7,94.962,8.702678e-7,0,0,0,0
4240,1780760008647,13.363,0,-8.091430e-8,7.962194e-7,8.003202e-7,95.803,8.693589e-7,0,0,0,0
4241,1780760008698,13.319,0,-9.605081e-8,8.202864e-7,8.258907e-7,96.679,8.682077e-7,0,0,0,0
4242,1780760008747,11.741,0,-1.139882e-7,8.446536e-7,8.523104e-7,97.686,8.673873e-7,0,0,0,0
4243,1780760008797,13.285,0,-1.384115e-7,8.628334e-7,8.738645e-7,99.113,8.666344e-7,0,0,0,0
4244,1780760008845,12.533,0,-1.622607e-7,8.924661e-7,9.070966e-7,100.304,8.657352e-7,0,0,0,0
4245,1780760008895,13.978,0,-1.820868e-7,8.996987e-7,9.179397e-7,101.441,8.651401e-7,0,0,0,0
4246,1780760008945,14.472,0,-1.975989e-7,9.131565e-7,9.342912e-7,102.210,8.644466e-7,0,0,0,0
4247,1780760008995,12.546,0,-2.148468e-7,9.090412e-7,9.340851e-7,103.298,8.639897e-7,0,0,0,0
4248,1780760009045,14.127,0,-2.307868e-7,8.954535e-7,9.247159e-7,104.452,8.635048e-7,0,0,0,0
4249,1780760009095,14.576,0,-2.458973e-7,8.922386e-7,9.255027e-7,105.408,8.632080e-7,0,0,0,0
4250,1780760009146,11.708,0,-2.573838e-7,8.703414e-7,9.076016e-7,106.474,8.629661e-7,0,0,0,0
4251,1780760009195,13.467,0,-2.682244e-7,8.626439e-7,9.033819e-7,107.272,8.626917e-7,0,0,0,0
4252,1780760009244,12.360,0,-2.794287e-7,8.295513e-7,8.753489e-7,108.616,8.625134e-7,0,0,0,0
4253,1780760009294,14.184,0,-2.917077e-7,7.996815e-7,8.512249e-7,110.041,8.623351e-7,0,0,0,0
4254,1780760009344,14.493,0,-2.958436e-7,7.731575e-7,8.278261e-7,110.939,8.622266e-7,0,0,0,0
4255,1780760009395,14.473,0,-2.932146e-7,7.404260e-7,7.963702e-7,111.604,8.621267e-7,0,0,0,0
4256,1780760009446,14.462,0,-2.916692e-7,7.235385e-7,7.801147e-7,111.955,8.619517e-7,0,0,0,0
4257,1780760009497,14.575,0,-2.811203e-7,6.906617e-7,7.456824e-7,112.148,8.617692e-7,0,0,0,0
4258,1780760009548,14.580,0,-2.633450e-7,6.750546e-7,7.246029e-7,111.311,8.614032e-7,0,0,0,0
4259,1780760009599,14.643,0,-2.437081e-7,6.590642e-7,7.026800e-7,110.293,8.610402e-7,0,0,0,0
4260,1780760009648,13.775,0,-2.252849e-7,6.478196e-7,6.858743e-7,109.176,8.606171e-7,0,0,0,0
4261,1780760009697,12.624,0,-2.127290e-7,6.487440e-7,6.827316e-7,108.155,8.599697e-7,0,0,0,0
4262,1780760009748,13.267,0,-2.073772e-7,6.402761e-7,6.730221e-7,107.946,8.594658e-7,0,0,0,0
4263,1780760009797,11.744,0,-2.035172e-7,6.488934e-7,6.800602e-7,107.413,8.587652e-7,0,0,0,0
4264,1780760009846,14.003,0,-1.990868e-7,6.453944e-7,6.754032e-7,107.144,8.582348e-7,0,0,0,0
4265,1780760009896,14.488,0,-1.971488e-7,6.519510e-7,6.811077e-7,106.825,8.575109e-7,0,0,0,0
4266,1780760009947,12.120,0,-1.972243e-7,6.586769e-7,6.875702e-7,106.669,8.569630e-7,0,0,0,0
4267,1780760009996,14.170,0,-2.028018e-7,6.684578e-7,6.985444e-7,106.877,8.564385e-7,0,0,0,0
4268,1780760010046,14.477,0,-2.138103e-7,6.873368e-7,7.198241e-7,107.279,8.557627e-7,0,0,0,0
4269,1780760010097,11.807,0,-2.265921e-7,6.964960e-7,7.324279e-7,108.021,8.553067e-7,0,0,0,0
4270,1780760010145,14.491,0,-2.427094e-7,7.324410e-7,7.716072e-7,108.334,8.547637e-7,0,0,0,0
4271,1780760010196,11.725,0,-2.618050e-7,7.472355e-7,7.917719e-7,109.309,8.544189e-7,0,0,0,0
4272,1780760010245,14.228,0,-2.792458e-7,7.647682e-7,8.141552e-7,110.059,8.541326e-7,0,0,0,0
4273,1780760010295,12.348,0,-2.950924e-7,7.828503e-7,8.366207e-7,110.654,8.538155e-7,0,0,0,0
4274,1780760010344,14.108,0,-3.105674e-7,7.951279e-7,8.536278e-7,111.335,8.536390e-7,0,0,0,0
4275,1780760010394,11.932,0,-3.331591e-7,8.213029e-7,8.863032e-7,112.080,8.534647e-7,0,0,0,0
4276,1780760010444,13.251,0,-3.535232e-7,8.293385e-7,9.015436e-7,113.087,8.534253e-7,0,0,0,0
4277,1780760010495,13.331,0,-3.738436e-7,8.458393e-7,9.247719e-7,113.844,8.534473e-7,0,0,0,0
4278,1780760010546,13.314,0,-3.911187e-7,8.478399e-7,9.337057e-7,114.764,8.535521e-7,0,0,0,0
4279,1780760010596,13.760,0,-4.052208e-7,8.417761e-7,9.342328e-7,115.706,8.536911e-7,0,0,0,0
4280,1780760010648,13.298,0,-4.198168e-7,8.367722e-7,9.361805e-7,116.643,8.539056e-7,0,0,0,0
4281,1780760010697,14.596,0,-4.311168e-7,8.221976e-7,9.283698e-7,117.670,8.541005e-7,0,0,0,0
4282,1780760010748,11.760,0,-4.416985e-7,8.148685e-7,9.268809e-7,118.460,8.543694e-7,0,0,0,0
4283,1780760010796,14.495,0,-4.424934e-7,7.850949e-7,9.012072e-7,119.406,8.545896e-7,0,0,0,0
4284,1780760010848,14.242,0,-4.350375e-7,7.663561e-7,8.812260e-7,119.582,8.547982e-7,0,0,0,0
4285,1780760010898,11.951,0,-4.207729e-7,7.463026e-7,8.567481e-7,119.415,8.550055e-7,0,0,0,0
4286,1780760010948,13.250,0,-4.030759e-7,7.195326e-7,8.247407e-7,119.257,8.550963e-7,0,0,0,0
4287,1780760010999,13.331,0,-3.861466e-7,7.050428e-7,8.038622e-7,118.709,8.550878e-7,0,0,0,0
4288,1780760011050,13.350,0,-3.646820e-7,6.769614e-7,7.689406e-7,118.312,8.550172e-7,0,0,0,0
4289,1780760011099,12.385,0,-3.483518e-7,6.615450e-7,7.476568e-7,117.770,8.548739e-7,0,0,0,0
4290,1780760011148,13.605,0,-3.195223e-7,6.434391e-7,7.184069e-7,116.408,8.545809e-7,0,0,0,0
4291,1780760011200,13.240,0,-2.948442e-7,6.354264e-7,7.004997e-7,114.892,8.542561e-7,0,0,0,0
4292,1780760011249,12.123,0,-2.768418e-7,6.345844e-7,6.923430e-7,113.570,8.537024e-7,0,0,0,0
4293,1780760011299,13.325,0,-2.612246e-7,6.260181e-7,6.783340e-7,112.650,8.532344e-7,0,0,0,0
4294,1780760011348,14.594,0,-2.548216e-7,6.380723e-7,6.870737e-7,111.770,8.527172e-7,0,0,0,0
4295,1780760011399,11.815,0,-2.520806e-7,6.414433e-7,6.891982e-7,111.454,8.520568e-7,0,0,0,0
4296,1780760011448,13.815,0,-2.567766e-7,6.611083e-7,7.092238e-7,111.226,8.515884e-7,0,0,0,0
4297,1780760011500,13.343,0,-2.613053e-7,6.789879e-7,7.275336e-7,111.049,8.510194e-7,0,0,0,0
4298,1780760011551,13.225,0,-2.715716e-7,7.000673e-7,7.508964e-7,111.202,8.506318e-7,0,0,0,0
4299,1780760011600,12.366,0,-2.876223e-7,7.301322e-7,7.847417e-7,111.501,8.501524e-7,0,0,0,0
4300,1780760011649,14.128,0,-3.014414e-7,7.557142e-7,8.136159e-7,111.746,8.498399e-7,0,0,0,0
4301,1780760011699,14.561,0,-3.245503e-7,7.892154e-7,8.533428e-7,112.354,8.495548e-7,0,0,0,0
4302,1780760011749,12.523,0,-3.445066e-7,8.026527e-7,8.734622e-7,113.229,8.492711e-7,0,0,0,0
4303,1780760011799,14.108,0,-3.643842e-7,8.195946e-7,8.969455e-7,113.969,8.491170e-7,0,0,0,0
4304,1780760011848,12.623,0,-3.858983e-7,8.296553e-7,9.150111e-7,114.945,8.489784e-7,0,0,0,0
4305,1780760011899,13.229,0,-4.066878e-7,8.301873e-7,9.244490e-7,116.099,8.489314e-7,0,0,0,0
4306,1780760011949,13.598,0,-4.316535e-7,8.369038e-7,9.416648e-7,117.284,8.489149e-7,0,0,0,0
4307,1780760011999,11.726,0,-4.516724e-7,8.263024e-7,9.416918e-7,118.662,8.489860e-7,0,0,0,0
4308,1780760012049,13.409,0,-4.742576e-7,8.246501e-7,9.512981e-7,119.903,8.490941e-7,0,0,0,0
4309,1780760012099,13.558,0,-4.956967e-7,7.987599e-7,9.400705e-7,121.823,8.493538e-7,0,0,0,0
4310,1780760012149,14.515,0,-5.156875e-7,7.744253e-7,9.304128e-7,123.660,8.496354e-7,0,0,0,0
4311,1780760012199,12.899,0,-5.289782e-7,7.522559e-7,9.196233e-7,125.114,8.501105e-7,0,0,0,0
4312,1780760012250,13.202,0,-5.312786e-7,7.210007e-7,8.955997e-7,126.385,8.505379e-7,0,0,0,0
4313,1780760012298,12.854,0,-5.252992e-7,7.085572e-7,8.820388e-7,126.552,8.509654e-7,0,0,0,0
4314,1780760012347,12.216,0,-5.123553e-7,6.845932e-7,8.550882e-7,126.811,8.515488e-7,0,0,0,0
4315,1780760012397,13.318,0,-5.011416e-7,6.741645e-7,8.400242e-7,126.625,8.519550e-7,0,0,0,0
4316,1780760012446,14.434,0,-4.839360e-7,6.580219e-7,8.168150e-7,126.332,8.524435e-7,0,0,0,0
4317,1780760012497,14.541,0,-4.683002e-7,6.473057e-7,7.989429e-7,125.884,8.527492e-7,0,0,0,0
4318,1780760012548,11.783,0,-4.489282e-7,6.425821e-7,7.838675e-7,124.939,8.529979e-7,0,0,0,0
4319,1780760012598,13.360,0,-4.225925e-7,6.358439e-7,7.634671e-7,123.609,8.532349e-7,0,0,0,0
4320,1780760012646,12.423,0,-4.102152e-7,6.488623e-7,7.676580e-7,122.301,8.533062e-7,0,0,0,0
4321,1780760012695,14.572,0,-3.962678e-7,6.484021e-7,7.599036e-7,121.431,8.533308e-7,0,0,0,0
4322,1780760012746,14.516,0,-3.836294e-7,6.635831e-7,7.664946e-7,120.033,8.532810e-7,0,0,0,0
4323,1780760012797,11.941,0,-3.728622e-7,6.787302e-7,7.744036e-7,118.782,8.531971e-7,0,0,0,0
4324,1780760012847,13.245,0,-3.633314e-7,6.954499e-7,7.846402e-7,117.584,8.530792e-7,0,0,0,0
4325,1780760012897,13.522,0,-3.592355e-7,7.188870e-7,8.036471e-7,116.552,8.529758e-7,0,0,0,0
4326,1780760012949,13.232,0,-3.544799e-7,7.267832e-7,8.086221e-7,116.000,8.528447e-7,0,0,0,0
4327,1780760012999,13.616,0,-3.632474e-7,7.538044e-7,8.367614e-7,115.729,8.527247e-7,0,0,0,0
4328,1780760013048,12.560,0,-3.776228e-7,7.810024e-7,8.675043e-7,115.804,8.525871e-7,0,0,0,0
4329,1780760013098,14.293,0,-4.004387e-7,8.106156e-7,9.041288e-7,116.289,8.525089e-7,0,0,0,0
4330,1780760013148,11.792,0,-4.239251e-7,8.360184e-7,9.373576e-7,116.888,8.524585e-7,0,0,0,0
4331,1780760013197,13.602,0,-4.426681e-7,8.465512e-7,9.553031e-7,117.605,8.524661e-7,0,0,0,0
4332,1780760013248,13.499,0,-4.663593e-7,8.589974e-7,9.774291e-7,118.498,8.525048e-7,0,0,0,0
4333,1780760013298,12.015,0,-4.829707e-7,8.492574e-7,9.769845e-7,119.627,8.526058e-7,0,0,0,0
4334,1780760013348,13.204,0,-4.989298e-7,8.462613e-7,9.823895e-7,120.522,8.526872e-7,0,0,0,0
4335,1780760013399,13.292,0,-5.069242e-7,8.308634e-7,9.732965e-7,121.388,8.527853e-7,0,0,0,0
4336,1780760013449,13.563,0,-5.149305e-7,8.099571e-7,9.597833e-7,122.446,8.529428e-7,0,0,0,0
4337,1780760013498,12.360,0,-5.171477e-7,7.872813e-7,9.419414e-7,123.300,8.530598e-7,0,0,0,0
4338,1780760013548,13.677,0,-5.072659e-7,7.510285e-7,9.062905e-7,124.036,8.532113e-7,0,0,0,0
4339,1780760013599,14.095,0,-5.037075e-7,7.341817e-7,8.903617e-7,124.453,8.532814e-7,0,0,0,0
4340,1780760013649,14.468,0,-4.972577e-7,7.066736e-7,8.640907e-7,125.133,8.533533e-7,0,0,0,0
4341,1780760013698,13.610,0,-4.979746e-7,6.799722e-7,8.428173e-7,126.217,8.534386e-7,0,0,0,0
4342,1780760013748,14.591,0,-4.988781e-7,6.512758e-7,8.203899e-7,127.452,8.534994e-7,0,0,0,0
4343,1780760013797,13.928,0,-4.946211e-7,6.229470e-7,7.954326e-7,128.450,8.535607e-7,0,0,0,0
4344,1780760013847,14.504,0,-4.933940e-7,6.083491e-7,7.832791e-7,129.043,8.535735e-7,0,0,0,0
4345,1780760013898,11.834,0,-4.837665e-7,5.862954e-7,7.601134e-7,129.527,8.535791e-7,0,0,0,0
4346,1780760013948,13.268,0,-4.784420e-7,5.834764e-7,7.545538e-7,129.351,8.535283e-7,0,0,0,0
4347,1780760013999,13.277,0,-4.686386e-7,5.664289e-7,7.351624e-7,129.603,8.534501e-7,0,0,0,0
4348,1780760014049,13.534,0,-4.588210e-7,5.598912e-7,7.238749e-7,129.334,8.532627e-7,0,0,0,0
4349,1780760014098,13.081,0,-4.477911e-7,5.658252e-7,7.215782e-7,128.358,8.530642e-7,0,0,0,0
4350,1780760014148,13.598,0,-4.344463e-7,5.720220e-7,7.182986e-7,127.216,8.527396e-7,0,0,0,0
4351,1780760014197,12.870,0,-4.342213e-7,5.992019e-7,7.399939e-7,125.930,8.524413e-7,0,0,0,0
4352,1780760014247,14.421,0,-4.285070e-7,6.162362e-7,7.505766e-7,124.813,8.521261e-7,0,0,0,0
4353,1780760014297,14.489,0,-4.298396e-7,6.470007e-7,7.767702e-7,123.598,8.516270e-7,0,0,0,0
4354,1780760014348,14.508,0,-4.312543e-7,6.737190e-7,7.999235e-7,122.624,8.512128e-7,0,0,0,0
4355,1780760014399,14.579,0,-4.363698e-7,6.988606e-7,8.239082e-7,121.981,8.506318e-7,0,0,0,0
4356,1780760014449,12.474,0,-4.623350e-7,7.232704e-7,8.584136e-7,122.588,8.501883e-7,0,0,0,0
4357,1780760014499,13.479,0,-4.897562e-7,7.348888e-7,8.831323e-7,123.681,8.498225e-7,0,0,0,0
4358,1780760014549,12.264,0,-5.280998e-7,7.587453e-7,9.244370e-7,124.839,8.494309e-7,0,0,0,0
4359,1780760014599,13.318,0,-5.547615e-7,7.628560e-7,9.432442e-7,126.025,8.492562e-7,0,0,0,0
4360,1780760014650,13.274,0,-5.812195e-7,7.669350e-7,9.622917e-7,127.157,8.491485e-7,0,0,0,0
4361,1780760014698,12.636,0,-5.976354e-7,7.587107e-7,9.658209e-7,128.227,8.491427e-7,0,0,0,0
4362,1780760014748,13.906,0,-6.086966e-7,7.407759e-7,9.587807e-7,129.410,8.491921e-7,0,0,0,0
4363,1780760014799,13.425,0,-6.213519e-7,7.285853e-7,9.575566e-7,130.458,8.492415e-7,0,0,0,0
4364,1780760014849,14.552,0,-6.223584e-7,7.018872e-7,9.380702e-7,131.563,8.493192e-7,0,0,0,0
4365,1780760014899,12.575,0,-6.245985e-7,6.865231e-7,9.281364e-7,132.296,8.493928e-7,0,0,0,0
4366,1780760014950,13.322,0,-6.058206e-7,6.524789e-7,8.903636e-7,132.876,8.494220e-7,0,0,0,0
4367,1780760014999,14.514,0,-5.822779e-7,6.218435e-7,8.519020e-7,133.118,8.493512e-7,0,0,0,0
4368,1780760015049,12.438,0,-5.574984e-7,5.944086e-7,8.149393e-7,133.165,8.492010e-7,0,0,0,0
4369,1780760015099,13.345,0,-5.244189e-7,5.588706e-7,7.663886e-7,133.178,8.489822e-7,0,0,0,0
4370,1780760015149,14.450,0,-4.977091e-7,5.412876e-7,7.353276e-7,132.598,8.485106e-7,0,0,0,0
4371,1780760015198,14.022,0,-4.671989e-7,5.184001e-7,6.978636e-7,132.026,8.481013e-7,0,0,0,0
4372,1780760015249,14.078,0,-4.453657e-7,5.139282e-7,6.800535e-7,130.912,8.474580e-7,0,0,0,0
4373,1780760015299,12.364,0,-4.251572e-7,5.141972e-7,6.672012e-7,129.585,8.469209e-7,0,0,0,0
4374,1780760015348,13.506,0,-4.087570e-7,5.166551e-7,6.587980e-7,128.350,8.463487e-7,0,0,0,0
4375,1780760015397,12.700,0,-3.940354e-7,5.370955e-7,6.661347e-7,126.265,8.455055e-7,0,0,0,0
4376,1780760015447,13.738,0,-3.705587e-7,5.496419e-7,6.628876e-7,123.987,8.448334e-7,0,0,0,0
4377,1780760015499,13.318,0,-3.620701e-7,5.792335e-7,6.830858e-7,122.009,8.438248e-7,0,0,0,0
4378,1780760015548,14.502,0,-3.514872e-7,6.021056e-7,6.971904e-7,120.275,8.430482e-7,0,0,0,0
4379,1780760015598,12.656,0,-3.503596e-7,6.275986e-7,7.187711e-7,119.173,8.419751e-7,0,0,0,0
4380,1780760015648,13.561,0,-3.540443e-7,6.548754e-7,7.444522e-7,118.397,8.411881e-7,0,0,0,0
4381,1780760015700,13.336,0,-3.601594e-7,6.810045e-7,7.703778e-7,117.873,8.404562e-7,0,0,0,0
4382,1780760015749,14.565,0,-3.769558e-7,7.177868e-7,8.107488e-7,117.707,8.395249e-7,0,0,0,0
4383,1780760015800,11.777,0,-3.881005e-7,7.415460e-7,8.369663e-7,117.626,8.389104e-7,0,0,0,0
4384,1780760015850,13.190,0,-4.078276e-7,7.773826e-7,8.778650e-7,117.682,8.381661e-7,0,0,0,0
4385,1780760015899,14.611,0,-4.139914e-7,7.984607e-7,8.994045e-7,117.406,8.376798e-7,0,0,0,0
4386,1780760015948,13.998,0,-4.298148e-7,8.080571e-7,9.152579e-7,118.009,8.372410e-7,0,0,0,0
4387,1780760015998,14.325,0,-4.511529e-7,8.117535e-7,9.286995e-7,119.064,8.367265e-7,0,0,0,0
4388,1780760016049,14.489,0,-4.676599e-7,8.005443e-7,9.271338e-7,120.293,8.364384e-7,0,0,0,0
4389,1780760016100,11.652,0,-4.947268e-7,7.938063e-7,9.353519e-7,121.933,8.361333e-7,0,0,0,0
4390,1780760016150,13.270,0,-5.112420e-7,7.671901e-7,9.219268e-7,123.679,8.359839e-7,0,0,0,0
4391,1780760016201,13.320,0,-5.287457e-7,7.452362e-7,9.137554e-7,125.356,8.358655e-7,0,0,0,0
4392,1780760016250,12.284,0,-5.397368e-7,7.135078e-7,8.946559e-7,127.106,8.357524e-7,0,0,0,0
4393,1780760016298,14.525,0,-5.440569e-7,6.730967e-7,8.654808e-7,128.948,8.356921e-7,0,0,0,0
4394,1780760016349,14.480,0,-5.597421e-7,6.449856e-7,8.540009e-7,130.953,8.355797e-7,0,0,0,0
4395,1780760016401,14.038,0,-5.599878e-7,6.080165e-7,8.266017e-7,132.645,8.355329e-7,0,0,0,0
4396,1780760016451,14.564,0,-5.620114e-7,5.896839e-7,8.146066e-7,133.624,8.354418e-7,0,0,0,0
4397,1780760016501,12.501,0,-5.473203e-7,5.663366e-7,7.875891e-7,134.022,8.353671e-7,0,0,0,0
4398,1780760016551,13.454,0,-5.318309e-7,5.556317e-7,7.691363e-7,133.746,8.352526e-7,0,0,0,0
4399,1780760016601,14.518,0,-5.144330e-7,5.510237e-7,7.538358e-7,133.033,8.350029e-7,0,0,0,0
4400,1780760016652,14.357,0,-4.905231e-7,5.451179e-7,7.333256e-7,131.982,8.347521e-7,0,0,0,0
4401,1780760016704,14.286,0,-4.811292e-7,5.549044e-7,7.344414e-7,130.927,8.342938e-7,0,0,0,0
4402,1780760016752,13.777,0,-4.663124e-7,5.566289e-7,7.261425e-7,129.954,8.339122e-7,0,0,0,0
4403,1780760016803,13.993,0,-4.699889e-7,5.752733e-7,7.428520e-7,129.248,8.334825e-7,0,0,0,0
4404,1780760016853,14.307,0,-4.830442e-7,5.916774e-7,7.638153e-7,129.228,8.329198e-7,0,0,0,0
4405,1780760016903,12.854,0,-5.013763e-7,6.088965e-7,7.887541e-7,129.469,8.325376e-7,0,0,0,0
4406,1780760016952,11.830,0,-5.254047e-7,6.281815e-7,8.189396e-7,129.909,8.320978e-7,0,0,0,0
4407,1780760017001,14.272,0,-5.426704e-7,6.312451e-7,8.324431e-7,130.685,8.318559e-7,0,0,0,0
4408,1780760017050,13.229,0,-5.728894e-7,6.445688e-7,8.623637e-7,131.631,8.316695e-7,0,0,0,0
4409,1780760017099,14.547,0,-5.949434e-7,6.463154e-7,8.784539e-7,132.630,8.316191e-7,0,0,0,0
4410,1780760017149,12.440,0,-6.228035e-7,6.565765e-7,9.049734e-7,133.488,8.316836e-7,0,0,0,0
4411,1780760017198,11.942,0,-6.497506e-7,6.596233e-7,9.258935e-7,134.568,8.319365e-7,0,0,0,0
4412,1780760017247,14.320,0,-6.743793e-7,6.573605e-7,9.417591e-7,135.732,8.322320e-7,0,0,0,0
4413,1780760017297,11.680,0,-6.922957e-7,6.525332e-7,9.513532e-7,136.694,8.327239e-7,0,0,0,0
4414,1780760017346,13.422,0,-6.910398e-7,6.340526e-7,9.378479e-7,137.463,8.331523e-7,0,0,0,0
4415,1780760017398,13.343,0,-7.036122e-7,6.263782e-7,9.420296e-7,138.323,8.335766e-7,0,0,0,0
4416,1780760017446,12.557,0,-7.059515e-7,6.036812e-7,9.288695e-7,139.465,8.342034e-7,0,0,0,0
4417,1780760017497,13.308,0,-7.028130e-7,5.734109e-7,9.070536e-7,140.790,8.346591e-7,0,0,0,0
4418,1780760017548,13.234,0,-6.951860e-7,5.393141e-7,8.798542e-7,142.196,8.351883e-7,0,0,0,0
4419,1780760017598,13.527,0,-6.782459e-7,5.016761e-7,8.436209e-7,143.511,8.355004e-7,0,0,0,0
4420,1780760017650,13.240,0,-6.687613e-7,4.770770e-7,8.214890e-7,144.497,8.357116e-7,0,0,0,0
4421,1780760017700,13.295,0,-6.462440e-7,4.473490e-7,7.859723e-7,145.308,8.359018e-7,0,0,0,0
4422,1780760017749,12.486,0,-6.296669e-7,4.360508e-7,7.659117e-7,145.297,8.359101e-7,0,0,0,0
4423,1780760017799,13.494,0,-5.957173e-7,4.264229e-7,7.326087e-7,144.404,8.357789e-7,0,0,0,0
4424,1780760017850,13.415,0,-5.639060e-7,4.192848e-7,7.027017e-7,143.368,8.355291e-7,0,0,0,0
4425,1780760017901,13.366,0,-5.407601e-7,4.175037e-7,6.831770e-7,142.329,8.350388e-7,0,0,0,0
4426,1780760017951,12.323,0,-5.093354e-7,4.104543e-7,6.541371e-7,141.136,8.345864e-7,0,0,0,0
4427,1780760017999,14.540,0,-4.913547e-7,4.207353e-7,6.468753e-7,139.427,8.340121e-7,0,0,0,0
4428,1780760018049,12.490,0,-4.734916e-7,4.241148e-7,6.356632e-7,138.149,8.331499e-7,0,0,0,0
4429,1780760018098,11.731,0,-4.696210e-7,4.401117e-7,6.436165e-7,136.858,8.324193e-7,0,0,0,0
4430,1780760018148,13.291,0,-4.703355e-7,4.571228e-7,6.558786e-7,135.816,8.314298e-7,0,0,0,0
4431,1780760018198,13.554,0,-4.731056e-7,4.699053e-7,6.668132e-7,135.194,8.306772e-7,0,0,0,0
4432,1780760018249,13.541,0,-4.807193e-7,4.962692e-7,6.909228e-7,134.088,8.299306e-7,0,0,0,0
4433,1780760018300,14.065,0,-4.820363e-7,5.150264e-7,7.054156e-7,133.105,8.290011e-7,0,0,0,0
4434,1780760018349,13.097,0,-5.028077e-7,5.403369e-7,7.380918e-7,132.940,8.283252e-7,0,0,0,0
4435,1780760018399,13.552,0,-5.178985e-7,5.568019e-7,7.604257e-7,132.927,8.275567e-7,0,0,0,0
4436,1780760018449,14.484,0,-5.317889e-7,5.799693e-7,7.868697e-7,132.519,8.270286e-7,0,0,0,0
4437,1780760018498,13.592,0,-5.545746e-7,5.983089e-7,8.157981e-7,132.828,8.265894e-7,0,0,0,0
4438,1780760018547,13.100,0,-5.742500e-7,6.047924e-7,8.339886e-7,133.516,8.261619e-7,0,0,0,0
4439,1780760018596,12.005,0,-6.104277e-7,6.183374e-7,8.688861e-7,134.631,8.259428e-7,0,0,0,0
4440,1780760018646,12.872,0,-6.356385e-7,6.160685e-7,8.851987e-7,135.896,8.258511e-7,0,0,0,0
4441,1780760018694,12.258,0,-6.634044e-7,6.208974e-7,9.086357e-7,136.896,8.258824e-7,0,0,0,0
4442,1780760018744,13.282,0,-6.774873e-7,6.218782e-7,9.196312e-7,137.451,8.260952e-7,0,0,0,0
4443,1780760018795,13.282,0,-6.908908e-7,6.133251e-7,9.238494e-7,138.404,8.263151e-7,0,0,0,0
4444,1780760018845,12.148,0,-7.043239e-7,5.986288e-7,9.243530e-7,139.638,8.265998e-7,0,0,0,0
4445,1780760018894,13.383,0,-7.030658e-7,5.606592e-7,8.992443e-7,141.429,8.270480e-7,0,0,0,0
4446,1780760018945,14.239,0,-7.172969e-7,5.259906e-7,8.894835e-7,143.748,8.273731e-7,0,0,0,0
4447,1780760018994,12.940,0,-7.164992e-7,4.864581e-7,8.660327e-7,145.826,8.278287e-7,0,0,0,0
4448,1780760019045,13.274,0,-7.204932e-7,4.597974e-7,8.547071e-7,147.455,8.281102e-7,0,0,0,0
4449,1780760019096,13.319,0,-7.180901e-7,4.336404e-7,8.388668e-7,148.873,8.283826e-7,0,0,0,0
4450,1780760019145,11.753,0,-7.043680e-7,4.076301e-7,8.138160e-7,149.941,8.286802e-7,0,0,0,0
4451,1780760019195,13.258,0,-6.845084e-7,3.986996e-7,7.921573e-7,149.781,8.288533e-7,0,0,0,0
4452,1780760019244,14.656,0,-6.544540e-7,3.841254e-7,7.588559e-7,149.590,8.290099e-7,0,0,0,0
4453,1780760019295,14.495,0,-6.339551e-7,3.800681e-7,7.391554e-7,149.057,8.290375e-7,0,0,0,0
4454,1780760019346,14.558,0,-6.122224e-7,3.689829e-7,7.148179e-7,148.923,8.290576e-7,0,0,0,0
4455,1780760019396,13.111,0,-5.934208e-7,3.633637e-7,6.958315e-7,148.520,8.290162e-7,0,0,0,0
4456,1780760019447,13.234,0,-5.840192e-7,3.636523e-7,6.879835e-7,148.091,8.289761e-7,0,0,0,0
4457,1780760019497,13.620,0,-5.661309e-7,3.628316e-7,6.724218e-7,147.344,8.289156e-7,0,0,0,0
4458,1780760019549,13.231,0,-5.665228e-7,3.762729e-7,6.800951e-7,146.409,8.288509e-7,0,0,0,0
4459,1780760019599,13.430,0,-5.585484e-7,3.883612e-7,6.802946e-7,145.189,8.287990e-7,0,0,0,0
4460,1780760019649,14.463,0,-5.588639e-7,4.071378e-7,6.914406e-7,143.926,8.287392e-7,0,0,0,0
4461,1780760019700,14.562,0,-5.602799e-7,4.229024e-7,7.019686e-7,142.954,8.287112e-7,0,0,0,0
4462,1780760019750,12.544,0,-5.635229e-7,4.392807e-7,7.145107e-7,142.063,8.286701e-7,0,0,0,0
4463,1780760019799,14.565,0,-5.804611e-7,4.652800e-7,7.439224e-7,141.285,8.286657e-7,0,0,0,0
4464,1780760019849,13.026,0,-5.972635e-7,4.818246e-7,7.673843e-7,141.106,8.287222e-7,0,0,0,0
4465,1780760019900,13.188,0,-6.344681e-7,5.053172e-7,8.111074e-7,141.465,8.288255e-7,0,0,0,0
4466,1780760019949,14.487,0,-6.607653e-7,5.205923e-7,8.412058e-7,141.767,8.290335e-7,0,0,0,0
4467,1780760020000,11.985,0,-6.944452e-7,5.376701e-7,8.782615e-7,142.251,8.294093e-7,0,0,0,0
4468,1780760020049,13.482,0,-7.276098e-7,5.483921e-7,9.111257e-7,142.995,8.298220e-7,0,0,0,0
4469,1780760020098,13.126,0,-7.517071e-7,5.480132e-7,9.302591e-7,143.907,8.305060e-7,0,0,0,0
4470,1780760020149,13.291,0,-7.801599e-7,5.444080e-7,9.513304e-7,145.092,8.311269e-7,0,0,0,0
4471,1780760020199,13.587,0,-7.915517e-7,5.264785e-7,9.506491e-7,146.371,8.318335e-7,0,0,0,0
4472,1780760020249,14.476,0,-8.078901e-7,5.134466e-7,9.572428e-7,147.562,8.328426e-7,0,0,0,0
4473,1780760020300,14.569,0,-8.102900e-7,4.932948e-7,9.486356e-7,148.667,8.336800e-7,0,0,0,0
4474,1780760020351,14.661,0,-8.053644e-7,4.777371e-7,9.363998e-7,149.324,8.348004e-7,0,0,0,0
4475,1780760020402,14.670,0,-8.014870e-7,4.615058e-7,9.248616e-7,150.066,8.356756e-7,0,0,0,0
4476,1780760020452,13.074,0,-7.825401e-7,4.372237e-7,8.964003e-7,150.807,8.368205e-7,0,0,0,0
4477,1780760020502,13.352,0,-7.735975e-7,4.191621e-7,8.798579e-7,151.550,8.376430e-7,0,0,0,0
4478,1780760020553,13.780,0,-7.535014e-7,3.924847e-7,8.495931e-7,152.486,8.384436e-7,0,0,0,0
4479,1780760020604,13.358,0,-7.427924e-7,3.655000e-7,8.278471e-7,153.800,8.394161e-7,0,0,0,0
4480,1780760020653,12.643,0,-7.308711e-7,3.403156e-7,8.062179e-7,155.032,8.401294e-7,0,0,0,0
4481,1780760020701,12.436,0,-7.080466e-7,3.127501e-7,7.740431e-7,156.169,8.410008e-7,0,0,0,0
4482,1780760020751,14.200,0,-6.945453e-7,2.934517e-7,7.539940e-7,157.096,8.416177e-7,0,0,0,0
4483,1780760020801,14.516,0,-6.653168e-7,2.731402e-7,7.192024e-7,157.680,8.421888e-7,0,0,0,0
4484,1780760020852,14.535,0,-6.509572e-7,2.664177e-7,7.033659e-7,157.742,8.428402e-7,0,0,0,0
4485,1780760020903,14.585,0,-6.289162e-7,2.618548e-7,6.812514e-7,157.395,8.432654e-7,0,0,0,0
4486,1780760020953,12.334,0,-6.109811e-7,2.703208e-7,6.681102e-7,156.134,8.437245e-7,0,0,0,0
4487,1780760021002,14.425,0,-5.975892e-7,2.830529e-7,6.612351e-7,154.655,8.440336e-7,0,0,0,0
4488,1780760021053,14.633,0,-5.779124e-7,2.901687e-7,6.466688e-7,153.339,8.442909e-7,0,0,0,0
4489,1780760021104,14.601,0,-5.840781e-7,3.026879e-7,6.578504e-7,152.605,8.445969e-7,0,0,0,0
4490,1780760021155,14.653,0,-5.785861e-7,3.098957e-7,6.563515e-7,151.826,8.448273e-7,0,0,0,0
4491,1780760021206,14.530,0,-5.830663e-7,3.269677e-7,6.684864e-7,150.717,8.451302e-7,0,0,0,0
4492,1780760021257,14.416,0,-5.831900e-7,3.359072e-7,6.730113e-7,150.059,8.453781e-7,0,0,0,0
4493,1780760021308,14.638,0,-5.887556e-7,3.403690e-7,6.800619e-7,149.967,8.457115e-7,0,0,0,0
4494,1780760021357,13.501,0,-6.044674e-7,3.501734e-7,6.985716e-7,149.916,8.460143e-7,0,0,0,0
4495,1780760021407,14.332,0,-6.136646e-7,3.552666e-7,7.090829e-7,149.932,8.463479e-7,0,0,0,0
4496,1780760021459,13.994,0,-6.409640e-7,3.646264e-7,7.374193e-7,150.366,8.468622e-7,0,0,0,0
4497,1780760021509,12.277,0,-6.579542e-7,3.689742e-7,7.543511e-7,150.717,8.473138e-7,0,0,0,0
4498,1780760021558,14.106,0,-6.791813e-7,3.801395e-7,7.783272e-7,150.764,8.479933e-7,0,0,0,0
4499,1780760021608,12.192,0,-6.921018e-7,3.886354e-7,7.937521e-7,150.685,8.485682e-7,0,0,0,0
4500,1780760021656,11.959,0,-7.078334e-7,3.906532e-7,8.084789e-7,151.106,8.491687e-7,0,0,0,0
4501,1780760021705,14.077,0,-7.305601e-7,3.881766e-7,8.272842e-7,152.016,8.500547e-7,0,0,0,0
4502,1780760021756,13.506,0,-7.339150e-7,3.743452e-7,8.238723e-7,152.975,8.507686e-7,0,0,0,0
4503,1780760021807,13.239,0,-7.511103e-7,3.627432e-7,8.341159e-7,154.222,8.517651e-7,0,0,0,0
4504,1780760021857,11.796,0,-7.524631e-7,3.440154e-7,8.273737e-7,155.431,8.525577e-7,0,0,0,0
4505,1780760021905,14.471,0,-7.557782e-7,3.268372e-7,8.234216e-7,156.614,8.533550e-7,0,0,0,0
4506,1780760021956,14.621,0,-7.552368e-7,3.060446e-7,8.148901e-7,157.941,8.544555e-7,0,0,0,0
4507,1780760022007,14.530,0,-7.443963e-7,2.848541e-7,7.970368e-7,159.060,8.552751e-7,0,0,0,0
4508,1780760022058,14.548,0,-7.404122e-7,2.754991e-7,7.900063e-7,159.590,8.563538e-7,0,0,0,0
4509,1780760022109,12.091,0,-7.148814e-7,2.602836e-7,7.607910e-7,159.994,8.571382e-7,0,0,0,0
4510,1780760022157,11.898,0,-6.967220e-7,2.505001e-7,7.403863e-7,160.224,8.581101e-7,0,0,0,0
4511,1780760022206,13.291,0,-6.596162e-7,2.410727e-7,7.022888e-7,159.924,8.587876e-7,0,0,0,0
4512,1780760022255,12.610,0,-6.230072e-7,2.284032e-7,6.635556e-7,159.866,8.593840e-7,0,0,0,0
4513,1780760022305,13.312,0,-5.924978e-7,2.173851e-7,6.311180e-7,159.852,8.600965e-7,0,0,0,0
4514,1780760022356,13.323,0,-5.581565e-7,2.049236e-7,5.945859e-7,159.840,8.605701e-7,0,0,0,0
4515,1780760022407,13.378,0,-5.455613e-7,2.020725e-7,5.817821e-7,159.676,8.611416e-7,0,0,0,0
4516,1780760022459,13.251,0,-5.253965e-7,1.968522e-7,5.610635e-7,159.460,8.615441e-7,0,0,0,0
4517,1780760022508,12.177,0,-5.243068e-7,2.056798e-7,5.632067e-7,158.580,8.619197e-7,0,0,0,0
4518,1780760022556,14.301,0,-5.219576e-7,2.158856e-7,5.648419e-7,157.530,8.624223e-7,0,0,0,0
4519,1780760022607,14.584,0,-5.265276e-7,2.278674e-7,5.737202e-7,156.598,8.627935e-7,0,0,0,0
4520,1780760022658,14.642,0,-5.384115e-7,2.435816e-7,5.909475e-7,155.658,8.633062e-7,0,0,0,0
4521,1780760022708,13.242,0,-5.449678e-7,2.656287e-7,6.062578e-7,154.014,8.637066e-7,0,0,0,0
4522,1780760022757,11.712,0,-5.696843e-7,2.888116e-7,6.387115e-7,153.116,8.641199e-7,0,0,0,0
4523,1780760022807,13.208,0,-5.831004e-7,3.051124e-7,6.581031e-7,152.379,8.647218e-7,0,0,0,0
4524,1780760022858,13.186,0,-6.108389e-7,3.215244e-7,6.902914e-7,152.239,8.651968e-7,0,0,0,0
4525,1780760022908,14.194,0,-6.356825e-7,3.356254e-7,7.188440e-7,152.167,8.659043e-7,0,0,0,0
4526,1780760022958,12.135,0,-6.633736e-7,3.496196e-7,7.498656e-7,152.209,8.664799e-7,0,0,0,0
4527,1780760023007,13.823,0,-7.106097e-7,3.681930e-7,8.003326e-7,152.610,8.673499e-7,0,0,0,0
4528,1780760023057,12.211,0,-7.384757e-7,3.780370e-7,8.296134e-7,152.891,8.681007e-7,0,0,0,0
4529,1780760023106,13.291,0,-7.795242e-7,3.858944e-7,8.698117e-7,153.663,8.689142e-7,0,0,0,0
4530,1780760023157,13.605,0,-8.069791e-7,3.848416e-7,8.940460e-7,154.504,8.701272e-7,0,0,0,0
4531,1780760023207,14.334,0,-8.395050e-7,3.794316e-7,9.212693e-7,155.678,8.711079e-7,0,0,0,0
4532,1780760023256,13.887,0,-8.595647e-7,3.655415e-7,9.340622e-7,156.962,8.725314e-7,0,0,0,0
4533,1780760023307,14.104,0,-8.685795e-7,3.424328e-7,9.336437e-7,158.483,8.736377e-7,0,0,0,0
4534,1780760023356,12.342,0,-8.803301e-7,3.173557e-7,9.357862e-7,160.176,8.747686e-7,0,0,0,0
4535,1780760023405,11.978,0,-8.723841e-7,2.870915e-7,9.184092e-7,161.784,8.762986e-7,0,0,0,0
4536,1780760023453,14.277,0,-8.841711e-7,2.544705e-7,9.200619e-7,163.944,8.774283e-7,0,0,0,0
4537,1780760023503,12.362,0,-8.735584e-7,2.167921e-7,9.000573e-7,166.062,8.789509e-7,0,0,0,0
4538,1780760023553,13.856,0,-8.610654e-7,1.857158e-7,8.808655e-7,167.829,8.800416e-7,0,0,0,0
4539,1780760023601,13.503,0,-8.451717e-7,1.608720e-7,8.603459e-7,169.223,8.814460e-7,0,0,0,0
4540,1780760023652,13.345,0,-8.171962e-7,1.427883e-7,8.295771e-7,170.089,8.824324e-7,0,0,0,0
4541,1780760023702,14.339,0,-7.965996e-7,1.253659e-7,8.064041e-7,171.056,8.833536e-7,0,0,0,0
4542,1780760023753,14.547,0,-7.596246e-7,1.044203e-7,7.667680e-7,172.173,8.844831e-7,0,0,0,0
4543,1780760023804,14.477,0,-7.364496e-7,8.634566e-8,7.414942e-7,173.313,8.852346e-7,0,0,0,0
4544,1780760023855,11.949,0,-7.089379e-7,7.170749e-8,7.125552e-7,174.224,8.861555e-7,0,0,0,0
4545,1780760023903,14.609,0,-6.892890e-7,6.253871e-8,6.921202e-7,174.816,8.867730e-7,0,0,0,0
4546,1780760023953,12.330,0,-6.853921e-7,6.092061e-8,6.880942e-7,174.921,8.873643e-7,0,0,0,0
4547,1780760024002,14.496,0,-6.703824e-7,5.984040e-8,6.730478e-7,174.899,8.881247e-7,0,0,0,0
4548,1780760024053,14.278,0,-6.737467e-7,6.473805e-8,6.768498e-7,174.511,8.886678e-7,0,0,0,0
4549,1780760024103,12.279,0,-6.656916e-7,7.305787e-8,6.696885e-7,173.737,8.893803e-7,0,0,0,0
4550,1780760024153,13.356,0,-6.730423e-7,8.713844e-8,6.786597e-7,172.623,8.898963e-7,0,0,0,0
4551,1780760024204,13.362,0,-6.799732e-7,1.085098e-7,6.885768e-7,170.933,8.904275e-7,0,0,0,0
4552,1780760024253,12.258,0,-6.885216e-7,1.327636e-7,7.012048e-7,169.086,8.911429e-7,0,0,0,0
4553,1780760024303,13.969,0,-7.068306e-7,1.600339e-7,7.247209e-7,167.243,8.917054e-7,0,0,0,0
4554,1780760024353,14.263,0,-7.153115e-7,1.878420e-7,7.395642e-7,165.286,8.924956e-7,0,0,0,0
4555,1780760024403,12.408,0,-7.313947e-7,2.073689e-7,7.602237e-7,164.171,8.931110e-7,0,0,0,0
4556,1780760024453,13.373,0,-7.351021e-7,2.228471e-7,7.681379e-7,163.135,8.939596e-7,0,0,0,0
4557,1780760024502,12.629,0,-7.516215e-7,2.345356e-7,7.873639e-7,162.670,8.946020e-7,0,0,0,0
4558,1780760024552,13.291,0,-7.650494e-7,2.406861e-7,8.020165e-7,162.536,8.952787e-7,0,0,0,0
4559,1780760024603,13.454,0,-7.779522e-7,2.351318e-7,8.127094e-7,163.183,8.962111e-7,0,0,0,0
4560,1780760024654,14.213,0,-7.929892e-7,2.250208e-7,8.242975e-7,164.158,8.969461e-7,0,0,0,0
4561,1780760024704,11.724,0,-7.935893e-7,2.098258e-7,8.208599e-7,165.190,8.979543e-7,0,0,0,0
4562,1780760024753,13.237,0,-8.091086e-7,1.937143e-7,8.319748e-7,166.536,8.987199e-7,0,0,0,0
4563,1780760024803,11.971,0,-8.075202e-7,1.723041e-7,8.256982e-7,167.955,8.995057e-7,0,0,0,0
4564,1780760024851,14.326,0,-8.045726e-7,1.488332e-7,8.182227e-7,169.520,9.005363e-7,0,0,0,0
4565,1780760024902,11.853,0,-7.865585e-7,1.236283e-7,7.962149e-7,171.068,9.012906e-7,0,0,0,0
4566,1780760024951,14.077,0,-7.652158e-7,9.798776e-8,7.714640e-7,172.703,9.022165e-7,0,0,0,0
4567,1780760025001,14.627,0,-7.493920e-7,7.419553e-8,7.530560e-7,174.346,9.028637e-7,0,0,0,0
4568,1780760025052,14.541,0,-7.202482e-7,4.852988e-8,7.218813e-7,176.145,9.034645e-7,0,0,0,0
4569,1780760025103,14.571,0,-7.107140e-7,2.253924e-8,7.110713e-7,178.184,9.041822e-7,0,0,0,0
4570,1780760025154,14.483,0,-6.868441e-7,1.843121e-9,6.868466e-7,179.846,9.046791e-7,0,0,0,0
4571,1780760025205,14.617,0,-6.712487e-7,-1.204672e-8,6.713568e-7,-178.972,9.052564e-7,0,0,0,0
4572,1780760025256,14.536,0,-6.549830e-7,-2.243197e-8,6.553671e-7,-178.038,9.056512e-7,0,0,0,0
4573,1780760025307,12.128,0,-6.329917e-7,-3.015248e-8,6.337094e-7,-177.273,9.061031e-7,0,0,0,0
4574,1780760025356,14.084,0,-6.104988e-7,-3.005524e-8,6.112382e-7,-177.182,9.063986e-7,0,0,0,0
4575,1780760025406,14.580,0,-5.744074e-7,-2.849683e-8,5.751138e-7,-177.160,9.066432e-7,0,0,0,0
4576,1780760025457,14.538,0,-5.580131e-7,-2.544744e-8,5.585930e-7,-177.389,9.068929e-7,0,0,0,0
4577,1780760025508,12.161,0,-5.320830e-7,-2.292524e-8,5.325767e-7,-177.533,9.070435e-7,0,0,0,0
4578,1780760025557,13.220,0,-5.181268e-7,-2.862633e-8,5.189170e-7,-176.838,9.071858e-7,0,0,0,0
4579,1780760025608,13.379,0,-5.080711e-7,-2.638076e-8,5.087555e-7,-177.028,9.072732e-7,0,0,0,0
4580,1780760025658,12.194,0,-4.987916e-7,-1.815366e-8,4.991219e-7,-177.916,9.073358e-7,0,0,0,0
4581,1780760025706,14.375,0,-5.073362e-7,-6.265914e-9,5.073749e-7,-179.292,9.074059e-7,0,0,0,0
4582,1780760025756,13.044,0,-5.102278e-7,1.349814e-8,5.104063e-7,178.485,9.074512e-7,0,0,0,0
4583,1780760025806,13.220,0,-5.290962e-7,4.385823e-8,5.309108e-7,175.261,9.075094e-7,0,0,0,0
4584,1780760025857,13.268,0,-5.401096e-7,8.044924e-8,5.460682e-7,171.528,9.075637e-7,0,0,0,0
4585,1780760025908,13.333,0,-5.634668e-7,1.150979e-7,5.751020e-7,168.455,9.076176e-7,0,0,0,0
4586,1780760025957,12.278,0,-5.967227e-7,1.473314e-7,6.146418e-7,166.131,9.077297e-7,0,0,0,0
4587,1780760026007,14.105,0,-6.129730e-7,1.795237e-7,6.387211e-7,163.676,9.078399e-7,0,0,0,0
4588,1780760026055,13.746,0,-6.439422e-7,2.007805e-7,6.745179e-7,162.683,9.080281e-7,0,0,0,0
4589,1780760026106,13.353,0,-6.619110e-7,2.135024e-7,6.954922e-7,162.123,9.082092e-7,0,0,0,0
4590,1780760026156,11.998,0,-6.919437e-7,2.139482e-7,7.242651e-7,162.818,9.084940e-7,0,0,0,0
4591,1780760026205,13.551,0,-7.073716e-7,2.041229e-7,7.362342e-7,163.904,9.087584e-7,0,0,0,0
4592,1780760026256,13.232,0,-7.202455e-7,1.835287e-7,7.432606e-7,165.704,9.090385e-7,0,0,0,0
4593,1780760026307,13.369,0,-7.448214e-7,1.611998e-7,7.620658e-7,167.788,9.094643e-7,0,0,0,0
4594,1780760026357,14.663,0,-7.551923e-7,1.395588e-7,7.679792e-7,169.530,9.098207e-7,0,0,0,0
4595,1780760026405,14.500,0,-7.729869e-7,1.121501e-7,7.810803e-7,171.745,9.103402e-7,0,0,0,0
4596,1780760026456,14.702,0,-7.678166e-7,8.227983e-8,7.722126e-7,173.883,9.107505e-7,0,0,0,0
4597,1780760026507,14.565,0,-7.650044e-7,4.803632e-8,7.665110e-7,176.407,9.111489e-7,0,0,0,0
4598,1780760026558,12.108,0,-7.494249e-7,1.555310e-8,7.495863e-7,178.811,9.116850e-7,0,0,0,0
4599,1780760026607,13.332,0,-7.338730e-7,-1.862886e-8,7.341094e-7,-178.546,9.120563e-7,0,0,0,0
4600,1780760026658,13.354,0,-7.209967e-7,-5.116398e-8,7.228098e-7,-175.941,9.125312e-7,0,0,0,0
4601,1780760026707,12.385,0,-6.903496e-7,-7.972820e-8,6.949383e-7,-173.412,9.128585e-7,0,0,0,0
4602,1780760026757,13.266,0,-6.685185e-7,-1.035037e-7,6.764835e-7,-171.199,9.131564e-7,0,0,0,0
4603,1780760026808,13.325,0,-6.272452e-7,-1.182603e-7,6.382962e-7,-169.323,9.135075e-7,0,0,0,0
4604,1780760026857,12.646,0,-6.006836e-7,-1.276772e-7,6.141028e-7,-168.000,9.137181e-7,0,0,0,0
4605,1780760026907,13.491,0,-5.708363e-7,-1.330171e-7,5.861294e-7,-166.883,9.139655e-7,0,0,0,0
4606,1780760026958,13.311,0,-5.477320e-7,-1.362552e-7,5.644252e-7,-166.031,9.141165e-7,0,0,0,0
4607,1780760027009,13.330,0,-5.336031e-7,-1.347881e-7,5.503636e-7,-165.824,9.142997e-7,0,0,0,0
4608,1780760027058,12.417,0,-5.103919e-7,-1.291836e-7,5.264867e-7,-165.796,9.144203e-7,0,0,0,0
4609,1780760027108,13.412,0,-5.065875e-7,-1.215539e-7,5.209666e-7,-166.507,9.145271e-7,0,0,0,0
4610,1780760027158,12.031,0,-4.932272e-7,-1.093508e-7,5.052036e-7,-167.499,9.146635e-7,0,0,0,0
4611,1780760027207,13.310,0,-4.941461e-7,-9.996799e-8,5.041567e-7,-168.563,9.147550e-7,0,0,0,0
4612,1780760027258,13.355,0,-5.025433e-7,-9.577666e-8,5.115886e-7,-169.210,9.148835e-7,0,0,0,0
4613,1780760027308,12.027,0,-5.106816e-7,-8.638537e-8,5.179364e-7,-170.399,9.149834e-7,0,0,0,0
4614,1780760027357,13.236,0,-5.279770e-7,-7.170850e-8,5.328244e-7,-172.266,9.150918e-7,0,0,0,0
4615,1780760027408,14.064,0,-5.348004e-7,-5.853605e-8,5.379944e-7,-173.754,9.152517e-7,0,0,0,0
4616,1780760027458,11.649,0,-5.624144e-7,-5.037383e-8,5.646658e-7,-174.882,9.153808e-7,0,0,0,0
4617,1780760027507,13.347,0,-5.782440e-7,-3.653884e-8,5.793973e-7,-176.384,9.155810e-7,0,0,0,0
4618,1780760027558,13.352,0,-6.021784e-7,-2.038028e-8,6.025232e-7,-178.062,9.157438e-7,0,0,0,0
4619,1780760027608,12.163,0,-6.256889e-7,-3.587133e-9,6.256992e-7,-179.672,9.159293e-7,0,0,0,0
4620,1780760027657,13.243,0,-6.419098e-7,1.402772e-8,6.420630e-7,178.748,9.162030e-7,0,0,0,0
4621,1780760027707,12.022,0,-6.711471e-7,1.686832e-8,6.713590e-7,178.560,9.164268e-7,0,0,0,0
4622,1780760027756,13.508,0,-6.855423e-7,1.624761e-8,6.857348e-7,178.642,9.167631e-7,0,0,0,0
4623,1780760027806,14.590,0,-7.100761e-7,9.940223e-9,7.101456e-7,179.198,9.170294e-7,0,0,0,0
4624,1780760027857,14.490,0,-7.192852e-7,5.843346e-9,7.193089e-7,179.535,9.174099e-7,0,0,0,0
4625,1780760027908,12.131,0,-7.260592e-7,-3.474374e-9,7.260675e-7,-179.726,9.176916e-7,0,0,0,0
4626,1780760027957,13.207,0,-7.318508e-7,-1.973468e-8,7.321169e-7,-178.455,9.179768e-7,0,0,0,0
4627,1780760028008,14.132,0,-7.232774e-7,-3.935679e-8,7.243473e-7,-176.885,9.183556e-7,0,0,0,0
4628,1780760028058,12.172,0,-7.263589e-7,-5.961976e-8,7.288016e-7,-175.308,9.186204e-7,0,0,0,0
4629,1780760028107,13.400,0,-7.136018e-7,-7.709207e-8,7.177540e-7,-173.834,9.189579e-7,0,0,0,0
4630,1780760028158,14.133,0,-7.059972e-7,-9.931782e-8,7.129488e-7,-171.992,9.191875e-7,0,0,0,0
4631,1780760028206,13.287,0,-6.743688e-7,-1.214100e-7,6.852107e-7,-169.794,9.193963e-7,0,0,0,0
4632,1780760028257,13.274,0,-6.433164e-7,-1.427365e-7,6.589610e-7,-167.490,9.196146e-7,0,0,0,0
4633,1780760028308,14.158,0,-6.183944e-7,-1.616711e-7,6.391785e-7,-165.349,9.197402e-7,0,0,0,0
4634,1780760028358,11.831,0,-5.830609e-7,-1.742241e-7,6.085343e-7,-163.363,9.198704e-7,0,0,0,0
4635,1780760028407,13.513,0,-5.625980e-7,-1.838501e-7,5.918761e-7,-161.903,9.199404e-7,0,0,0,0
4636,1780760028458,13.370,0,-5.295634e-7,-1.865917e-7,5.614747e-7,-160.590,9.199981e-7,0,0,0,0
4637,1780760028508,12.183,0,-5.133655e-7,-1.901524e-7,5.474505e-7,-159.675,9.200539e-7,0,0,0,0
4638,1780760028557,13.839,0,-4.909009e-7,-1.889612e-7,5.260133e-7,-158.947,9.200860e-7,0,0,0,0
4639,1780760028608,14.067,0,-4.765837e-7,-1.869827e-7,5.119517e-7,-158.578,9.201154e-7,0,0,0,0
4640,1780760028658,14.660,0,-4.761392e-7,-1.732526e-7,5.066804e-7,-160.005,9.201330e-7,0,0,0,0
4641,1780760028708,12.293,0,-4.705478e-7,-1.492612e-7,4.936538e-7,-162.401,9.201603e-7,0,0,0,0
4642,1780760028757,12.069,0,-4.823719e-7,-1.269114e-7,4.987877e-7,-165.260,9.201867e-7,0,0,0,0
4643,1780760028806,13.827,0,-4.818758e-7,-9.850531e-8,4.918410e-7,-168.447,9.202211e-7,0,0,0,0
4644,1780760028857,13.295,0,-5.004178e-7,-7.571057e-8,5.061127e-7,-171.397,9.202765e-7,0,0,0,0
4645,1780760028908,13.287,0,-5.141130e-7,-4.929631e-8,5.164710e-7,-174.523,9.203317e-7,0,0,0,0
4646,1780760028959,13.606,0,-5.336756e-7,-1.808753e-8,5.339821e-7,-178.059,9.204204e-7,0,0,0,0
4647,1780760029009,12.154,0,-5.551853e-7,1.349215e-8,5.553492e-7,178.608,9.205057e-7,0,0,0,0
4648,1780760029058,14.143,0,-5.661996e-7,4.632562e-8,5.680916e-7,175.323,9.206039e-7,0,0,0,0
4649,1780760029107,13.164,0,-5.931366e-7,6.878498e-8,5.971117e-7,173.385,9.207528e-7,0,0,0,0
4650,1780760029157,13.259,0,-6.017629e-7,8.371046e-8,6.075574e-7,172.080,9.208838e-7,0,0,0,0
4651,1780760029207,14.259,0,-6.244484e-7,9.263216e-8,6.312817e-7,171.562,9.210692e-7,0,0,0,0
4652,1780760029258,14.457,0,-6.433862e-7,9.933741e-8,6.510098e-7,171.223,9.212303e-7,0,0,0,0
4653,1780760029308,13.046,0,-6.595777e-7,1.011176e-7,6.672837e-7,171.284,9.214604e-7,0,0,0,0
4654,1780760029357,11.947,0,-6.803493e-7,9.628985e-8,6.871295e-7,171.944,9.216495e-7,0,0,0,0
4655,1780760029406,13.338,0,-6.916773e-7,8.835089e-8,6.972972e-7,172.721,9.218502e-7,0,0,0,0
4656,1780760029457,13.280,0,-7.155157e-7,6.889546e-8,7.188250e-7,174.500,9.221321e-7,0,0,0,0
4657,1780760029507,14.308,0,-7.220181e-7,4.638282e-8,7.235064e-7,176.324,9.223651e-7,0,0,0,0
4658,1780760029557,13.109,0,-7.323965e-7,1.902322e-8,7.326435e-7,178.512,9.226754e-7,0,0,0,0
4659,1780760029607,13.218,0,-7.353080e-7,-3.583050e-11,7.353080e-7,-179.997,9.229205e-7,0,0,0,0
4660,1780760029658,14.008,0,-7.312812e-7,-1.800791e-8,7.315029e-7,-178.589,9.231601e-7,0,0,0,0
4661,1780760029708,12.182,0,-7.339078e-7,-4.163896e-8,7.350880e-7,-176.753,9.234769e-7,0,0,0,0
4662,1780760029757,13.249,0,-7.173616e-7,-5.989382e-8,7.198576e-7,-175.227,9.237121e-7,0,0,0,0
4663,1780760029808,13.216,0,-7.064574e-7,-8.085305e-8,7.110691e-7,-173.471,9.239944e-7,0,0,0,0
4664,1780760029858,12.146,0,-6.752781e-7,-9.767331e-8,6.823054e-7,-171.770,9.241817e-7,0,0,0,0
4665,1780760029907,13.283,0,-6.473727e-7,-1.171089e-7,6.578799e-7,-169.746,9.243282e-7,0,0,0,0
4666,1780760029958,14.139,0,-6.191041e-7,-1.372551e-7,6.341363e-7,-167.500,9.244835e-7,0,0,0,0
4667,1780760030008,12.151,0,-5.851333e-7,-1.565613e-7,6.057164e-7,-165.021,9.245701e-7,0,0,0,0
4668,1780760030057,13.481,0,-5.684689e-7,-1.743755e-7,5.946122e-7,-162.947,9.246565e-7,0,0,0,0
4669,1780760030108,14.176,0,-5.467030e-7,-1.803930e-7,5.756959e-7,-161.739,9.247127e-7,0,0,0,0
4670,1780760030158,12.065,0,-5.369199e-7,-1.902521e-7,5.696304e-7,-160.489,9.247730e-7,0,0,0,0
4671,1780760030207,13.339,0,-5.162247e-7,-1.965475e-7,5.523756e-7,-159.156,9.248140e-7,0,0,0,0
4672,1780760030258,14.112,0,-4.974606e-7,-2.028910e-7,5.372446e-7,-157.812,9.248443e-7,0,0,0,0
4673,1780760030308,12.130,0,-4.842724e-7,-2.076129e-7,5.268993e-7,-156.795,9.248769e-7,0,0,0,0
4674,1780760030357,14.123,0,-4.646106e-7,-2.042682e-7,5.075318e-7,-156.267,9.248949e-7,0,0,0,0
4675,1780760030407,14.548,0,-4.619595e-7,-2.026685e-7,5.044612e-7,-156.312,9.249090e-7,0,0,0,0
4676,1780760030458,14.481,0,-4.489978e-7,-1.886190e-7,4.870074e-7,-157.213,9.249123e-7,0,0,0,0
4677,1780760030508,13.123,0,-4.537617e-7,-1.768820e-7,4.870183e-7,-158.704,9.249085e-7,0,0,0,0
4678,1780760030558,13.325,0,-4.495008e-7,-1.699346e-7,4.805505e-7,-159.291,9.248914e-7,0,0,0,0
4679,1780760030608,12.168,0,-4.481639e-7,-1.620112e-7,4.765485e-7,-160.125,9.248676e-7,0,0,0,0
4680,1780760030657,13.236,0,-4.563620e-7,-1.525173e-7,4.811734e-7,-161.520,9.248205e-7,0,0,0,0
4681,1780760030708,14.155,0,-4.570896e-7,-1.386386e-7,4.776522e-7,-163.127,9.247721e-7,0,0,0,0
4682,1780760030758,12.123,0,-4.753581e-7,-1.346056e-7,4.940485e-7,-164.190,9.247122e-7,0,0,0,0
4683,1780760030807,14.062,0,-4.847654e-7,-1.235601e-7,5.002646e-7,-165.701,9.246199e-7,0,0,0,0
4684,1780760030857,14.485,0,-5.093716e-7,-1.185364e-7,5.229821e-7,-166.900,9.245451e-7,0,0,0,0
4685,1780760030908,12.135,0,-5.292728e-7,-1.100094e-7,5.405847e-7,-168.258,9.244366e-7,0,0,0,0
4686,1780760030957,13.196,0,-5.524882e-7,-1.041606e-7,5.622211e-7,-169.323,9.243473e-7,0,0,0,0
4687,1780760031008,14.070,0,-5.798141e-7,-1.058830e-7,5.894028e-7,-169.651,9.242137e-7,0,0,0,0
4688,1780760031058,12.066,0,-5.878753e-7,-1.060810e-7,5.973697e-7,-169.771,9.240951e-7,0,0,0,0
4689,1780760031107,13.261,0,-6.114875e-7,-1.119405e-7,6.216491e-7,-169.626,9.239554e-7,0,0,0,0
4690,1780760031157,12.018,0,-6.232651e-7,-1.131034e-7,6.334444e-7,-169.715,9.237334e-7,0,0,0,0
4691,1780760031206,13.732,0,-6.383858e-7,-1.179185e-7,6.491850e-7,-169.535,9.235372e-7,0,0,0,0
4692,1780760031257,13.274,0,-6.465390e-7,-1.274355e-7,6.589784e-7,-168.850,9.232300e-7,0,0,0,0
4693,1780760031308,14.078,0,-6.456305e-7,-1.400826e-7,6.606526e-7,-167.758,9.229583e-7,0,0,0,0
4694,1780760031356,13.323,0,-6.510289e-7,-1.627927e-7,6.710738e-7,-165.961,9.226529e-7,0,0,0,0
4695,1780760031407,13.345,0,-6.425106e-7,-1.834627e-7,6.681904e-7,-164.064,9.221943e-7,0,0,0,0
4696,1780760031458,13.328,0,-6.477502e-7,-2.149474e-7,6.824828e-7,-161.642,9.218260e-7,0,0,0,0
4697,1780760031508,12.203,0,-6.420828e-7,-2.336386e-7,6.832696e-7,-160.005,9.213116e-7,0,0,0,0
4698,1780760031557,13.231,0,-6.387877e-7,-2.527507e-7,6.869735e-7,-158.413,9.209244e-7,0,0,0,0
4699,1780760031608,14.119,0,-6.327316e-7,-2.758683e-7,6.902555e-7,-156.443,9.205424e-7,0,0,0,0
4700,1780760031657,12.737,0,-6.103156e-7,-2.963445e-7,6.784579e-7,-154.101,9.200359e-7,0,0,0,0
4701,1780760031707,13.292,0,-5.975026e-7,-3.238919e-7,6.796436e-7,-151.539,9.196596e-7,0,0,0,0
4702,1780760031757,11.852,0,-5.707766e-7,-3.441909e-7,6.665233e-7,-148.909,9.191779e-7,0,0,0,0
4703,1780760031806,13.171,0,-5.542804e-7,-3.670996e-7,6.648225e-7,-146.484,9.188354e-7,0,0,0,0
4704,1780760031857,14.071,0,-5.298662e-7,-3.832304e-7,6.539295e-7,-144.123,9.184010e-7,0,0,0,0
4705,1780760031907,11.668,0,-5.052226e-7,-3.917160e-7,6.392897e-7,-142.212,9.180896e-7,0,0,0,0
4706,1780760031957,13.004,0,-4.885401e-7,-3.905842e-7,6.254818e-7,-141.358,9.177854e-7,0,0,0,0
4707,1780760032005,12.805,0,-4.589908e-7,-3.779229e-7,5.945572e-7,-140.533,9.173913e-7,0,0,0,0
4708,1780760032055,13.799,0,-4.482885e-7,-3.691648e-7,5.807282e-7,-140.529,9.171136e-7,0,0,0,0
4709,1780760032106,13.305,0,-4.304121e-7,-3.498754e-7,5.546778e-7,-140.893,9.167621e-7,0,0,0,0
4710,1780760032157,13.678,0,-4.273802e-7,-3.294467e-7,5.396193e-7,-142.373,9.165189e-7,0,0,0,0
4711,1780760032205,13.469,0,-4.282908e-7,-3.052164e-7,5.259183e-7,-144.525,9.162824e-7,0,0,0,0
4712,1780760032255,14.464,0,-4.308211e-7,-2.773929e-7,5.124000e-7,-147.224,9.159724e-7,0,0,0,0
4713,1780760032306,11.912,0,-4.474835e-7,-2.563838e-7,5.157268e-7,-150.190,9.157486e-7,0,0,0,0
4714,1780760032354,14.538,0,-4.562414e-7,-2.294449e-7,5.106869e-7,-153.302,9.154631e-7,0,0,0,0
4715,1780760032405,14.662,0,-4.819823e-7,-2.087903e-7,5.252622e-7,-156.578,9.152643e-7,0,0,0,0
4716,1780760032455,12.729,0,-4.887584e-7,-1.766075e-7,5.196874e-7,-160.133,9.150761e-7,0,0,0,0
4717,1780760032503,12.260,0,-5.040319e-7,-1.467248e-7,5.249537e-7,-163.770,9.148553e-7,0,0,0,0
4718,1780760032553,13.289,0,-5.240300e-7,-1.201098e-7,5.376186e-7,-167.091,9.147135e-7,0,0,0,0
4719,1780760032602,12.215,0,-5.366910e-7,-9.507836e-8,5.450478e-7,-169.954,9.145548e-7,0,0,0,0
4720,1780760032652,13.295,0,-5.654971e-7,-8.737679e-8,5.722078e-7,-171.217,9.144563e-7,0,0,0,0
4721,1780760032703,13.243,0,-5.790239e-7,-7.222713e-8,5.835113e-7,-172.890,9.143426e-7,0,0,0,0
4722,1780760032753,14.152,0,-6.000409e-7,-6.564550e-8,6.036211e-7,-173.757,9.142689e-7,0,0,0,0
4723,1780760032804,14.461,0,-6.145076e-7,-6.141927e-8,6.175693e-7,-174.292,9.142021e-7,0,0,0,0
4724,1780760032855,14.582,0,-6.283076e-7,-6.328572e-8,6.314868e-7,-174.248,9.141248e-7,0,0,0,0
4725,1780760032906,14.528,0,-6.471026e-7,-8.111584e-8,6.521668e-7,-172.855,9.140730e-7,0,0,0,0
4726,1780760032957,14.611,0,-6.528235e-7,-1.001225e-7,6.604567e-7,-171.281,9.140080e-7,0,0,0,0
4727,1780760033008,12.080,0,-6.621528e-7,-1.318385e-7,6.751502e-7,-168.739,9.139551e-7,0,0,0,0
4728,1780760033057,13.334,0,-6.570253e-7,-1.562618e-7,6.753517e-7,-166.622,9.138937e-7,0,0,0,0
4729,1780760033108,14.070,0,-6.629908e-7,-1.897074e-7,6.895982e-7,-164.032,9.137937e-7,0,0,0,0
4730,1780760033157,12.720,0,-6.616374e-7,-2.181138e-7,6.966618e-7,-161.755,9.136984e-7,0,0,0,0
4731,1780760033207,13.325,0,-6.577671e-7,-2.470228e-7,7.026221e-7,-159.416,9.135274e-7,0,0,0,0
4732,1780760033258,14.171,0,-6.570100e-7,-2.824988e-7,7.151697e-7,-156.733,9.133728e-7,0,0,0,0
4733,1780760033308,12.126,0,-6.374002e-7,-3.070899e-7,7.075191e-7,-154.276,9.131914e-7,0,0,0,0
4734,1780760033357,13.831,0,-6.295162e-7,-3.425404e-7,7.166761e-7,-151.448,9.129081e-7,0,0,0,0
4735,1780760033408,14.135,0,-6.191746e-7,-3.686545e-7,7.206131e-7,-149.231,9.126625e-7,0,0,0,0
4736,1780760033458,14.450,0,-6.141020e-7,-3.948227e-7,7.300728e-7,-147.262,9.122987e-7,0,0,0,0
4737,1780760033508,13.098,0,-6.027779e-7,-4.200572e-7,7.347035e-7,-145.129,9.119956e-7,0,0,0,0
4738,1780760033558,13.344,0,-5.798433e-7,-4.418629e-7,7.290137e-7,-142.691,9.115340e-7,0,0,0,0
4739,1780760033607,13.114,0,-5.653688e-7,-4.689778e-7,7.345625e-7,-140.324,9.111470e-7,0,0,0,0
4740,1780760033655,12.428,0,-5.355733e-7,-4.862339e-7,7.233687e-7,-137.764,9.107268e-7,0,0,0,0
4741,1780760033705,13.376,0,-5.135017e-7,-5.115938e-7,7.248532e-7,-135.107,9.101075e-7,0,0,0,0
4742,1780760033756,13.263,0,-4.775612e-7,-5.269558e-7,7.111590e-7,-132.185,9.095894e-7,0,0,0,0
4743,1780760033807,13.262,0,-4.466195e-7,-5.405898e-7,7.012177e-7,-129.563,9.088399e-7,0,0,0,0
4744,1780760033858,14.094,0,-4.099347e-7,-5.463492e-7,6.830401e-7,-126.881,9.082277e-7,0,0,0,0
4745,1780760033908,14.493,0,-3.663453e-7,-5.412844e-7,6.536036e-7,-124.090,9.075746e-7,0,0,0,0
4746,1780760033958,13.032,0,-3.392218e-7,-5.445080e-7,6.415297e-7,-121.922,9.066605e-7,0,0,0,0
4747,1780760034008,14.111,0,-3.095392e-7,-5.334520e-7,6.167541e-7,-120.125,9.059469e-7,0,0,0,0
4748,1780760034058,12.086,0,-2.894648e-7,-5.269196e-7,6.011939e-7,-118.782,9.049778e-7,0,0,0,0
4749,1780760034107,13.335,0,-2.694176e-7,-5.128746e-7,5.793325e-7,-117.713,9.042167e-7,0,0,0,0
4750,1780760034158,14.011,0,-2.588286e-7,-4.938721e-7,5.575857e-7,-117.658,9.034369e-7,0,0,0,0
4751,1780760034208,12.201,0,-2.612854e-7,-4.746755e-7,5.418366e-7,-118.831,9.023576e-7,0,0,0,0
4752,1780760034256,11.865,0,-2.614617e-7,-4.441701e-7,5.154118e-7,-120.483,9.015257e-7,0,0,0,0
4753,1780760034305,13.224,0,-2.863847e-7,-4.202502e-7,5.085533e-7,-124.273,9.004077e-7,0,0,0,0
4754,1780760034355,11.943,0,-3.034252e-7,-3.782182e-7,4.848875e-7,-128.738,8.995629e-7,0,0,0,0
4755,1780760034404,13.201,0,-3.375574e-7,-3.472931e-7,4.843114e-7,-134.186,8.984611e-7,0,0,0,0
4756,1780760034453,12.264,0,-3.730731e-7,-3.175965e-7,4.899500e-7,-139.592,8.976481e-7,0,0,0,0
4757,1780760034503,13.675,0,-4.036566e-7,-2.832834e-7,4.931411e-7,-144.939,8.968712e-7,0,0,0,0
4758,1780760034553,14.287,0,-4.430622e-7,-2.617378e-7,5.145977e-7,-149.428,8.958933e-7,0,0,0,0
4759,1780760034604,14.515,0,-4.697306e-7,-2.318187e-7,5.238194e-7,-153.733,8.952086e-7,0,0,0,0
4760,1780760034655,11.738,0,-5.075372e-7,-2.128596e-7,5.503664e-7,-157.247,8.943771e-7,0,0,0,0
4761,1780760034704,13.919,0,-5.360569e-7,-1.943807e-7,5.702113e-7,-160.069,8.938061e-7,0,0,0,0
4762,1780760034753,12.656,0,-5.611561e-7,-1.858074e-7,5.911181e-7,-161.679,8.932936e-7,0,0,0,0
4763,1780760034802,14.332,0,-5.838297e-7,-1.788325e-7,6.106048e-7,-162.970,8.926997e-7,0,0,0,0
4764,1780760034853,11.779,0,-5.987938e-7,-1.718876e-7,6.229762e-7,-163.984,8.923170e-7,0,0,0,0
4765,1780760034902,13.387,0,-6.141967e-7,-1.851785e-7,6.415050e-7,-163.222,8.918809e-7,0,0,0,0
4766,1780760034953,13.279,0,-6.115770e-7,-1.954427e-7,6.420470e-7,-162.278,8.915967e-7,0,0,0,0
4767,1780760035003,14.508,0,-6.060821e-7,-2.242628e-7,6.462425e-7,-159.694,8.913391e-7,0,0,0,0
4768,1780760035053,12.497,0,-5.877669e-7,-2.528397e-7,6.398420e-7,-156.724,8.910122e-7,0,0,0,0
4769,1780760035103,13.908,0,-5.681135e-7,-2.840669e-7,6.351747e-7,-153.434,8.907681e-7,0,0,0,0
4770,1780760035153,14.162,0,-5.465316e-7,-3.161017e-7,6.313613e-7,-149.956,8.904385e-7,0,0,0,0
4771,1780760035204,14.563,0,-5.170684e-7,-3.444128e-7,6.212728e-7,-146.333,8.901830e-7,0,0,0,0
4772,1780760035255,14.548,0,-4.980494e-7,-3.845955e-7,6.292590e-7,-142.325,8.898335e-7,0,0,0,0
4773,1780760035306,11.954,0,-4.595452e-7,-4.061366e-7,6.132933e-7,-138.530,8.895574e-7,0,0,0,0
4774,1780760035355,13.342,0,-4.277994e-7,-4.377169e-7,6.120527e-7,-134.344,8.892690e-7,0,0,0,0
4775,1780760035404,12.261,0,-3.936736e-7,-4.653701e-7,6.095475e-7,-130.229,8.888587e-7,0,0,0,0
4776,1780760035453,14.244,0,-3.612148e-7,-4.902713e-7,6.089680e-7,-126.381,8.885385e-7,0,0,0,0
4777,1780760035503,12.285,0,-3.403337e-7,-5.212630e-7,6.225288e-7,-123.141,8.880866e-7,0,0,0,0
4778,1780760035553,13.293,0,-3.113452e-7,-5.396762e-7,6.230459e-7,-119.981,8.877217e-7,0,0,0,0
4779,1780760035603,14.338,0,-2.980901e-7,-5.649355e-7,6.387565e-7,-117.819,8.873324e-7,0,0,0,0
4780,1780760035653,12.237,0,-2.736563e-7,-5.754143e-7,6.371729e-7,-115.435,8.867470e-7,0,0,0,0
4781,1780760035703,13.160,0,-2.541004e-7,-5.821641e-7,6.352024e-7,-113.580,8.862619e-7,0,0,0,0
4782,1780760035753,14.208,0,-2.335610e-7,-5.779253e-7,6.233365e-7,-112.005,8.855392e-7,0,0,0,0
4783,1780760035805,13.789,0,-2.093903e-7,-5.623497e-7,6.000679e-7,-110.423,8.849586e-7,0,0,0,0
4784,1780760035856,13.239,0,-1.985452e-7,-5.625199e-7,5.965307e-7,-109.441,8.841422e-7,0,0,0,0
4785,1780760035907,13.361,0,-1.856137e-7,-5.506150e-7,5.810588e-7,-108.629,8.835055e-7,0,0,0,0
4786,1780760035957,14.566,0,-1.895203e-7,-5.485557e-7,5.803717e-7,-109.059,8.828522e-7,0,0,0,0
4787,1780760036008,12.062,0,-1.932463e-7,-5.315395e-7,5.655779e-7,-109.979,8.819137e-7,0,0,0,0
4788,1780760036057,13.438,0,-2.014842e-7,-5.104081e-7,5.487370e-7,-111.542,8.811800e-7,0,0,0,0
4789,1780760036108,14.053,0,-2.201143e-7,-4.932717e-7,5.401549e-7,-114.048,8.801616e-7,0,0,0,0
4790,1780760036158,11.975,0,-2.341030e-7,-4.643597e-7,5.200328e-7,-116.755,8.793824e-7,0,0,0,0
4791,1780760036207,13.326,0,-2.609678e-7,-4.533646e-7,5.231096e-7,-119.926,8.786061e-7,0,0,0,0
4792,1780760036258,13.727,0,-2.724333e-7,-4.355439e-7,5.137299e-7,-122.026,8.775732e-7,0,0,0,0
4793,1780760036309,14.104,0,-2.939612e-7,-4.198617e-7,5.125398e-7,-124.997,8.768179e-7,0,0,0,0
4794,1780760036358,12.796,0,-3.207061e-7,-4.033987e-7,5.153473e-7,-128.485,8.758099e-7,0,0,0,0
4795,1780760036408,14.110,0,-3.440483e-7,-3.802629e-7,5.128051e-7,-132.138,8.750677e-7,0,0,0,0
4796,1780760036457,13.003,0,-3.781479e-7,-3.678987e-7,5.275844e-7,-135.787,8.743402e-7,0,0,0,0
4797,1780760036505,12.746,0,-4.042875e-7,-3.476094e-7,5.331797e-7,-139.311,8.733966e-7,0,0,0,0
4798,1780760036553,12.177,0,-4.344843e-7,-3.418423e-7,5.528406e-7,-141.805,8.727054e-7,0,0,0,0
4799,1780760036603,14.065,0,-4.538670e-7,-3.319925e-7,5.623293e-7,-143.815,8.717879e-7,0,0,0,0
4800,1780760036653,14.077,0,-4.721891e-7,-3.290034e-7,5.755048e-7,-145.133,8.711019e-7,0,0,0,0
4801,1780760036703,12.277,0,-4.874707e-7,-3.219176e-7,5.841735e-7,-146.560,8.701934e-7,0,0,0,0
4802,1780760036752,11.798,0,-4.935859e-7,-3.129974e-7,5.844608e-7,-147.620,8.695340e-7,0,0,0,0
4803,1780760036801,13.363,0,-5.075677e-7,-3.239899e-7,6.021581e-7,-147.449,8.688894e-7,0,0,0,0
4804,1780760036852,13.260,0,-5.101462e-7,-3.311549e-7,6.082045e-7,-147.011,8.680397e-7,0,0,0,0
4805,1780760036903,13.357,0,-5.186180e-7,-3.477217e-7,6.243997e-7,-146.159,8.674076e-7,0,0,0,0
4806,1780760036954,13.241,0,-5.184333e-7,-3.661729e-7,6.347092e-7,-144.766,8.665534e-7,0,0,0,0
4807,1780760037003,12.218,0,-5.114475e-7,-3.876328e-7,6.417459e-7,-142.841,8.659067e-7,0,0,0,0
4808,1780760037052,14.141,0,-5.045839e-7,-4.191101e-7,6.559407e-7,-140.287,8.652483e-7,0,0,0,0
4809,1780760037102,12.608,0,-4.834742e-7,-4.436999e-7,6.562140e-7,-137.456,8.643572e-7,0,0,0,0
4810,1780760037151,14.331,0,-4.710640e-7,-4.785469e-7,6.714972e-7,-134.549,8.636838e-7,0,0,0,0
4811,1780760037202,14.567,0,-4.547656e-7,-5.005531e-7,6.762878e-7,-132.256,8.627550e-7,0,0,0,0
4812,1780760037252,12.177,0,-4.365095e-7,-5.301680e-7,6.867450e-7,-129.466,8.620278e-7,0,0,0,0
4813,1780760037302,13.357,0,-4.143782e-7,-5.584675e-7,6.954101e-7,-126.575,8.612680e-7,0,0,0,0
4814,1780760037352,14.460,0,-3.835297e-7,-5.791706e-7,6.946464e-7,-123.513,8.601964e-7,0,0,0,0
4815,1780760037403,14.250,0,-3.576587e-7,-6.103986e-7,7.074646e-7,-120.368,8.593602e-7,0,0,0,0
4816,1780760037453,12.325,0,-3.234868e-7,-6.250473e-7,7.037953e-7,-117.363,8.582216e-7,0,0,0,0
4817,1780760037502,14.353,0,-2.978174e-7,-6.481774e-7,7.133226e-7,-114.677,8.573486e-7,0,0,0,0
4818,1780760037553,14.243,0,-2.686667e-7,-6.601418e-7,7.127195e-7,-112.146,8.561394e-7,0,0,0,0
4819,1780760037603,12.760,0,-2.422056e-7,-6.701690e-7,7.125939e-7,-109.870,8.551883e-7,0,0,0,0
4820,1780760037653,13.366,0,-2.136640e-7,-6.706740e-7,7.038863e-7,-107.671,8.541936e-7,0,0,0,0
4821,1780760037703,11.926,0,-1.807908e-7,-6.575880e-7,6.819877e-7,-105.373,8.528518e-7,0,0,0,0
4822,1780760037752,13.273,0,-1.591800e-7,-6.552493e-7,6.743070e-7,-103.654,8.518569e-7,0,0,0,0
4823,1780760037801,12.357,0,-1.326949e-7,-6.364697e-7,6.501551e-7,-101.777,8.505464e-7,0,0,0,0
4824,1780760037850,14.145,0,-1.172200e-7,-6.218916e-7,6.328426e-7,-100.674,8.495803e-7,0,0,0,0
4825,1780760037901,14.532,0,-1.089743e-7,-5.979240e-7,6.077734e-7,-100.329,8.485939e-7,0,0,0,0
4826,1780760037951,12.691,0,-1.092832e-7,-5.675067e-7,5.779331e-7,-100.900,8.472862e-7,0,0,0,0
4827,1780760038001,13.650,0,-1.217729e-7,-5.456794e-7,5.591016e-7,-102.580,8.463111e-7,0,0,0,0
4828,1780760038052,13.444,0,-1.294029e-7,-5.116580e-7,5.277679e-7,-104.193,8.450650e-7,0,0,0,0
4829,1780760038103,13.431,0,-1.478625e-7,-4.844893e-7,5.065503e-7,-106.972,8.442035e-7,0,0,0,0
4830,1780760038152,12.339,0,-1.660311e-7,-4.367451e-7,4.672394e-7,-110.815,8.434004e-7,0,0,0,0
4831,1780760038202,13.637,0,-1.864747e-7,-3.990031e-7,4.404273e-7,-115.049,8.424224e-7,0,0,0,0
4832,1780760038253,13.355,0,-2.057971e-7,-3.676395e-7,4.213208e-7,-119.239,8.417474e-7,0,0,0,0
4833,1780760038302,12.554,0,-2.233877e-7,-3.426179e-7,4.090099e-7,-123.104,8.409298e-7,0,0,0,0
4834,1780760038351,14.225,0,-2.468641e-7,-3.349418e-7,4.160864e-7,-126.392,8.403834e-7,0,0,0,0
4835,1780760038402,14.566,0,-2.614294e-7,-3.153427e-7,4.096173e-7,-129.660,8.397277e-7,0,0,0,0
4836,1780760038453,14.206,0,-2.841089e-7,-3.101060e-7,4.205753e-7,-132.495,8.392718e-7,0,0,0,0
4837,1780760038503,12.149,0,-3.011637e-7,-3.021741e-7,4.266249e-7,-134.904,8.388214e-7,0,0,0,0
4838,1780760038553,13.305,0,-3.192201e-7,-2.992573e-7,4.375573e-7,-136.849,8.382086e-7,0,0,0,0
4839,1780760038604,13.285,0,-3.350501e-7,-3.162523e-7,4.607321e-7,-136.653,8.377265e-7,0,0,0,0
4840,1780760038653,12.176,0,-3.402448e-7,-3.266480e-7,4.716625e-7,-136.168,8.370480e-7,0,0,0,0
4841,1780760038702,14.456,0,-3.465378e-7,-3.547914e-7,4.959490e-7,-134.326,8.365066e-7,0,0,0,0
4842,1780760038753,14.629,0,-3.467265e-7,-3.720368e-7,5.085574e-7,-132.983,8.359339e-7,0,0,0,0
4843,1780760038803,12.189,0,-3.564041e-7,-4.000722e-7,5.358000e-7,-131.696,8.351135e-7,0,0,0,0
4844,1780760038852,14.199,0,-3.582119e-7,-4.274788e-7,5.577220e-7,-129.962,8.344355e-7,0,0,0,0
4845,1780760038903,14.445,0,-3.538169e-7,-4.532387e-7,5.749885e-7,-127.977,8.334550e-7,0,0,0,0
4846,1780760038954,12.119,0,-3.541605e-7,-4.917554e-7,6.060141e-7,-125.761,8.326712e-7,0,0,0,0
4847,1780760039003,13.693,0,-3.416990e-7,-5.184918e-7,6.209605e-7,-123.386,8.318539e-7,0,0,0,0
4848,1780760039053,14.085,0,-3.267734e-7,-5.636606e-7,6.515321e-7,-120.102,8.307175e-7,0,0,0,0
4849,1780760039103,12.189,0,-2.962537e-7,-5.984262e-7,6.677426e-7,-116.338,8.298350e-7,0,0,0,0
4850,1780760039152,14.169,0,-2.663742e-7,-6.297052e-7,6.837279e-7,-112.929,8.286409e-7,0,0,0,0
4851,1780760039203,14.639,0,-2.340644e-7,-6.556430e-7,6.961709e-7,-109.647,8.277419e-7,0,0,0,0
4852,1780760039251,14.126,0,-1.980833e-7,-6.737615e-7,7.022760e-7,-106.383,8.265583e-7,0,0,0,0
4853,1780760039302,14.553,0,-1.637128e-7,-7.010192e-7,7.198818e-7,-103.145,8.256810e-7,0,0,0,0
4854,1780760039353,14.094,0,-1.241878e-7,-7.107048e-7,7.214734e-7,-99.912,8.248183e-7,0,0,0,0
4855,1780760039403,12.204,0,-8.911951e-8,-7.296325e-7,7.350550e-7,-96.964,8.237376e-7,0,0,0,0
4856,1780760039453,13.263,0,-5.390125e-8,-7.359493e-7,7.379206e-7,-94.189,8.229974e-7,0,0,0,0
4857,1780760039504,13.275,0,-1.856951e-8,-7.410536e-7,7.412862e-7,-91.435,8.221184e-7,0,0,0,0
4858,1780760039553,12.138,0,1.270239e-8,-7.565815e-7,7.566881e-7,-89.038,8.215637e-7,0,0,0,0
4859,1780760039603,13.254,0,4.352470e-8,-7.589947e-7,7.602417e-7,-86.718,8.211172e-7,0,0,0,0
4860,1780760039652,12.101,0,5.954068e-8,-7.721626e-7,7.744548e-7,-85.591,8.206884e-7,0,0,0,0
4861,1780760039701,11.768,0,7.355689e-8,-7.653005e-7,7.688273e-7,-84.510,8.204616e-7,0,0,0,0
4862,1780760039750,13.976,0,7.659514e-8,-7.617816e-7,7.656226e-7,-84.258,8.202446e-7,0,0,0,0
4863,1780760039800,12.079,0,8.123520e-8,-7.478394e-7,7.522386e-7,-83.800,8.201070e-7,0,0,0,0
4864,1780760039848,14.298,0,7.967945e-8,-7.260507e-7,7.304097e-7,-83.737,8.199896e-7,0,0,0,0
4865,1780760039899,12.075,0,6.963788e-8,-7.098350e-7,7.132428e-7,-84.397,8.198395e-7,0,0,0,0
4866,1780760039948,13.294,0,5.670910e-8,-6.765925e-7,6.789649e-7,-85.209,8.197090e-7,0,0,0,0
4867,1780760039998,14.341,0,2.278410e-8,-6.688812e-7,6.692692e-7,-88.049,8.194792e-7,0,0,0,0
4868,1780760040049,14.277,0,-1.378502e-8,-6.556947e-7,6.558396e-7,-91.204,8.192155e-7,0,0,0,0
4869,1780760040099,12.377,0,-5.369852e-8,-6.476679e-7,6.498902e-7,-94.740,8.187200e-7,0,0,0,0
4870,1780760040148,14.293,0,-9.006673e-8,-6.326452e-7,6.390242e-7,-98.102,8.182333e-7,0,0,0,0
4871,1780760040198,12.319,0,-1.254187e-7,-6.030548e-7,6.159585e-7,-101.748,8.176540e-7,0,0,0,0
4872,1780760040248,13.280,0,-1.577029e-7,-5.919116e-7,6.125598e-7,-104.919,8.167340e-7,0,0,0,0
4873,1780760040299,13.254,0,-1.789524e-7,-5.678725e-7,5.954017e-7,-107.491,8.159494e-7,0,0,0,0
4874,1780760040349,14.315,0,-2.029547e-7,-5.593157e-7,5.949997e-7,-109.944,8.148022e-7,0,0,0,0
4875,1780760040399,12.759,0,-2.154152e-7,-5.477404e-7,5.885773e-7,-111.469,8.138630e-7,0,0,0,0
4876,1780760040449,13.222,0,-2.239150e-7,-5.435233e-7,5.878397e-7,-112.390,8.128548e-7,0,0,0,0
4877,1780760040500,13.343,0,-2.341822e-7,-5.529236e-7,6.004713e-7,-112.954,8.114064e-7,0,0,0,0
4878,1780760040549,12.246,0,-2.319107e-7,-5.528558e-7,5.995266e-7,-112.757,8.102467e-7,0,0,0,0
4879,1780760040599,13.361,0,-2.290463e-7,-5.753919e-7,6.193045e-7,-111.706,8.086292e-7,0,0,0,0
4880,1780760040648,12.249,0,-2.194820e-7,-5.892027e-7,6.287545e-7,-110.431,8.073745e-7,0,0,0,0
4881,1780760040697,14.134,0,-2.145314e-7,-6.135157e-7,6.499425e-7,-109.273,8.060863e-7,0,0,0,0
4882,1780760040747,12.680,0,-2.066477e-7,-6.352814e-7,6.680462e-7,-108.019,8.043234e-7,0,0,0,0
4883,1780760040797,13.381,0,-1.942472e-7,-6.560394e-7,6.841927e-7,-106.494,8.029794e-7,0,0,0,0
4884,1780760040846,12.686,0,-1.774369e-7,-6.833000e-7,7.059622e-7,-104.557,8.012107e-7,0,0,0,0
4885,1780760040896,13.263,0,-1.497474e-7,-6.979517e-7,7.138354e-7,-102.109,7.999416e-7,0,0,0,0
4886,1780760040947,13.344,0,-1.335862e-7,-7.363586e-7,7.483778e-7,-100.282,7.983768e-7,0,0,0,0
4887,1780760040998,13.313,0,-1.164124e-7,-7.593237e-7,7.681955e-7,-98.716,7.972940e-7,0,0,0,0
4888,1780760041048,14.202,0,-9.768140e-8,-7.882818e-7,7.943110e-7,-97.064,7.962922e-7,0,0,0,0
4889,1780760041099,14.353,0,-7.303366e-8,-8.084170e-7,8.117093e-7,-95.162,7.950984e-7,0,0,0,0
4890,1780760041150,11.912,0,-4.574596e-8,-8.105715e-7,8.118613e-7,-93.230,7.943131e-7,0,0,0,0
4891,1780760041198,14.291,0,-1.353363e-8,-8.194970e-7,8.196087e-7,-90.946,7.934668e-7,0,0,0,0
4892,1780760041249,14.496,0,1.897437e-8,-8.125639e-7,8.127854e-7,-88.662,7.929784e-7,0,0,0,0
4893,1780760041299,12.348,0,4.165793e-8,-8.167555e-7,8.178172e-7,-87.080,7.925982e-7,0,0,0,0
4894,1780760041349,13.317,0,6.346469e-8,-8.097471e-7,8.122303e-7,-85.519,7.922240e-7,0,0,0,0
4895,1780760041399,14.361,0,7.722360e-8,-8.027258e-7,8.064318e-7,-84.505,7.920201e-7,0,0,0,0
4896,1780760041449,12.858,0,7.823731e-8,-7.895367e-7,7.934036e-7,-84.341,7.917911e-7,0,0,0,0
4897,1780760041499,13.321,0,7.851042e-8,-7.666060e-7,7.706157e-7,-84.153,7.916132e-7,0,0,0,0
4898,1780760041549,14.227,0,7.505334e-8,-7.573469e-7,7.610567e-7,-84.340,7.913569e-7,0,0,0,0
4899,1780760041599,12.290,0,7.515837e-8,-7.269462e-7,7.308211e-7,-84.097,7.911264e-7,0,0,0,0
4900,1780760041648,14.544,0,7.565981e-8,-7.060595e-7,7.101017e-7,-83.884,7.908610e-7,0,0,0,0
4901,1780760041698,12.196,0,7.941623e-8,-6.751027e-7,6.797577e-7,-83.291,7.904525e-7,0,0,0,0
4902,1780760041747,14.486,0,8.243085e-8,-6.427569e-7,6.480211e-7,-82.692,7.900927e-7,0,0,0,0
4903,1780760041798,14.541,0,8.172535e-8,-6.191850e-7,6.245551e-7,-82.481,7.895367e-7,0,0,0,0
4904,1780760041849,14.474,0,7.771192e-8,-5.873518e-7,5.924705e-7,-82.463,7.890530e-7,0,0,0,0
4905,1780760041899,12.378,0,7.318067e-8,-5.663099e-7,5.710187e-7,-82.637,7.885010e-7,0,0,0,0
4906,1780760041949,13.245,0,6.549117e-8,-5.339527e-7,5.379540e-7,-83.007,7.876540e-7,0,0,0,0
4907,1780760041999,14.374,0,5.445757e-8,-5.156819e-7,5.185493e-7,-83.972,7.869169e-7,0,0,0,0
4908,1780760042050,11.796,0,4.373197e-8,-4.961327e-7,4.980564e-7,-84.963,7.857990e-7,0,0,0,0
4909,1780760042099,13.528,0,3.711000e-8,-4.748551e-7,4.763030e-7,-85.531,7.848599e-7,0,0,0,0
4910,1780760042150,13.090,0,2.822269e-8,-4.688902e-7,4.697388e-7,-86.555,7.838384e-7,0,0,0,0
4911,1780760042200,14.568,0,1.863476e-8,-4.550149e-7,4.553963e-7,-87.655,7.823518e-7,0,0,0,0
4912,1780760042251,14.302,0,7.675761e-9,-4.579659e-7,4.580302e-7,-89.040,7.811645e-7,0,0,0,0
4913,1780760042302,14.131,0,-1.907958e-9,-4.525795e-7,4.525836e-7,-90.242,7.795423e-7,0,0,0,0
4914,1780760042353,14.081,0,-1.269860e-8,-4.500286e-7,4.502077e-7,-91.616,7.783312e-7,0,0,0,0
4915,1780760042403,12.210,0,-2.554164e-8,-4.419515e-7,4.426890e-7,-93.308,7.767547e-7,0,0,0,0
4916,1780760042453,13.558,0,-4.208964e-8,-4.367102e-7,4.387338e-7,-95.505,7.755942e-7,0,0,0,0
4917,1780760042503,14.175,0,-5.389482e-8,-4.492910e-7,4.525120e-7,-96.840,7.744652e-7,0,0,0,0
4918,1780760042553,12.110,0,-5.685428e-8,-4.482582e-7,4.518494e-7,-97.228,7.730173e-7,0,0,0,0
4919,1780760042603,13.576,0,-5.432099e-8,-4.663044e-7,4.694577e-7,-96.645,7.720044e-7,0,0,0,0
4920,1780760042653,11.842,0,-5.104466e-8,-4.753644e-7,4.780972e-7,-96.129,7.707817e-7,0,0,0,0
4921,1780760042702,13.530,0,-4.529163e-8,-4.993223e-7,5.013722e-7,-95.183,7.699236e-7,0,0,0,0
4922,1780760042752,11.742,0,-3.257813e-8,-5.237648e-7,5.247770e-7,-93.559,7.691211e-7,0,0,0,0
4923,1780760042801,13.975,0,-1.526490e-8,-5.460940e-7,5.463073e-7,-91.601,7.681493e-7,0,0,0,0
4924,1780760042851,14.487,0,-4.281302e-9,-5.746701e-7,5.746860e-7,-90.427,7.674939e-7,0,0,0,0
4925,1780760042902,14.550,0,9.239516e-9,-5.926080e-7,5.926800e-7,-89.107,7.666941e-7,0,0,0,0
4926,1780760042953,14.223,0,2.404334e-8,-6.268964e-7,6.273573e-7,-87.804,7.661416e-7,0,0,0,0
4927,1780760043004,14.660,0,4.069718e-8,-6.493611e-7,6.506351e-7,-86.414,7.656321e-7,0,0,0,0
4928,1780760043055,14.542,0,5.941928e-8,-6.781439e-7,6.807421e-7,-84.993,7.649789e-7,0,0,0,0
4929,1780760043106,14.620,0,8.233709e-8,-7.064825e-7,7.112643e-7,-83.352,7.644914e-7,0,0,0,0
4930,1780760043157,14.443,0,1.099760e-7,-7.193023e-7,7.276609e-7,-81.307,7.638260e-7,0,0,0,0
4931,1780760043208,14.648,0,1.405698e-7,-7.452209e-7,7.583627e-7,-79.318,7.633252e-7,0,0,0,0
4932,1780760043258,12.995,0,1.687893e-7,-7.493975e-7,7.681709e-7,-77.307,7.626798e-7,0,0,0,0
4933,1780760043307,14.611,0,1.955211e-7,-7.605988e-7,7.853274e-7,-75.584,7.621999e-7,0,0,0,0
4934,1780760043358,11.843,0,2.231801e-7,-7.652882e-7,7.971671e-7,-73.742,7.617415e-7,0,0,0,0
4935,1780760043407,13.327,0,2.460257e-7,-7.603782e-7,7.991893e-7,-72.071,7.611716e-7,0,0,0,0
4936,1780760043458,14.029,0,2.627362e-7,-7.612511e-7,8.053158e-7,-70.959,7.607841e-7,0,0,0,0
4937,1780760043508,11.936,0,2.740736e-7,-7.489222e-7,7.974966e-7,-69.900,7.603016e-7,0,0,0,0
4938,1780760043557,13.378,0,2.814977e-7,-7.504940e-7,8.015498e-7,-69.440,7.599727e-7,0,0,0,0
4939,1780760043608,13.337,0,2.838693e-7,-7.348702e-7,7.877919e-7,-68.879,7.596960e-7,0,0,0,0
4940,1780760043658,11.994,0,2.786707e-7,-7.237874e-7,7.755808e-7,-68.942,7.593589e-7,0,0,0,0
4941,1780760043707,13.936,0,2.713233e-7,-7.054805e-7,7.558565e-7,-68.964,7.591117e-7,0,0,0,0
4942,1780760043757,14.509,0,2.636858e-7,-6.793490e-7,7.287285e-7,-68.787,7.587463e-7,0,0,0,0
4943,1780760043808,12.025,0,2.604753e-7,-6.774355e-7,7.257866e-7,-68.968,7.584523e-7,0,0,0,0
4944,1780760043856,14.492,0,2.539212e-7,-6.595100e-7,7.067032e-7,-68.943,7.581638e-7,0,0,0,0
4945,1780760043907,11.987,0,2.456291e-7,-6.537759e-7,6.983957e-7,-69.408,7.577615e-7,0,0,0,0
4946,1780760043956,13.247,0,2.345337e-7,-6.321721e-7,6.742756e-7,-69.645,7.574656e-7,0,0,0,0
4947,1780760044005,12.630,0,2.193032e-7,-6.099060e-7,6.481352e-7,-70.223,7.570520e-7,0,0,0,0
4948,1780760044054,14.162,0,1.990898e-7,-5.901956e-7,6.228704e-7,-71.359,7.567312e-7,0,0,0,0
4949,1780760044105,14.507,0,1.798296e-7,-5.645339e-7,5.924839e-7,-72.331,7.562708e-7,0,0,0,0
4950,1780760044156,11.616,0,1.610236e-7,-5.585074e-7,5.812565e-7,-73.917,7.559126e-7,0,0,0,0
4951,1780760044205,13.347,0,1.405103e-7,-5.457286e-7,5.635271e-7,-75.561,7.555450e-7,0,0,0,0
4952,1780760044256,13.288,0,1.248066e-7,-5.451466e-7,5.592508e-7,-77.105,7.549923e-7,0,0,0,0
4953,1780760044305,12.583,0,1.135724e-7,-5.350735e-7,5.469939e-7,-78.016,7.545593e-7,0,0,0,0
4954,1780760044355,13.184,0,1.046423e-7,-5.386876e-7,5.487571e-7,-79.007,7.539455e-7,0,0,0,0
4955,1780760044405,11.905,0,1.014093e-7,-5.529327e-7,5.621552e-7,-79.607,7.534661e-7,0,0,0,0
4956,1780760044453,14.104,0,9.962249e-8,-5.572999e-7,5.661341e-7,-79.865,7.529679e-7,0,0,0,0
4957,1780760044503,12.099,0,1.058943e-7,-5.840117e-7,5.935346e-7,-79.723,7.521937e-7,0,0,0,0
4958,1780760044552,14.210,0,1.132842e-7,-5.990914e-7,6.097079e-7,-79.292,7.515304e-7,0,0,0,0
4959,1780760044603,14.134,0,1.227926e-7,-6.278129e-7,6.397086e-7,-78.933,7.505014e-7,0,0,0,0
4960,1780760044654,14.494,0,1.331731e-7,-6.554847e-7,6.688761e-7,-78.516,7.496577e-7,0,0,0,0
4961,1780760044705,14.594,0,1.486553e-7,-6.766450e-7,6.927820e-7,-77.609,7.487539e-7,0,0,0,0
4962,1780760044756,11.964,0,1.615745e-7,-7.160318e-7,7.340353e-7,-77.284,7.475189e-7,0,0,0,0
4963,1780760044805,13.223,0,1.739981e-7,-7.411111e-7,7.612627e-7,-76.787,7.465850e-7,0,0,0,0
4964,1780760044856,13.250,0,1.900369e-7,-7.780220e-7,8.008947e-7,-76.274,7.453308e-7,0,0,0,0
4965,1780760044907,13.245,0,2.085358e-7,-8.029756e-7,8.296126e-7,-75.442,7.444350e-7,0,0,0,0
4966,1780760044958,13.367,0,2.266401e-7,-8.320717e-7,8.623857e-7,-74.763,7.433245e-7,0,0,0,0
4967,1780760045009,13.311,0,2.477901e-7,-8.577126e-7,8.927882e-7,-73.886,7.426372e-7,0,0,0,0
4968,1780760045059,11.718,0,2.687337e-7,-8.664060e-7,9.071258e-7,-72.768,7.420907e-7,0,0,0,0
4969,1780760045108,13.326,0,2.930815e-7,-8.845434e-7,9.318335e-7,-71.668,7.415916e-7,0,0,0,0
4970,1780760045159,13.240,0,3.130687e-7,-8.780469e-7,9.321901e-7,-70.376,7.414193e-7,0,0,0,0
4971,1780760045209,14.267,0,3.380049e-7,-8.831706e-7,9.456414e-7,-69.057,7.414271e-7,0,0,0,0
4972,1780760045260,14.516,0,3.604902e-7,-8.772297e-7,9.484119e-7,-67.660,7.416269e-7,0,0,0,0
4973,1780760045311,14.648,0,3.738426e-7,-8.671590e-7,9.443108e-7,-66.679,7.419546e-7,0,0,0,0
4974,1780760045361,12.806,0,3.815190e-7,-8.573359e-7,9.383931e-7,-66.011,7.425398e-7,0,0,0,0
4975,1780760045410,14.674,0,3.792554e-7,-8.267007e-7,9.095431e-7,-65.356,7.430527e-7,0,0,0,0
4976,1780760045459,13.770,0,3.743645e-7,-8.074720e-7,8.900336e-7,-65.126,7.437854e-7,0,0,0,0
4977,1780760045509,14.325,0,3.639099e-7,-7.683793e-7,8.501983e-7,-64.657,7.443746e-7,0,0,0,0
4978,1780760045560,14.635,0,3.468759e-7,-7.397785e-7,8.170649e-7,-64.879,7.449496e-7,0,0,0,0
4979,1780760045611,14.343,0,3.240165e-7,-7.064485e-7,7.772105e-7,-65.361,7.456685e-7,0,0,0,0
4980,1780760045662,11.750,0,3.003403e-7,-6.770506e-7,7.406765e-7,-66.078,7.461327e-7,0,0,0,0
4981,1780760045711,13.192,0,2.714830e-7,-6.653451e-7,7.186008e-7,-67.803,7.466244e-7,0,0,0,0
4982,1780760045762,13.316,0,2.430126e-7,-6.395881e-7,6.841988e-7,-69.196,7.468828e-7,0,0,0,0
4983,1780760045812,14.394,0,2.163267e-7,-6.343922e-7,6.702617e-7,-71.171,7.470565e-7,0,0,0,0
4984,1780760045863,14.536,0,1.914632e-7,-6.141723e-7,6.433240e-7,-72.686,7.470715e-7,0,0,0,0
4985,1780760045913,12.309,0,1.717171e-7,-6.025960e-7,6.265849e-7,-74.094,7.469861e-7,0,0,0,0
4986,1780760045962,14.349,0,1.540983e-7,-5.932113e-7,6.128997e-7,-75.438,7.467788e-7,0,0,0,0
4987,1780760046013,14.578,0,1.391592e-7,-5.821511e-7,5.985526e-7,-76.556,7.465332e-7,0,0,0,0
4988,1780760046064,14.590,0,1.336106e-7,-5.907583e-7,6.056791e-7,-77.256,7.460822e-7,0,0,0,0
4989,1780760046115,14.565,0,1.269993e-7,-5.857455e-7,5.993552e-7,-77.767,7.456733e-7,0,0,0,0
4990,1780760046166,14.611,0,1.299579e-7,-5.893686e-7,6.035266e-7,-77.565,7.451835e-7,0,0,0,0
4991,1780760046216,12.656,0,1.305586e-7,-5.874775e-7,6.018101e-7,-77.470,7.444700e-7,0,0,0,0
4992,1780760046265,14.548,0,1.301873e-7,-5.933236e-7,6.074386e-7,-77.624,7.438814e-7,0,0,0,0
4993,1780760046316,11.824,0,1.325998e-7,-6.117108e-7,6.259176e-7,-77.769,7.430547e-7,0,0,0,0
4994,1780760046365,13.180,0,1.420637e-7,-6.254818e-7,6.414122e-7,-77.204,7.424275e-7,0,0,0,0
4995,1780760046414,12.215,0,1.603501e-7,-6.541261e-7,6.734932e-7,-76.226,7.417843e-7,0,0,0,0
4996,1780760046464,13.835,0,1.772209e-7,-6.668476e-7,6.899949e-7,-75.117,7.409824e-7,0,0,0,0
4997,1780760046515,13.335,0,1.976007e-7,-6.892150e-7,7.169821e-7,-74.002,7.404307e-7,0,0,0,0
4998,1780760046566,13.637,0,2.140321e-7,-7.072550e-7,7.389313e-7,-73.163,7.398437e-7,0,0,0,0
4999,1780760046616,14.581,0,2.298197e-7,-7.227889e-7,7.584464e-7,-72.361,7.395040e-7,0,0,0,0
5000,1780760046666,12.568,0,2.522763e-7,-7.482437e-7,7.896277e-7,-71.368,7.392116e-7,0,0,0,0
5001,1780760046715,14.123,0,2.715439e-7,-7.557698e-7,8.030716e-7,-70.237,7.391297e-7,0,0,0,0
5002,1780760046766,14.647,0,2.929753e-7,-7.770487e-7,8.304452e-7,-69.342,7.391307e-7,0,0,0,0
5003,1780760046816,12.603,0,3.041805e-7,-7.901800e-7,8.467055e-7,-68.946,7.392763e-7,0,0,0,0
5004,1780760046866,13.339,0,3.138675e-7,-8.072257e-7,8.660983e-7,-68.753,7.394112e-7,0,0,0,0
5005,1780760046917,13.340,0,3.263942e-7,-8.227586e-7,8.851355e-7,-68.361,7.395915e-7,0,0,0,0
5006,1780760046966,12.545,0,3.399880e-7,-8.266825e-7,8.938656e-7,-67.644,7.397094e-7,0,0,0,0
5007,1780760047016,13.542,0,3.595150e-7,-8.435066e-7,9.169266e-7,-66.916,7.398072e-7,0,0,0,0
5008,1780760047067,13.263,0,3.778453e-7,-8.440271e-7,9.247425e-7,-65.883,7.399410e-7,0,0,0,0
5009,1780760047118,13.236,0,3.944922e-7,-8.620289e-7,9.480073e-7,-65.410,7.400108e-7,0,0,0,0
5010,1780760047169,13.303,0,4.084290e-7,-8.663236e-7,9.577739e-7,-64.758,7.400830e-7,0,0,0,0
5011,1780760047218,12.106,0,4.211466e-7,-8.616542e-7,9.590686e-7,-63.952,7.400832e-7,0,0,0,0
5012,1780760047267,14.345,0,4.342899e-7,-8.533336e-7,9.574894e-7,-63.027,7.400208e-7,0,0,0,0
5013,1780760047318,14.419,0,4.406726e-7,-8.306832e-7,9.403334e-7,-62.054,7.399215e-7,0,0,0,0
5014,1780760047369,11.937,0,4.535486e-7,-8.212368e-7,9.381557e-7,-61.089,7.397947e-7,0,0,0,0
5015,1780760047417,14.324,0,4.575445e-7,-7.937004e-7,9.161372e-7,-60.038,7.396764e-7,0,0,0,0
5016,1780760047466,13.027,0,4.629635e-7,-7.727907e-7,9.008555e-7,-59.075,7.395641e-7,0,0,0,0
5017,1780760047517,13.323,0,4.598452e-7,-7.395957e-7,8.708958e-7,-58.129,7.394360e-7,0,0,0,0
5018,1780760047566,12.614,0,4.557098e-7,-7.035286e-7,8.382267e-7,-57.067,7.393317e-7,0,0,0,0
5019,1780760047616,13.540,0,4.532753e-7,-6.796863e-7,8.169651e-7,-56.301,7.392501e-7,0,0,0,0
5020,1780760047664,13.016,0,4.437951e-7,-6.429586e-7,7.812489e-7,-55.385,7.392056e-7,0,0,0,0
5021,1780760047713,12.159,0,4.365428e-7,-6.271779e-7,7.641477e-7,-55.160,7.391832e-7,0,0,0,0
5022,1780760047763,13.225,0,4.222492e-7,-5.973616e-7,7.315294e-7,-54.745,7.392198e-7,0,0,0,0
5023,1780760047813,14.233,0,4.111327e-7,-5.769586e-7,7.084570e-7,-54.527,7.392662e-7,0,0,0,0
5024,1780760047864,14.541,0,3.982089e-7,-5.593246e-7,6.865962e-7,-54.551,7.393850e-7,0,0,0,0
5025,1780760047915,14.567,0,3.796051e-7,-5.382942e-7,6.586810e-7,-54.809,7.396204e-7,0,0,0,0
5026,1780760047966,14.559,0,3.671616e-7,-5.349905e-7,6.488624e-7,-55.538,7.398159e-7,0,0,0,0
5027,1780760048016,12.587,0,3.517221e-7,-5.205480e-7,6.282346e-7,-55.954,7.401385e-7,0,0,0,0
5028,1780760048066,13.228,0,3.305308e-7,-5.230302e-7,6.187174e-7,-57.709,7.403843e-7,0,0,0,0
5029,1780760048116,14.147,0,3.069459e-7,-5.213569e-7,6.050032e-7,-59.513,7.406880e-7,0,0,0,0
5030,1780760048166,12.570,0,2.820599e-7,-5.212838e-7,5.927011e-7,-61.583,7.408479e-7,0,0,0,0
5031,1780760048216,13.686,0,2.611070e-7,-5.285525e-7,5.895291e-7,-63.710,7.409505e-7,0,0,0,0
5032,1780760048266,14.573,0,2.381501e-7,-5.233373e-7,5.749760e-7,-65.532,7.409958e-7,0,0,0,0
5033,1780760048315,13.604,0,2.282105e-7,-5.371986e-7,5.836628e-7,-66.983,7.409573e-7,0,0,0,0
5034,1780760048366,13.597,0,2.215916e-7,-5.447587e-7,5.881028e-7,-67.865,7.408601e-7,0,0,0,0
5035,1780760048417,13.243,0,2.257868e-7,-5.656658e-7,6.090628e-7,-68.240,7.407242e-7,0,0,0,0
5036,1780760048466,12.556,0,2.325511e-7,-5.838328e-7,6.284431e-7,-68.282,7.405704e-7,0,0,0,0
5037,1780760048515,14.320,0,2.431458e-7,-6.122360e-7,6.587509e-7,-68.340,7.403397e-7,0,0,0,0
5038,1780760048566,14.536,0,2.559064e-7,-6.524401e-7,7.008325e-7,-68.583,7.401338e-7,0,0,0,0
5039,1780760048616,12.590,0,2.661847e-7,-6.757430e-7,7.262802e-7,-68.500,7.398129e-7,0,0,0,0
5040,1780760048665,14.095,0,2.833835e-7,-7.122088e-7,7.665165e-7,-68.303,7.395004e-7,0,0,0,0
5041,1780760048716,14.508,0,2.999363e-7,-7.274417e-7,7.868502e-7,-67.593,7.391580e-7,0,0,0,0
5042,1780760048766,12.912,0,3.225251e-7,-7.450913e-7,8.119012e-7,-66.594,7.386523e-7,0,0,0,0
5043,1780760048815,11.909,0,3.462301e-7,-7.609451e-7,8.360100e-7,-65.534,7.382949e-7,0,0,0,0
5044,1780760048863,14.045,0,3.678730e-7,-7.673695e-7,8.509915e-7,-64.387,7.378544e-7,0,0,0,0
5045,1780760048914,14.606,0,3.935297e-7,-7.832012e-7,8.765099e-7,-63.322,7.375550e-7,0,0,0,0
5046,1780760048963,13.709,0,4.139470e-7,-7.801010e-7,8.831249e-7,-62.048,7.372569e-7,0,0,0,0
5047,1780760049013,11.934,0,4.371767e-7,-7.758847e-7,8.905732e-7,-60.601,7.370713e-7,0,0,0,0
5048,1780760049062,13.952,0,4.522774e-7,-7.644582e-7,8.882293e-7,-59.390,7.369589e-7,0,0,0,0
5049,1780760049113,13.541,0,4.631690e-7,-7.492422e-7,8.808458e-7,-58.276,7.368617e-7,0,0,0,0
5050,1780760049164,13.329,0,4.722142e-7,-7.379899e-7,8.761366e-7,-57.386,7.368448e-7,0,0,0,0
5051,1780760049214,11.975,0,4.734861e-7,-7.130974e-7,8.559772e-7,-56.416,7.369270e-7,0,0,0,0
5052,1780760049263,13.949,0,4.764451e-7,-7.043278e-7,8.503397e-7,-55.923,7.370735e-7,0,0,0,0
5053,1780760049312,12.401,0,4.694273e-7,-6.782561e-7,8.248595e-7,-55.313,7.373140e-7,0,0,0,0
5054,1780760049362,13.413,0,4.640159e-7,-6.594598e-7,8.063486e-7,-54.869,7.376945e-7,0,0,0,0
5055,1780760049412,11.942,0,4.562953e-7,-6.349910e-7,7.819328e-7,-54.300,7.380306e-7,0,0,0,0
5056,1780760049461,13.852,0,4.416532e-7,-6.174748e-7,7.591658e-7,-54.425,7.385087e-7,0,0,0,0
5057,1780760049512,13.214,0,4.249924e-7,-6.128661e-7,7.458038e-7,-55.261,7.388455e-7,0,0,0,0
5058,1780760049563,13.372,0,4.001468e-7,-5.920581e-7,7.145980e-7,-55.947,7.391703e-7,0,0,0,0
5059,1780760049614,13.341,0,3.816020e-7,-5.841855e-7,6.977770e-7,-56.847,7.395068e-7,0,0,0,0
5060,1780760049665,13.205,0,3.575388e-7,-5.752666e-7,6.773224e-7,-58.138,7.397186e-7,0,0,0,0
5061,1780760049716,13.503,0,3.351184e-7,-5.721566e-7,6.630743e-7,-59.642,7.398977e-7,0,0,0,0
5062,1780760049767,13.361,0,3.148496e-7,-5.671845e-7,6.487130e-7,-60.965,7.399666e-7,0,0,0,0
5063,1780760049817,11.954,0,2.956993e-7,-5.525712e-7,6.267161e-7,-61.847,7.399613e-7,0,0,0,0
5064,1780760049866,13.270,0,2.876506e-7,-5.536027e-7,6.238740e-7,-62.544,7.398722e-7,0,0,0,0
5065,1780760049915,12.850,0,2.782353e-7,-5.440759e-7,6.110921e-7,-62.915,7.397148e-7,0,0,0,0
5066,1780760049965,13.213,0,2.824249e-7,-5.562827e-7,6.238704e-7,-63.083,7.393443e-7,0,0,0,0
5067,1780760050016,13.559,0,2.838521e-7,-5.629115e-7,6.304295e-7,-63.240,7.389948e-7,0,0,0,0
5068,1780760050066,14.206,0,2.847698e-7,-5.757026e-7,6.422829e-7,-63.681,7.383818e-7,0,0,0,0
5069,1780760050115,13.194,0,2.874330e-7,-5.970991e-7,6.626802e-7,-64.295,7.378190e-7,0,0,0,0
5070,1780760050165,14.610,0,2.858384e-7,-6.113456e-7,6.748681e-7,-64.941,7.371838e-7,0,0,0,0
5071,1780760050215,12.219,0,3.014450e-7,-6.401351e-7,7.075606e-7,-64.784,7.362179e-7,0,0,0,0
5072,1780760050265,13.528,0,3.129676e-7,-6.565994e-7,7.273730e-7,-64.515,7.354881e-7,0,0,0,0
5073,1780760050315,14.640,0,3.330693e-7,-6.788023e-7,7.561136e-7,-63.864,7.344892e-7,0,0,0,0
5074,1780760050364,13.758,0,3.525310e-7,-6.959291e-7,7.801253e-7,-63.135,7.337983e-7,0,0,0,0
5075,1780760050415,13.316,0,3.775460e-7,-7.150611e-7,8.086120e-7,-62.166,7.331756e-7,0,0,0,0
5076,1780760050466,13.628,0,4.046050e-7,-7.419551e-7,8.451050e-7,-61.395,7.324774e-7,0,0,0,0
5077,1780760050517,13.180,0,4.219633e-7,-7.536318e-7,8.637210e-7,-60.755,7.320996e-7,0,0,0,0
5078,1780760050566,12.818,0,4.439403e-7,-7.777697e-7,8.955494e-7,-60.283,7.317337e-7,0,0,0,0
5079,1780760050616,13.519,0,4.584526e-7,-7.936857e-7,9.165783e-7,-59.988,7.316068e-7,0,0,0,0
5080,1780760050666,14.566,0,4.737104e-7,-8.071031e-7,9.358509e-7,-59.590,7.315494e-7,0,0,0,0
5081,1780760050716,12.603,0,4.906787e-7,-8.131240e-7,9.497032e-7,-58.891,7.316127e-7,0,0,0,0
5082,1780760050766,13.559,0,5.042308e-7,-8.017137e-7,9.470975e-7,-57.833,7.317870e-7,0,0,0,0
5083,1780760050817,13.324,0,5.282212e-7,-7.943286e-7,9.539264e-7,-56.376,7.321686e-7,0,0,0,0
5084,1780760050866,12.854,0,5.406350e-7,-7.744035e-7,9.444506e-7,-55.080,7.326183e-7,0,0,0,0
5085,1780760050916,13.252,0,5.581105e-7,-7.665361e-7,9.481903e-7,-53.942,7.333458e-7,0,0,0,0
5086,1780760050965,12.380,0,5.673485e-7,-7.447040e-7,9.361989e-7,-52.698,7.340218e-7,0,0,0,0
5087,1780760051013,12.014,0,5.724992e-7,-7.179677e-7,9.182771e-7,-51.432,7.347605e-7,0,0,0,0
5088,1780760051063,13.991,0,5.781819e-7,-6.954001e-7,9.043648e-7,-50.259,7.358209e-7,0,0,0,0
5089,1780760051111,13.732,0,5.740918e-7,-6.573788e-7,8.727704e-7,-48.869,7.366751e-7,0,0,0,0
5090,1780760051160,12.156,0,5.762918e-7,-6.309776e-7,8.545437e-7,-47.594,7.377889e-7,0,0,0,0
5091,1780760051209,11.722,0,5.686615e-7,-5.899388e-7,8.193923e-7,-46.052,7.386287e-7,0,0,0,0
5092,1780760051258,13.903,0,5.635195e-7,-5.613889e-7,7.954318e-7,-44.891,7.394270e-7,0,0,0,0
5093,1780760051308,11.932,0,5.512437e-7,-5.382211e-7,7.704230e-7,-44.315,7.404582e-7,0,0,0,0
5094,1780760051357,13.657,0,5.464305e-7,-5.094600e-7,7.470849e-7,-42.995,7.411709e-7,0,0,0,0
5095,1780760051406,12.858,0,5.497081e-7,-4.978846e-7,7.416657e-7,-42.168,7.420536e-7,0,0,0,0
5096,1780760051456,13.232,0,5.414003e-7,-4.802408e-7,7.237026e-7,-41.574,7.426847e-7,0,0,0,0
5097,1780760051507,13.310,0,5.397222e-7,-4.800438e-7,7.223171e-7,-41.651,7.433978e-7,0,0,0,0
5098,1780760051558,13.921,0,5.231452e-7,-4.759370e-7,7.072460e-7,-42.295,7.438626e-7,0,0,0,0
5099,1780760051608,11.923,0,5.066945e-7,-4.774927e-7,6.962317e-7,-43.300,7.442131e-7,0,0,0,0
5100,1780760051657,13.385,0,4.929741e-7,-4.808351e-7,6.886405e-7,-44.286,7.445608e-7,0,0,0,0
5101,1780760051708,13.323,0,4.761091e-7,-4.756830e-7,6.730187e-7,-44.974,7.447218e-7,0,0,0,0
5102,1780760051759,13.938,0,4.743980e-7,-4.890662e-7,6.813511e-7,-45.872,7.447969e-7,0,0,0,0
5103,1780760051809,14.649,0,4.672796e-7,-4.982946e-7,6.831162e-7,-46.840,7.448207e-7,0,0,0,0
5104,1780760051859,12.877,0,4.674145e-7,-5.233637e-7,7.017021e-7,-48.232,7.447812e-7,0,0,0,0
5105,1780760051908,11.907,0,4.661028e-7,-5.437993e-7,7.162189e-7,-49.399,7.447242e-7,0,0,0,0
5106,1780760051957,13.804,0,4.675503e-7,-5.639754e-7,7.325787e-7,-50.340,7.446651e-7,0,0,0,0
5107,1780760052006,12.838,0,4.808432e-7,-5.890173e-7,7.603628e-7,-50.774,7.446163e-7,0,0,0,0
5108,1780760052055,11.842,0,4.886295e-7,-5.985617e-7,7.726803e-7,-50.774,7.446489e-7,0,0,0,0
5109,1780760052104,13.719,0,5.084634e-7,-6.232411e-7,8.043410e-7,-50.791,7.447217e-7,0,0,0,0
5110,1780760052153,12.073,0,5.215021e-7,-6.350301e-7,8.217223e-7,-50.606,7.449964e-7,0,0,0,0
5111,1780760052202,14.061,0,5.380386e-7,-6.476737e-7,8.420016e-7,-50.283,7.453044e-7,0,0,0,0
5112,1780760052252,11.962,0,5.560311e-7,-6.572444e-7,8.608954e-7,-49.769,7.459381e-7,0,0,0,0
5113,1780760052302,13.750,0,5.790206e-7,-6.578813e-7,8.763976e-7,-48.648,7.465705e-7,0,0,0,0
5114,1780760052350,13.036,0,6.103023e-7,-6.604678e-7,8.992700e-7,-47.261,7.476395e-7,0,0,0,0
5115,1780760052399,12.194,0,6.295670e-7,-6.462077e-7,9.021857e-7,-45.747,7.486126e-7,0,0,0,0
5116,1780760052449,13.298,0,6.534319e-7,-6.419818e-7,9.160316e-7,-44.494,7.496702e-7,0,0,0,0
5117,1780760052497,13.141,0,6.647790e-7,-6.324789e-7,9.175841e-7,-43.574,7.512375e-7,0,0,0,0
5118,1780760052547,14.025,0,6.730027e-7,-6.204979e-7,9.153962e-7,-42.676,7.524472e-7,0,0,0,0
5119,1780760052598,14.530,0,6.785287e-7,-6.070715e-7,9.104598e-7,-41.819,7.541061e-7,0,0,0,0
5120,1780760052649,11.750,0,6.717416e-7,-5.808909e-7,8.880715e-7,-40.852,7.553394e-7,0,0,0,0
5121,1780760052698,13.279,0,6.726846e-7,-5.638898e-7,8.777678e-7,-39.972,7.565289e-7,0,0,0,0
5122,1780760052748,14.387,0,6.615678e-7,-5.400965e-7,8.540353e-7,-39.228,7.580691e-7,0,0,0,0
5123,1780760052799,14.151,0,6.505342e-7,-5.356268e-7,8.426689e-7,-39.467,7.591240e-7,0,0,0,0
5124,1780760052850,13.984,0,6.318866e-7,-5.233536e-7,8.204753e-7,-39.633,7.604197e-7,0,0,0,0
5125,1780760052901,14.560,0,6.088851e-7,-5.036074e-7,7.901654e-7,-39.594,7.612414e-7,0,0,0,0
5126,1780760052952,14.480,0,5.945774e-7,-4.865960e-7,7.683085e-7,-39.297,7.621610e-7,0,0,0,0
5127,1780760053003,14.106,0,5.726131e-7,-4.601933e-7,7.346180e-7,-38.788,7.627071e-7,0,0,0,0
5128,1780760053053,12.322,0,5.665617e-7,-4.510260e-7,7.241662e-7,-38.522,7.630884e-7,0,0,0,0
5129,1780760053102,14.072,0,5.515701e-7,-4.365427e-7,7.034196e-7,-38.360,7.634359e-7,0,0,0,0
5130,1780760053153,14.484,0,5.407756e-7,-4.359077e-7,6.945889e-7,-38.872,7.635283e-7,0,0,0,0
5131,1780760053203,12.084,0,5.300955e-7,-4.392712e-7,6.884479e-7,-39.647,7.634940e-7,0,0,0,0
5132,1780760053253,13.330,0,5.214537e-7,-4.323746e-7,6.773933e-7,-39.665,7.633237e-7,0,0,0,0
5133,1780760053303,14.302,0,5.324144e-7,-4.406986e-7,6.911442e-7,-39.616,7.630889e-7,0,0,0,0
5134,1780760053354,14.546,0,5.340793e-7,-4.430981e-7,6.939572e-7,-39.681,7.627650e-7,0,0,0,0
5135,1780760053404,11.964,0,5.502813e-7,-4.591006e-7,7.166469e-7,-39.838,7.624968e-7,0,0,0,0
5136,1780760053453,14.023,0,5.624348e-7,-4.674725e-7,7.313436e-7,-39.732,7.622265e-7,0,0,0,0
5137,1780760053502,13.129,0,5.766476e-7,-4.797035e-7,7.500919e-7,-39.757,7.620294e-7,0,0,0,0
5138,1780760053553,13.255,0,5.953740e-7,-4.935081e-7,7.733178e-7,-39.655,7.619154e-7,0,0,0,0
5139,1780760053602,12.281,0,6.080725e-7,-5.021241e-7,7.885942e-7,-39.549,7.619020e-7,0,0,0,0
5140,1780760053651,14.385,0,6.364621e-7,-5.188524e-7,8.211528e-7,-39.187,7.619988e-7,0,0,0,0
5141,1780760053701,12.451,0,6.560123e-7,-5.180786e-7,8.359173e-7,-38.300,7.623567e-7,0,0,0,0
5142,1780760053749,12.053,0,6.886565e-7,-5.204520e-7,8.632022e-7,-37.080,7.627738e-7,0,0,0,0
5143,1780760053799,13.330,0,7.153460e-7,-5.202103e-7,8.844991e-7,-36.025,7.636296e-7,0,0,0,0
5144,1780760053849,14.216,0,7.373579e-7,-5.187727e-7,9.015663e-7,-35.129,7.644241e-7,0,0,0,0
5145,1780760053900,14.512,0,7.649522e-7,-5.175097e-7,9.235627e-7,-34.079,7.653665e-7,0,0,0,0
5146,1780760053951,14.588,0,7.782644e-7,-5.033003e-7,9.268262e-7,-32.891,7.668087e-7,0,0,0,0
5147,1780760054000,13.028,0,8.030966e-7,-4.931821e-7,9.424398e-7,-31.554,7.679656e-7,0,0,0,0
5148,1780760054051,13.702,0,8.082243e-7,-4.743506e-7,9.371420e-7,-30.409,7.696428e-7,0,0,0,0
5149,1780760054101,14.360,0,8.102059e-7,-4.596371e-7,9.315041e-7,-29.567,7.709017e-7,0,0,0,0
5150,1780760054152,14.087,0,8.024180e-7,-4.410320e-7,9.156331e-7,-28.794,7.721790e-7,0,0,0,0
5151,1780760054203,14.586,0,7.858745e-7,-4.309143e-7,8.962621e-7,-28.737,7.737890e-7,0,0,0,0
5152,1780760054252,13.342,0,7.706122e-7,-4.229568e-7,8.790539e-7,-28.761,7.749138e-7,0,0,0,0
5153,1780760054302,14.080,0,7.411846e-7,-4.039528e-7,8.441164e-7,-28.591,7.762670e-7,0,0,0,0
5154,1780760054353,14.492,0,7.275336e-7,-3.943353e-7,8.275297e-7,-28.458,7.771341e-7,0,0,0,0
5155,1780760054404,14.540,0,7.059548e-7,-3.740751e-7,7.989395e-7,-27.918,7.779277e-7,0,0,0,0
5156,1780760054455,14.564,0,6.847722e-7,-3.607235e-7,7.739732e-7,-27.779,7.788175e-7,0,0,0,0
5157,1780760054504,13.022,0,6.615451e-7,-3.516825e-7,7.492145e-7,-27.995,7.793990e-7,0,0,0,0
5158,1780760054553,12.037,0,6.311912e-7,-3.397642e-7,7.168278e-7,-28.293,7.799932e-7,0,0,0,0
5159,1780760054602,14.398,0,6.160660e-7,-3.425191e-7,7.048806e-7,-29.073,7.803175e-7,0,0,0,0
5160,1780760054653,14.018,0,5.900907e-7,-3.337783e-7,6.779491e-7,-29.494,7.806196e-7,0,0,0,0
5161,1780760054705,13.626,0,5.797921e-7,-3.406014e-7,6.724346e-7,-30.432,7.807334e-7,0,0,0,0
5162,1780760054754,12.858,0,5.671002e-7,-3.528652e-7,6.679195e-7,-31.891,7.808178e-7,0,0,0,0
5163,1780760054803,14.005,0,5.561889e-7,-3.704835e-7,6.682845e-7,-33.668,7.808270e-7,0,0,0,0
5164,1780760054853,11.984,0,5.505412e-7,-3.946656e-7,6.773895e-7,-35.636,7.808151e-7,0,0,0,0
5165,1780760054903,13.333,0,5.403695e-7,-4.144288e-7,6.809922e-7,-37.486,7.807850e-7,0,0,0,0
5166,1780760054952,11.919,0,5.499715e-7,-4.402914e-7,7.045035e-7,-38.680,7.808010e-7,0,0,0,0
5167,1780760055001,14.045,0,5.571286e-7,-4.582529e-7,7.213792e-7,-39.438,7.808871e-7,0,0,0,0
5168,1780760055052,14.526,0,5.756731e-7,-4.799161e-7,7.494792e-7,-39.817,7.810868e-7,0,0,0,0
5169,1780760055103,14.055,0,5.931742e-7,-4.993959e-7,7.754044e-7,-40.094,7.813605e-7,0,0,0,0
5170,1780760055153,11.996,0,5.997630e-7,-5.144700e-7,7.901868e-7,-40.623,7.818111e-7,0,0,0,0
5171,1780760055202,14.098,0,6.205162e-7,-5.278796e-7,8.146761e-7,-40.388,7.822424e-7,0,0,0,0
5172,1780760055253,14.645,0,6.288440e-7,-5.258516e-7,8.197345e-7,-39.903,7.827465e-7,0,0,0,0
5173,1780760055302,13.259,0,6.457267e-7,-5.218856e-7,8.302575e-7,-38.946,7.835079e-7,0,0,0,0
5174,1780760055351,12.275,0,6.497074e-7,-5.053747e-7,8.231180e-7,-37.878,7.841629e-7,0,0,0,0
5175,1780760055400,14.285,0,6.554479e-7,-4.913189e-7,8.191497e-7,-36.855,7.850987e-7,0,0,0,0
5176,1780760055451,14.606,0,6.607306e-7,-4.747653e-7,8.136136e-7,-35.699,7.858808e-7,0,0,0,0
5177,1780760055502,14.497,0,6.549817e-7,-4.490164e-7,7.941139e-7,-34.432,7.869631e-7,0,0,0,0
5178,1780760055553,14.395,0,6.602603e-7,-4.319024e-7,7.889761e-7,-33.190,7.878083e-7,0,0,0,0
5179,1780760055604,11.639,0,6.471799e-7,-3.981749e-7,7.598586e-7,-31.602,7.886676e-7,0,0,0,0
5180,1780760055653,13.366,0,6.441232e-7,-3.647359e-7,7.402209e-7,-29.521,7.897764e-7,0,0,0,0
5181,1780760055704,13.293,0,6.316063e-7,-3.328291e-7,7.139340e-7,-27.787,7.906008e-7,0,0,0,0
5182,1780760055755,13.805,0,6.180801e-7,-3.082500e-7,6.906816e-7,-26.506,7.916206e-7,0,0,0,0
5183,1780760055804,12.714,0,6.040180e-7,-2.845473e-7,6.676862e-7,-25.225,7.923421e-7,0,0,0,0
5184,1780760055853,14.630,0,5.815684e-7,-2.579841e-7,6.362213e-7,-23.922,7.929985e-7,0,0,0,0
5185,1780760055904,14.583,0,5.769968e-7,-2.454044e-7,6.270157e-7,-23.041,7.937833e-7,0,0,0,0
5186,1780760055955,14.649,0,5.579060e-7,-2.303884e-7,6.036041e-7,-22.438,7.943109e-7,0,0,0,0
5187,1780760056006,14.503,0,5.494253e-7,-2.219678e-7,5.925689e-7,-21.999,7.948796e-7,0,0,0,0
5188,1780760056057,14.610,0,5.310236e-7,-2.120202e-7,5.717855e-7,-21.765,7.952487e-7,0,0,0,0
5189,1780760056108,11.870,0,5.103029e-7,-2.019271e-7,5.488019e-7,-21.589,7.955235e-7,0,0,0,0
5190,1780760056156,14.070,0,5.004082e-7,-2.037600e-7,5.403022e-7,-22.156,7.957824e-7,0,0,0,0
5191,1780760056207,11.680,0,4.893945e-7,-2.093436e-7,5.322891e-7,-23.159,7.958967e-7,0,0,0,0
5192,1780760056256,13.650,0,4.953288e-7,-2.241579e-7,5.436886e-7,-24.349,7.959896e-7,0,0,0,0
5193,1780760056305,12.750,0,4.959608e-7,-2.405210e-7,5.512054e-7,-25.872,7.960366e-7,0,0,0,0
5194,1780760056355,13.288,0,5.108842e-7,-2.682542e-7,5.770294e-7,-27.703,7.960400e-7,0,0,0,0
5195,1780760056406,13.418,0,5.283184e-7,-2.929753e-7,6.041150e-7,-29.010,7.960535e-7,0,0,0,0
5196,1780760056457,13.812,0,5.520419e-7,-3.143043e-7,6.352460e-7,-29.655,7.960706e-7,0,0,0,0
5197,1780760056508,13.965,0,5.898625e-7,-3.371514e-7,6.794180e-7,-29.751,7.961993e-7,0,0,0,0
5198,1780760056558,14.094,0,6.167163e-7,-3.590593e-7,7.136264e-7,-30.208,7.963987e-7,0,0,0,0
5199,1780760056608,12.881,0,6.594534e-7,-3.863212e-7,7.642793e-7,-30.363,7.968273e-7,0,0,0,0
5200,1780760056658,13.948,0,6.874130e-7,-3.989913e-7,7.948149e-7,-30.132,7.972879e-7,0,0,0,0
5201,1780760056708,11.918,0,7.160367e-7,-4.070579e-7,8.236533e-7,-29.618,7.978368e-7,0,0,0,0
5202,1780760056757,13.370,0,7.462327e-7,-4.104534e-7,8.516661e-7,-28.812,7.987647e-7,0,0,0,0
5203,1780760056808,13.863,0,7.642498e-7,-4.016263e-7,8.633548e-7,-27.723,7.995933e-7,0,0,0,0
5204,1780760056856,13.150,0,7.885875e-7,-3.960167e-7,8.824395e-7,-26.665,8.008769e-7,0,0,0,0
5205,1780760056907,13.362,0,7.917576e-7,-3.757056e-7,8.763760e-7,-25.385,8.019394e-7,0,0,0,0
5206,1780760056958,13.825,0,7.965871e-7,-3.572387e-7,8.730237e-7,-24.154,8.030356e-7,0,0,0,0
5207,1780760057007,12.814,0,7.880852e-7,-3.308769e-7,8.547267e-7,-22.775,8.045437e-7,0,0,0,0
5208,1780760057057,13.328,0,7.806479e-7,-2.949132e-7,8.344968e-7,-20.696,8.056529e-7,0,0,0,0
5209,1780760057108,13.574,0,7.715015e-7,-2.635503e-7,8.152750e-7,-18.861,8.071260e-7,0,0,0,0
5210,1780760057158,13.962,0,7.461366e-7,-2.329062e-7,7.816425e-7,-17.336,8.081888e-7,0,0,0,0
5211,1780760057209,11.880,0,7.334995e-7,-2.128011e-7,7.637446e-7,-16.178,8.095248e-7,0,0,0,0
5212,1780760057258,13.435,0,7.018698e-7,-1.935172e-7,7.280591e-7,-15.414,8.104583e-7,0,0,0,0
5213,1780760057307,12.542,0,6.816295e-7,-1.811561e-7,7.052917e-7,-14.883,8.112992e-7,0,0,0,0
5214,1780760057357,13.311,0,6.592792e-7,-1.695120e-7,6.807227e-7,-14.419,8.123281e-7,0,0,0,0
5215,1780760057408,13.429,0,6.384949e-7,-1.611178e-7,6.585094e-7,-14.162,8.130108e-7,0,0,0,0
5216,1780760057457,12.851,0,6.295769e-7,-1.564128e-7,6.487157e-7,-13.952,8.138457e-7,0,0,0,0
5217,1780760057507,13.795,0,6.218561e-7,-1.595417e-7,6.419958e-7,-14.389,8.144135e-7,0,0,0,0
5218,1780760057558,13.896,0,6.334587e-7,-1.751938e-7,6.572388e-7,-15.460,8.149571e-7,0,0,0,0
5219,1780760057609,13.296,0,6.362382e-7,-1.923357e-7,6.646744e-7,-16.820,8.156670e-7,0,0,0,0
5220,1780760057660,13.352,0,6.501077e-7,-2.171998e-7,6.854311e-7,-18.474,8.161711e-7,0,0,0,0
5221,1780760057711,13.280,0,6.524908e-7,-2.426863e-7,6.961616e-7,-20.402,8.168471e-7,0,0,0,0
5222,1780760057762,13.349,0,6.587479e-7,-2.675105e-7,7.109927e-7,-22.102,8.173098e-7,0,0,0,0
5223,1780760057812,11.740,0,6.745320e-7,-2.913479e-7,7.347633e-7,-23.361,8.177695e-7,0,0,0,0
5224,1780760057860,14.202,0,6.825852e-7,-3.090484e-7,7.492886e-7,-24.359,8.183769e-7,0,0,0,0
5225,1780760057911,14.544,0,7.096911e-7,-3.304359e-7,7.828469e-7,-24.967,8.188444e-7,0,0,0,0
5226,1780760057962,14.474,0,7.243959e-7,-3.536375e-7,8.061073e-7,-26.021,8.195400e-7,0,0,0,0
5227,1780760058013,13.965,0,7.441409e-7,-3.846528e-7,8.376774e-7,-27.335,8.200822e-7,0,0,0,0
5228,1780760058063,12.763,0,7.628345e-7,-4.055382e-7,8.639315e-7,-27.996,8.209006e-7,0,0,0,0
5229,1780760058113,13.803,0,7.781829e-7,-4.114327e-7,8.802531e-7,-27.866,8.215585e-7,0,0,0,0
5230,1780760058162,11.972,0,8.074068e-7,-4.118346e-7,9.063738e-7,-27.025,8.222837e-7,0,0,0,0
5231,1780760058212,13.396,0,8.226518e-7,-3.977265e-7,9.137518e-7,-25.802,8.233774e-7,0,0,0,0
5232,1780760058263,13.172,0,8.439120e-7,-3.787516e-7,9.250082e-7,-24.171,8.242908e-7,0,0,0,0
5233,1780760058312,12.071,0,8.535893e-7,-3.540222e-7,9.240922e-7,-22.526,8.256470e-7,0,0,0,0
5234,1780760058362,13.348,0,8.610401e-7,-3.269573e-7,9.210272e-7,-20.793,8.267144e-7,0,0,0,0
5235,1780760058413,13.840,0,8.660300e-7,-3.022493e-7,9.172582e-7,-19.239,8.278403e-7,0,0,0,0
5236,1780760058464,13.314,0,8.517939e-7,-2.639476e-7,8.917518e-7,-17.217,8.293686e-7,0,0,0,0
5237,1780760058515,13.340,0,8.465014e-7,-2.294577e-7,8.770493e-7,-15.166,8.305021e-7,0,0,0,0
5238,1780760058566,13.524,0,8.213013e-7,-1.993503e-7,8.451487e-7,-13.643,8.319771e-7,0,0,0,0
5239,1780760058617,13.375,0,8.044688e-7,-1.756384e-7,8.234190e-7,-12.316,8.330127e-7,0,0,0,0
5240,1780760058666,12.542,0,7.776752e-7,-1.484641e-7,7.917198e-7,-10.808,8.343256e-7,0,0,0,0
5241,1780760058716,13.354,0,7.493329e-7,-1.254904e-7,7.597681e-7,-9.507,8.352171e-7,0,0,0,0
5242,1780760058767,13.388,0,7.262007e-7,-1.111638e-7,7.346597e-7,-8.703,8.360471e-7,0,0,0,0
5243,1780760058816,12.173,0,6.943826e-7,-1.002903e-7,7.015877e-7,-8.218,8.370471e-7,0,0,0,0
5244,1780760058865,14.255,0,6.865102e-7,-9.578355e-8,6.931599e-7,-7.943,8.377256e-7,0,0,0,0
5245,1780760058914,13.112,0,6.674173e-7,-9.703453e-8,6.744343e-7,-8.272,8.385733e-7,0,0,0,0
5246,1780760058965,13.283,0,6.578047e-7,-1.073410e-7,6.665051e-7,-9.268,8.391458e-7,0,0,0,0
5247,1780760059016,13.403,0,6.498346e-7,-1.217474e-7,6.611410e-7,-10.611,8.396895e-7,0,0,0,0
5248,1780760059066,14.467,0,6.456174e-7,-1.401038e-7,6.606443e-7,-12.244,8.403535e-7,0,0,0,0
5249,1780760059116,12.561,0,6.544922e-7,-1.604712e-7,6.738776e-7,-13.776,8.408374e-7,0,0,0,0
5250,1780760059166,13.287,0,6.563536e-7,-1.746690e-7,6.791976e-7,-14.902,8.414659e-7,0,0,0,0
5251,1780760059216,14.364,0,6.802693e-7,-1.886631e-7,7.059462e-7,-15.501,8.419409e-7,0,0,0,0
5252,1780760059266,12.423,0,6.954372e-7,-1.985599e-7,7.232281e-7,-15.935,8.424349e-7,0,0,0,0
5253,1780760059315,14.604,0,7.226520e-7,-2.118908e-7,7.530761e-7,-16.342,8.431113e-7,0,0,0,0
5254,1780760059366,14.595,0,7.421080e-7,-2.214057e-7,7.744318e-7,-16.612,8.436607e-7,0,0,0,0
5255,1780760059416,12.179,0,7.443245e-7,-2.303684e-7,7.791589e-7,-17.197,8.443975e-7,0,0,0,0
5256,1780760059465,14.499,0,7.591558e-7,-2.374398e-7,7.954214e-7,-17.368,8.449465e-7,0,0,0,0
5257,1780760059516,14.463,0,7.625155e-7,-2.369850e-7,7.984934e-7,-17.265,8.456724e-7,0,0,0,0
5258,1780760059566,12.524,0,7.799339e-7,-2.373256e-7,8.152425e-7,-16.924,8.462231e-7,0,0,0,0
5259,1780760059615,14.270,0,7.844573e-7,-2.344145e-7,8.187328e-7,-16.637,8.467923e-7,0,0,0,0
5260,1780760059666,14.464,0,7.898760e-7,-2.276137e-7,8.220171e-7,-16.075,8.475497e-7,0,0,0,0
5261,1780760059716,11.968,0,7.876007e-7,-2.174145e-7,8.170581e-7,-15.432,8.481336e-7,0,0,0,0
5262,1780760059766,13.488,0,7.772715e-7,-2.022136e-7,8.031446e-7,-14.583,8.488849e-7,0,0,0,0
5263,1780760059815,12.522,0,7.774562e-7,-1.874886e-7,7.997438e-7,-13.558,8.494521e-7,0,0,0,0
5264,1780760059865,13.521,0,7.642949e-7,-1.686108e-7,7.826725e-7,-12.441,8.500223e-7,0,0,0,0
5265,1780760059916,13.568,0,7.632662e-7,-1.517403e-7,7.782033e-7,-11.244,8.507978e-7,0,0,0,0
5266,1780760059967,13.316,0,7.443511e-7,-1.344133e-7,7.563897e-7,-10.236,8.513995e-7,0,0,0,0
5267,1780760060018,13.751,0,7.229926e-7,-1.198733e-7,7.328628e-7,-9.414,8.521635e-7,0,0,0,0
5268,1780760060067,12.408,0,7.078980e-7,-1.062636e-7,7.158292e-7,-8.537,8.527231e-7,0,0,0,0
5269,1780760060116,14.620,0,6.817916e-7,-9.341003e-8,6.881607e-7,-7.801,8.532557e-7,0,0,0,0
5270,1780760060165,13.407,0,6.755451e-7,-8.271643e-8,6.805903e-7,-6.981,8.539208e-7,0,0,0,0
5271,1780760060214,12.055,0,6.573762e-7,-7.816026e-8,6.620064e-7,-6.780,8.544037e-7,0,0,0,0
5272,1780760060263,14.139,0,6.506617e-7,-7.912251e-8,6.554549e-7,-6.933,8.550125e-7,0,0,0,0
5273,1780760060314,14.548,0,6.371505e-7,-8.258161e-8,6.424799e-7,-7.385,8.554620e-7,0,0,0,0
5274,1780760060365,13.908,0,6.328282e-7,-8.143769e-8,6.380467e-7,-7.333,8.560280e-7,0,0,0,0
5275,1780760060417,13.289,0,6.362806e-7,-8.851704e-8,6.424082e-7,-7.920,8.564579e-7,0,0,0,0
5276,1780760060466,12.373,0,6.339546e-7,-1.001810e-7,6.418214e-7,-8.980,8.568876e-7,0,0,0,0
5277,1780760060515,14.485,0,6.532569e-7,-1.167706e-7,6.636113e-7,-10.135,8.574698e-7,0,0,0,0
5278,1780760060564,13.506,0,6.605784e-7,-1.344157e-7,6.741153e-7,-11.502,8.579341e-7,0,0,0,0
5279,1780760060615,13.359,0,6.803423e-7,-1.494422e-7,6.965620e-7,-12.389,8.585736e-7,0,0,0,0
5280,1780760060665,14.371,0,6.939264e-7,-1.615147e-7,7.124752e-7,-13.103,8.590904e-7,0,0,0,0
5281,1780760060716,14.644,0,7.110531e-7,-1.776359e-7,7.329059e-7,-14.027,8.596218e-7,0,0,0,0
5282,1780760060766,12.452,0,7.331696e-7,-1.946462e-7,7.585676e-7,-14.868,8.603821e-7,0,0,0,0
5283,1780760060815,14.417,0,7.504443e-7,-2.048443e-7,7.778996e-7,-15.268,8.609871e-7,0,0,0,0
5284,1780760060866,14.459,0,7.826308e-7,-2.100852e-7,8.103375e-7,-15.026,8.618550e-7,0,0,0,0
5285,1780760060916,12.350,0,7.968156e-7,-2.135897e-7,8.249458e-7,-15.006,8.625554e-7,0,0,0,0
5286,1780760060966,13.329,0,8.210066e-7,-2.122479e-7,8.479983e-7,-14.495,8.632722e-7,0,0,0,0
5287,1780760061016,14.497,0,8.326920e-7,-2.061630e-7,8.578340e-7,-13.906,8.642807e-7,0,0,0,0
5288,1780760061066,12.073,0,8.425106e-7,-1.987397e-7,8.656337e-7,-13.273,8.650361e-7,0,0,0,0
5289,1780760061116,13.401,0,8.520843e-7,-1.847305e-7,8.718790e-7,-12.232,8.660680e-7,0,0,0,0
5290,1780760061164,13.277,0,8.471446e-7,-1.643401e-7,8.629378e-7,-10.979,8.668347e-7,0,0,0,0
5291,1780760061214,14.149,0,8.491661e-7,-1.394000e-7,8.605320e-7,-9.323,8.678287e-7,0,0,0,0
5292,1780760061265,14.577,0,8.312394e-7,-1.102270e-7,8.385159e-7,-7.554,8.685438e-7,0,0,0,0
5293,1780760061316,14.468,0,8.248422e-7,-7.017921e-8,8.278223e-7,-4.863,8.692075e-7,0,0,0,0
5294,1780760061367,13.899,0,8.056950e-7,-3.464116e-8,8.064393e-7,-2.462,8.700582e-7,0,0,0,0
5295,1780760061417,11.930,0,7.802130e-7,-4.749983e-9,7.802275e-7,-0.349,8.706313e-7,0,0,0,0
5296,1780760061466,13.854,0,7.631839e-7,2.421823e-8,7.635681e-7,1.818,8.713310e-7,0,0,0,0
5297,1780760061515,13.521,0,7.366605e-7,5.055279e-8,7.383930e-7,3.926,8.718044e-7,0,0,0,0
5298,1780760061566,13.338,0,7.241494e-7,7.390712e-8,7.279111e-7,5.827,8.722353e-7,0,0,0,0
5299,1780760061615,12.638,0,6.952594e-7,9.079861e-8,7.011633e-7,7.441,8.727635e-7,0,0,0,0
5300,1780760061665,13.323,0,6.753611e-7,1.044112e-7,6.833844e-7,8.788,8.731036e-7,0,0,0,0
5301,1780760061716,13.469,0,6.539760e-7,1.101468e-7,6.631870e-7,9.560,8.735310e-7,0,0,0,0
5302,1780760061765,12.367,0,6.239958e-7,1.079137e-7,6.332584e-7,9.812,8.738174e-7,0,0,0,0
5303,1780760061814,14.224,0,6.096082e-7,1.018154e-7,6.180523e-7,9.482,8.740794e-7,0,0,0,0
5304,1780760061865,14.341,0,5.903603e-7,8.479096e-8,5.964183e-7,8.173,8.744074e-7,0,0,0,0
5305,1780760061916,14.585,0,5.968915e-7,6.663164e-8,6.005991e-7,6.370,8.746414e-7,0,0,0,0
5306,1780760061967,14.540,0,5.983224e-7,4.120356e-8,5.997395e-7,3.939,8.749749e-7,0,0,0,0
5307,1780760062015,13.951,0,6.067105e-7,1.358439e-8,6.068626e-7,1.283,8.752282e-7,0,0,0,0
5308,1780760062065,12.285,0,6.178625e-7,-1.109924e-8,6.179622e-7,-1.029,8.755932e-7,0,0,0,0
5309,1780760062114,14.224,0,6.302266e-7,-3.643751e-8,6.312791e-7,-3.309,8.758800e-7,0,0,0,0
5310,1780760062165,11.773,0,6.598231e-7,-5.902763e-8,6.624582e-7,-5.112,8.761903e-7,0,0,0,0
5311,1780760062214,13.045,0,6.802595e-7,-7.697004e-8,6.846002e-7,-6.455,8.766596e-7,0,0,0,0
5312,1780760062265,13.284,0,7.283908e-7,-8.607298e-8,7.334587e-7,-6.739,8.770555e-7,0,0,0,0
5313,1780760062315,13.923,0,7.621678e-7,-9.166869e-8,7.676607e-7,-6.858,8.776924e-7,0,0,0,0
5314,1780760062366,14.429,0,7.981280e-7,-9.419546e-8,8.036672e-7,-6.731,8.782294e-7,0,0,0,0
5315,1780760062416,12.441,0,8.256384e-7,-9.074783e-8,8.306105e-7,-6.272,8.788329e-7,0,0,0,0
5316,1780760062466,13.438,0,8.470728e-7,-8.280969e-8,8.511109e-7,-5.583,8.797007e-7,0,0,0,0
5317,1780760062516,14.362,0,8.801205e-7,-7.392566e-8,8.832197e-7,-4.801,8.804066e-7,0,0,0,0
5318,1780760062566,12.462,0,8.926311e-7,-6.673169e-8,8.951220e-7,-4.275,8.814240e-7,0,0,0,0
5319,1780760062616,13.438,0,9.130201e-7,-5.224529e-8,9.145137e-7,-3.275,8.822091e-7,0,0,0,0
5320,1780760062666,14.442,0,9.164548e-7,-3.312597e-8,9.170533e-7,-2.070,8.830254e-7,0,0,0,0
5321,1780760062717,14.110,0,9.054086e-7,-1.938729e-8,9.056162e-7,-1.227,8.840847e-7,0,0,0,0
5322,1780760062767,12.772,0,8.857314e-7,-2.812353e-9,8.857359e-7,-0.182,8.848391e-7,0,0,0,0
5323,1780760062815,12.010,0,8.533760e-7,1.468153e-8,8.535022e-7,0.986,8.857423e-7,0,0,0,0
5324,1780760062863,11.889,0,8.349236e-7,3.408213e-8,8.356190e-7,2.338,8.863393e-7,0,0,0,0
5325,1780760062913,13.240,0,7.978043e-7,5.929851e-8,8.000050e-7,4.251,8.870423e-7,0,0,0,0
5326,1780760062961,12.978,0,7.740969e-7,8.555508e-8,7.788105e-7,6.307,8.874752e-7,0,0,0,0
5327,1780760063011,14.334,0,7.449077e-7,1.078286e-7,7.526715e-7,8.237,8.878619e-7,0,0,0,0
5328,1780760063062,14.552,0,7.180462e-7,1.262839e-7,7.290665e-7,9.975,8.882866e-7,0,0,0,0
5329,1780760063113,14.554,0,6.952682e-7,1.384166e-7,7.089125e-7,11.259,8.885650e-7,0,0,0,0
5330,1780760063164,14.556,0,6.584323e-7,1.450876e-7,6.742281e-7,12.427,8.888679e-7,0,0,0,0
5331,1780760063214,11.863,0,6.269877e-7,1.490397e-7,6.444582e-7,13.371,8.890403e-7,0,0,0,0
5332,1780760063264,13.655,0,5.903525e-7,1.448576e-7,6.078649e-7,13.787,8.891742e-7,0,0,0,0
5333,1780760063315,13.359,0,5.749189e-7,1.396980e-7,5.916479e-7,13.657,8.892971e-7,0,0,0,0
5334,1780760063366,13.465,0,5.558701e-7,1.268781e-7,5.701663e-7,12.858,8.893835e-7,0,0,0,0
5335,1780760063417,13.657,0,5.418648e-7,1.094892e-7,5.528158e-7,11.423,8.894768e-7,0,0,0,0
5336,1780760063466,12.505,0,5.457821e-7,8.795962e-8,5.528245e-7,9.155,8.895459e-7,0,0,0,0
5337,1780760063515,14.198,0,5.430471e-7,6.294345e-8,5.466828e-7,6.612,8.896184e-7,0,0,0,0
5338,1780760063564,13.717,0,5.613220e-7,4.345104e-8,5.630012e-7,4.426,8.897252e-7,0,0,0,0
5339,1780760063612,13.203,0,5.679414e-7,1.954507e-8,5.682776e-7,1.971,8.898300e-7,0,0,0,0
5340,1780760063663,13.254,0,5.810563e-7,-9.727496e-9,5.811378e-7,-0.959,8.899861e-7,0,0,0,0
5341,1780760063714,13.336,0,5.940114e-7,-3.933455e-8,5.953123e-7,-3.789,8.901268e-7,0,0,0,0
5342,1780760063765,13.274,0,6.086759e-7,-6.365701e-8,6.119955e-7,-5.970,8.903363e-7,0,0,0,0
5343,1780760063815,14.446,0,6.366523e-7,-7.562285e-8,6.411279e-7,-6.774,8.905200e-7,0,0,0,0
5344,1780760063865,12.372,0,6.480852e-7,-8.108358e-8,6.531378e-7,-7.131,8.907271e-7,0,0,0,0
5345,1780760063914,14.112,0,6.738454e-7,-7.447659e-8,6.779487e-7,-6.307,8.910188e-7,0,0,0,0
5346,1780760063965,14.573,0,6.844662e-7,-6.639063e-8,6.876785e-7,-5.540,8.912525e-7,0,0,0,0
5347,1780760064015,12.289,0,6.982409e-7,-5.280722e-8,7.002349e-7,-4.325,8.915603e-7,0,0,0,0
5348,1780760064065,13.229,0,7.042032e-7,-3.377512e-8,7.050127e-7,-2.746,8.917937e-7,0,0,0,0
5349,1780760064116,13.335,0,6.979818e-7,-1.129905e-8,6.980732e-7,-0.927,8.920163e-7,0,0,0,0
5350,1780760064166,14.363,0,6.879619e-7,1.452344e-8,6.881152e-7,1.209,8.922766e-7,0,0,0,0
5351,1780760064217,11.671,0,6.583837e-7,3.903612e-8,6.595400e-7,3.393,8.924410e-7,0,0,0,0
5352,1780760064266,13.513,0,6.422760e-7,6.930063e-8,6.460039e-7,6.158,8.926103e-7,0,0,0,0
5353,1780760064317,13.316,0,6.108850e-7,9.486880e-8,6.182076e-7,8.827,8.927143e-7,0,0,0,0
5354,1780760064366,12.335,0,5.864892e-7,1.199602e-7,5.986318e-7,11.560,8.928218e-7,0,0,0,0
5355,1780760064415,13.996,0,5.654753e-7,1.446699e-7,5.836881e-7,14.351,8.928917e-7,0,0,0,0
5356,1780760064466,14.409,0,5.395792e-7,1.637462e-7,5.638781e-7,16.881,8.929588e-7,0,0,0,0
5357,1780760064516,12.475,0,5.283839e-7,1.819657e-7,5.588391e-7,19.003,8.930432e-7,0,0,0,0
5358,1780760064565,14.345,0,5.071820e-7,1.912936e-7,5.420580e-7,20.665,8.931045e-7,0,0,0,0
5359,1780760064613,55.808,0,5.130097e-7,1.993309e-7,5.503742e-7,21.234,8.931793e-7,0,0,0,0
5360,1780760064669,12.138,0,5.094339e-7,2.017368e-7,5.479239e-7,21.604,8.932390e-7,0,0,0,0
5361,1780760064719,13.388,0,5.112185e-7,1.988612e-7,5.485345e-7,21.256,8.932918e-7,0,0,0,0
5362,1780760064769,14.158,0,5.109949e-7,1.921469e-7,5.459270e-7,20.608,8.933576e-7,0,0,0,0
5363,1780760064820,14.243,0,4.972776e-7,1.838297e-7,5.301683e-7,20.288,8.933959e-7,0,0,0,0
5364,1780760064871,14.244,0,5.007674e-7,1.748030e-7,5.304000e-7,19.243,8.934276e-7,0,0,0,0
5365,1780760064922,13.862,0,4.936970e-7,1.549964e-7,5.174559e-7,17.430,8.934437e-7,0,0,0,0
5366,1780760064974,13.290,0,5.014234e-7,1.360430e-7,5.195509e-7,15.180,8.934501e-7,0,0,0,0
5367,1780760065024,14.095,0,5.038251e-7,1.142030e-7,5.166063e-7,12.772,8.934654e-7,0,0,0,0
5368,1780760065075,13.954,0,5.103511e-7,8.219728e-8,5.169280e-7,9.149,8.934803e-7,0,0,0,0
5369,1780760065127,13.346,0,5.207745e-7,4.499898e-8,5.227151e-7,4.939,8.935178e-7,0,0,0,0
5370,1780760065178,13.201,0,5.293937e-7,8.261414e-9,5.294582e-7,0.894,8.935586e-7,0,0,0,0
5371,1780760065228,14.079,0,5.557113e-7,-1.774936e-8,5.559947e-7,-1.829,8.936338e-7,0,0,0,0
5372,1780760065277,12.813,0,5.647343e-7,-3.678289e-8,5.659310e-7,-3.727,8.937097e-7,0,0,0,0
5373,1780760065326,11.968,0,5.853501e-7,-4.099334e-8,5.867837e-7,-4.006,8.937923e-7,0,0,0,0
5374,1780760065375,13.799,0,6.019602e-7,-4.371791e-8,6.035456e-7,-4.154,8.939222e-7,0,0,0,0
5375,1780760065426,14.513,0,6.232915e-7,-4.186898e-8,6.246962e-7,-3.843,8.940266e-7,0,0,0,0
5376,1780760065477,14.578,0,6.462285e-7,-3.207406e-8,6.470239e-7,-2.841,8.941811e-7,0,0,0,0
5377,1780760065528,14.534,0,6.537444e-7,-2.089415e-8,6.540782e-7,-1.831,8.943010e-7,0,0,0,0
5378,1780760065578,12.046,0,6.638227e-7,7.523621e-9,6.638653e-7,0.649,8.944173e-7,0,0,0,0
5379,1780760065627,14.020,0,6.612733e-7,2.962202e-8,6.619364e-7,2.565,8.945565e-7,0,0,0,0
5380,1780760065678,14.440,0,6.645029e-7,5.683983e-8,6.669294e-7,4.889,8.946434e-7,0,0,0,0
5381,1780760065728,12.726,0,6.585448e-7,8.420134e-8,6.639060e-7,7.286,8.947337e-7,0,0,0,0
5382,1780760065778,13.210,0,6.500619e-7,1.130128e-7,6.598124e-7,9.862,8.947727e-7,0,0,0,0
5383,1780760065829,13.782,0,6.414718e-7,1.465372e-7,6.579963e-7,12.868,8.947867e-7,0,0,0,0
5384,1780760065880,13.463,0,6.166078e-7,1.753645e-7,6.410600e-7,15.876,8.947547e-7,0,0,0,0
5385,1780760065928,12.845,0,5.989846e-7,2.095495e-7,6.345814e-7,19.282,8.946930e-7,0,0,0,0
5386,1780760065979,13.278,0,5.652208e-7,2.343890e-7,6.118928e-7,22.523,8.945645e-7,0,0,0,0
5387,1780760066029,14.393,0,5.388644e-7,2.679609e-7,6.018122e-7,26.440,8.944447e-7,0,0,0,0
5388,1780760066080,13.884,0,5.083156e-7,2.962461e-7,5.883422e-7,30.234,8.942688e-7,0,0,0,0
5389,1780760066131,14.192,0,4.747613e-7,3.172632e-7,5.710116e-7,33.753,8.941299e-7,0,0,0,0
5390,1780760066182,11.785,0,4.540517e-7,3.344395e-7,5.639262e-7,36.374,8.939990e-7,0,0,0,0
5391,1780760066231,13.269,0,4.307765e-7,3.415108e-7,5.497254e-7,38.407,8.938390e-7,0,0,0,0
5392,1780760066282,13.245,0,4.294909e-7,3.498782e-7,5.539650e-7,39.167,8.937375e-7,0,0,0,0
5393,1780760066332,14.136,0,4.247250e-7,3.434036e-7,5.461843e-7,38.957,8.936159e-7,0,0,0,0
5394,1780760066383,14.535,0,4.323322e-7,3.311761e-7,5.445996e-7,37.453,8.935423e-7,0,0,0,0
5395,1780760066433,12.691,0,4.409827e-7,3.094725e-7,5.387383e-7,35.060,8.934867e-7,0,0,0,0
5396,1780760066483,13.338,0,4.489313e-7,2.828389e-7,5.306007e-7,32.212,8.934348e-7,0,0,0,0
5397,1780760066532,12.254,0,4.698798e-7,2.679388e-7,5.409050e-7,29.693,8.934153e-7,0,0,0,0
5398,1780760066582,13.244,0,4.836289e-7,2.453131e-7,5.422873e-7,26.896,8.934102e-7,0,0,0,0
5399,1780760066633,13.674,0,5.170839e-7,2.252553e-7,5.640175e-7,23.539,8.934202e-7,0,0,0,0
5400,1780760066684,13.253,0,5.408336e-7,2.037566e-7,5.779426e-7,20.644,8.934455e-7,0,0,0,0
5401,1780760066735,13.287,0,5.649139e-7,1.907330e-7,5.962439e-7,18.656,8.934962e-7,0,0,0,0
5402,1780760066784,12.542,0,5.894392e-7,1.794606e-7,6.161531e-7,16.933,8.935507e-7,0,0,0,0
5403,1780760066834,13.286,0,6.083306e-7,1.666370e-7,6.307409e-7,15.319,8.936427e-7,0,0,0,0
5404,1780760066883,11.833,0,6.396134e-7,1.639368e-7,6.602883e-7,14.376,8.937288e-7,0,0,0,0
5405,1780760066933,13.652,0,6.538469e-7,1.576900e-7,6.725934e-7,13.559,8.938723e-7,0,0,0,0
5406,1780760066982,12.299,0,6.730259e-7,1.744626e-7,6.952705e-7,14.532,8.939911e-7,0,0,0,0
5407,1780760067032,13.179,0,6.822557e-7,1.964021e-7,7.099624e-7,16.060,8.941247e-7,0,0,0,0
5408,1780760067083,13.347,0,6.869923e-7,2.207280e-7,7.215811e-7,17.812,8.943091e-7,0,0,0,0
5409,1780760067134,13.232,0,6.912388e-7,2.484003e-7,7.345161e-7,19.766,8.944527e-7,0,0,0,0
5410,1780760067183,12.065,0,6.932959e-7,2.812403e-7,7.481680e-7,22.080,8.946438e-7,0,0,0,0
5411,1780760067232,11.850,0,7.026838e-7,3.243324e-7,7.739225e-7,24.776,8.947901e-7,0,0,0,0
5412,1780760067281,13.505,0,6.941537e-7,3.637513e-7,7.836864e-7,27.655,8.949369e-7,0,0,0,0
5413,1780760067332,13.743,0,6.932655e-7,4.069527e-7,8.038828e-7,30.413,8.951126e-7,0,0,0,0
5414,1780760067383,13.223,0,6.780128e-7,4.447486e-7,8.108654e-7,33.263,8.952316e-7,0,0,0,0
5415,1780760067434,13.299,0,6.573427e-7,4.815158e-7,8.148354e-7,36.223,8.953454e-7,0,0,0,0
5416,1780760067483,12.738,0,6.419624e-7,5.255822e-7,8.296700e-7,39.308,8.953993e-7,0,0,0,0
5417,1780760067532,11.677,0,6.064981e-7,5.516752e-7,8.198692e-7,42.290,8.954177e-7,0,0,0,0
5418,1780760067580,14.180,0,5.868080e-7,5.727509e-7,8.199922e-7,44.305,8.953816e-7,0,0,0,0
5419,1780760067631,14.397,0,5.604750e-7,5.736384e-7,8.019933e-7,45.665,8.953133e-7,0,0,0,0
5420,1780760067682,11.712,0,5.420156e-7,5.700979e-7,7.866337e-7,46.446,8.951665e-7,0,0,0,0
5421,1780760067731,13.184,0,5.192953e-7,5.586674e-7,7.627430e-7,47.092,8.950176e-7,0,0,0,0
5422,1780760067781,14.140,0,4.944393e-7,5.382186e-7,7.308553e-7,47.428,8.947569e-7,0,0,0,0
5423,1780760067832,14.585,0,4.838610e-7,5.185734e-7,7.092530e-7,46.983,8.945251e-7,0,0,0,0
5424,1780760067883,11.747,0,4.639189e-7,4.888328e-7,6.739275e-7,46.498,8.942583e-7,0,0,0,0
5425,1780760067932,13.364,0,4.736313e-7,4.736077e-7,6.697992e-7,44.999,8.938694e-7,0,0,0,0
5426,1780760067983,13.716,0,4.785374e-7,4.529359e-7,6.588998e-7,43.426,8.935666e-7,0,0,0,0
5427,1780760068032,12.629,0,4.897226e-7,4.301538e-7,6.518133e-7,41.295,8.931673e-7,0,0,0,0
5428,1780760068081,14.421,0,5.096226e-7,4.067372e-7,6.520356e-7,38.594,8.928894e-7,0,0,0,0
5429,1780760068132,11.688,0,5.202379e-7,3.765031e-7,6.421853e-7,35.894,8.926259e-7,0,0,0,0
5430,1780760068181,13.259,0,5.482054e-7,3.588819e-7,6.552293e-7,33.211,8.923149e-7,0,0,0,0
5431,1780760068232,13.712,0,5.663861e-7,3.360801e-7,6.585917e-7,30.684,8.921148e-7,0,0,0,0
5432,1780760068282,11.720,0,5.990036e-7,3.214657e-7,6.798128e-7,28.221,8.918953e-7,0,0,0,0
5433,1780760068331,13.607,0,6.239307e-7,3.050720e-7,6.945202e-7,26.056,8.917717e-7,0,0,0,0
5434,1780760068381,14.157,0,6.461447e-7,2.875013e-7,7.072198e-7,23.987,8.916777e-7,0,0,0,0
5435,1780760068433,13.743,0,6.719079e-7,2.735310e-7,7.254512e-7,22.151,8.916070e-7,0,0,0,0
5436,1780760068483,11.658,0,6.837796e-7,2.592216e-7,7.312662e-7,20.762,8.915872e-7,0,0,0,0
5437,1780760068532,13.318,0,7.093791e-7,2.566574e-7,7.543817e-7,19.890,8.916040e-7,0,0,0,0
5438,1780760068583,13.224,0,7.181624e-7,2.568150e-7,7.627000e-7,19.677,8.916498e-7,0,0,0,0
5439,1780760068633,11.703,0,7.265199e-7,2.729257e-7,7.760926e-7,20.589,8.917351e-7,0,0,0,0
5440,1780760068681,14.014,0,7.280266e-7,2.915622e-7,7.842392e-7,21.825,8.918175e-7,0,0,0,0
5441,1780760068733,13.725,0,7.200174e-7,3.117597e-7,7.846140e-7,23.412,8.918981e-7,0,0,0,0
5442,1780760068782,12.265,0,7.133117e-7,3.433060e-7,7.916266e-7,25.701,8.919987e-7,0,0,0,0
5443,1780760068832,13.220,0,6.920274e-7,3.696386e-7,7.845601e-7,28.108,8.920629e-7,0,0,0,0
5444,1780760068883,13.724,0,6.753327e-7,4.029140e-7,7.863930e-7,30.821,8.921288e-7,0,0,0,0
5445,1780760068932,12.683,0,6.416593e-7,4.264025e-7,7.704192e-7,33.605,8.921599e-7,0,0,0,0
5446,1780760068982,13.681,0,6.071737e-7,4.524048e-7,7.571855e-7,36.690,8.921653e-7,0,0,0,0
5447,1780760069033,13.736,0,5.701113e-7,4.802823e-7,7.454515e-7,40.112,8.921450e-7,0,0,0,0
5448,1780760069083,14.348,0,5.243436e-7,5.062024e-7,7.288190e-7,43.991,8.921048e-7,0,0,0,0
5449,1780760069134,14.457,0,4.925277e-7,5.361389e-7,7.280305e-7,47.428,8.920208e-7,0,0,0,0
5450,1780760069185,14.610,0,4.181843e-7,5.651251e-7,7.030252e-7,53.499,8.918179e-7,0,0,0,0
5451,1780760069235,11.861,1,4.181843e-7,5.651251e-7,7.030252e-7,53.499,8.918179e-7,0,0,0,0
5452,1780760069284,14.024,0,3.841021e-7,5.691107e-7,6.866014e-7,55.984,8.916330e-7,0,0,0,0
5453,1780760069335,14.118,0,3.190150e-7,5.690714e-7,6.523901e-7,60.726,8.912030e-7,0,0,0,0
5454,1780760069386,14.364,0,2.930614e-7,5.519333e-7,6.249123e-7,62.033,8.909676e-7,0,0,0,0
5455,1780760069437,14.549,0,2.931277e-7,5.396332e-7,6.141074e-7,61.489,8.905967e-7,0,0,0,0
5456,1780760069488,14.512,0,2.914674e-7,5.172355e-7,5.937051e-7,60.598,8.902580e-7,0,0,0,0
5457,1780760069539,14.112,0,3.050082e-7,5.003996e-7,5.860288e-7,58.636,8.898639e-7,0,0,0,0
5458,1780760069588,13.604,0,3.210322e-7,4.786425e-7,5.763335e-7,56.150,8.892400e-7,0,0,0,0
5459,1780760069636,12.983,0,3.348247e-7,4.504201e-7,5.612360e-7,53.374,8.887011e-7,0,0,0,0
5460,1780760069687,13.236,0,3.596831e-7,4.265749e-7,5.579768e-7,49.863,8.879202e-7,0,0,0,0
5461,1780760069738,13.289,0,3.758007e-7,3.936391e-7,5.442223e-7,46.328,8.872930e-7,0,0,0,0
5462,1780760069789,13.749,0,4.134533e-7,3.788565e-7,5.607815e-7,42.500,8.866525e-7,0,0,0,0
5463,1780760069838,12.358,0,4.392864e-7,3.600806e-7,5.680058e-7,39.341,8.857712e-7,0,0,0,0
5464,1780760069886,11.997,1,4.392864e-7,3.600806e-7,5.680058e-7,39.341,8.857712e-7,0,0,0,0
5465,1780760069935,14.408,0,5.005837e-7,3.499512e-7,6.107782e-7,34.957,8.842546e-7,0,0,0,0
5466,1780760069986,14.566,0,5.259350e-7,3.490910e-7,6.312465e-7,33.574,8.836470e-7,0,0,0,0
5467,1780760070037,14.094,0,5.559537e-7,3.591956e-7,6.618957e-7,32.866,8.829384e-7,0,0,0,0
5468,1780760070086,12.972,0,5.680642e-7,3.649674e-7,6.752023e-7,32.720,8.824868e-7,0,0,0,0
5469,1780760070137,13.533,0,5.894269e-7,3.824644e-7,7.026401e-7,32.979,8.821036e-7,0,0,0,0
5470,1780760070187,14.559,0,5.956623e-7,3.992887e-7,7.171088e-7,33.835,8.816864e-7,0,0,0,0
5471,1780760070237,12.527,0,6.011155e-7,4.264226e-7,7.370048e-7,35.351,8.814304e-7,0,0,0,0
5472,1780760070286,14.509,0,6.047202e-7,4.617796e-7,7.608725e-7,37.366,8.811527e-7,0,0,0,0
5473,1780760070337,14.564,0,5.939484e-7,4.908220e-7,7.705069e-7,39.569,8.809724e-7,0,0,0,0
5474,1780760070387,12.225,0,5.856837e-7,5.309465e-7,7.905249e-7,42.194,8.808136e-7,0,0,0,0
5475,1780760070437,13.676,0,5.600363e-7,5.678762e-7,7.975738e-7,45.398,8.806157e-7,0,0,0,0
5476,1780760070488,13.646,0,5.346440e-7,6.083736e-7,8.099152e-7,48.691,8.804704e-7,0,0,0,0
5477,1780760070537,12.571,0,5.039184e-7,6.447194e-7,8.182890e-7,51.988,8.802847e-7,0,0,0,0
5478,1780760070587,13.226,0,4.713749e-7,6.751428e-7,8.234149e-7,55.078,8.801431e-7,0,0,0,0
5479,1780760070638,13.248,0,4.459619e-7,7.056177e-7,8.347325e-7,57.706,8.800005e-7,0,0,0,0
5480,1780760070687,11.960,0,4.079459e-7,7.197543e-7,8.273247e-7,60.456,8.798045e-7,0,0,0,0
5481,1780760070737,13.314,0,3.734717e-7,7.439482e-7,8.324302e-7,63.343,8.796652e-7,0,0,0,0
5482,1780760070786,12.245,1,3.734717e-7,7.439482e-7,8.324302e-7,63.343,8.796652e-7,0,0,0,0
5483,1780760070836,13.361,0,2.953609e-7,7.579440e-7,8.134600e-7,68.710,8.793783e-7,0,0,0,0
5484,1780760070887,13.433,0,2.693938e-7,7.608660e-7,8.071494e-7,70.503,8.792298e-7,0,0,0,0
5485,1780760070938,13.302,0,2.469706e-7,7.530696e-7,7.925328e-7,71.843,8.791077e-7,0,0,0,0
5486,1780760070989,13.438,0,2.340135e-7,7.539959e-7,7.894759e-7,72.758,8.789834e-7,0,0,0,0
5487,1780760071038,12.229,0,2.132352e-7,7.421004e-7,7.721283e-7,73.969,8.788069e-7,0,0,0,0
5488,1780760071087,14.440,0,2.070125e-7,7.360029e-7,7.645616e-7,74.291,8.786679e-7,0,0,0,0
5489,1780760071138,14.622,0,1.994607e-7,7.192887e-7,7.464321e-7,74.501,8.784384e-7,0,0,0,0
5490,1780760071189,14.650,0,1.989135e-7,7.092198e-7,7.365862e-7,74.333,8.782277e-7,0,0,0,0
5491,1780760071240,14.389,0,2.007793e-7,6.983417e-7,7.266316e-7,73.960,8.779638e-7,0,0,0,0
5492,1780760071290,12.251,0,2.027752e-7,6.773088e-7,7.070113e-7,73.333,8.775272e-7,0,0,0,0
5493,1780760071340,13.221,0,2.190307e-7,6.643423e-7,6.995178e-7,71.753,8.771436e-7,0,0,0,0
5494,1780760071391,13.454,0,2.325167e-7,6.426759e-7,6.834444e-7,70.110,8.765458e-7,0,0,0,0
5495,1780760071440,12.418,0,2.623298e-7,6.287102e-7,6.812441e-7,67.352,8.760520e-7,0,0,0,0
5496,1780760071490,13.412,0,2.902771e-7,6.082345e-7,6.739511e-7,64.487,8.755286e-7,0,0,0,0
5497,1780760071541,13.350,0,3.178645e-7,5.883177e-7,6.686969e-7,61.618,8.747986e-7,0,0,0,0
5498,1780760071590,12.562,0,3.480454e-7,5.713277e-7,6.689925e-7,58.651,8.742346e-7,0,0,0,0
5499,1780760071640,13.322,0,3.686363e-7,5.465154e-7,6.592206e-7,55.999,8.734581e-7,0,0,0,0
5500,1780760071689,12.320,0,3.928304e-7,5.357734e-7,6.643560e-7,53.751,8.728618e-7,0,0,0,0
5501,1780760071738,14.274,0,4.102127e-7,5.179890e-7,6.607473e-7,51.623,8.720403e-7,0,0,0,0
5502,1780760071789,14.527,0,4.314179e-7,5.142532e-7,6.712509e-7,50.006,8.714128e-7,0,0,0,0
5503,1780760071839,12.150,0,4.468220e-7,5.155929e-7,6.822653e-7,49.087,8.707813e-7,0,0,0,0
5504,1780760071888,14.359,0,4.574903e-7,5.252949e-7,6.965861e-7,48.947,8.699475e-7,0,0,0,0
5505,1780760071939,14.474,0,4.649930e-7,5.479773e-7,7.186777e-7,49.683,8.693316e-7,0,0,0,0
5506,1780760071989,11.860,0,4.573192e-7,5.621161e-7,7.246485e-7,50.869,8.685345e-7,0,0,0,0
5507,1780760072038,14.218,0,4.544967e-7,5.940806e-7,7.479966e-7,52.582,8.679643e-7,0,0,0,0
5508,1780760072088,12.156,0,4.373767e-7,6.155065e-7,7.550806e-7,54.603,8.674160e-7,0,0,0,0
5509,1780760072137,14.560,0,4.113198e-7,6.479259e-7,7.674581e-7,57.592,8.667162e-7,0,0,0,0
5510,1780760072186,12.725,0,3.759730e-7,6.834928e-7,7.800757e-7,61.186,8.662236e-7,0,0,0,0
5511,1780760072235,11.942,1,3.759730e-7,6.834928e-7,7.800757e-7,61.186,8.662236e-7,0,0,0,0
5512,1780760072284,14.472,0,3.371341e-7,7.120136e-7,7.877961e-7,64.663,8.656238e-7,0,0,0,0
5513,1780760072335,14.535,0,2.636506e-7,7.848276e-7,8.279287e-7,71.431,8.648658e-7,0,0,0,0
5514,1780760072386,11.710,1,2.636506e-7,7.848276e-7,8.279287e-7,71.431,8.648658e-7,0,0,0,0
5515,1780760072435,13.248,0,2.311313e-7,8.157359e-7,8.478484e-7,74.180,8.644746e-7,0,0,0,0
5516,1780760072486,13.275,0,1.662788e-7,8.400572e-7,8.563555e-7,78.804,8.640408e-7,0,0,0,0
5517,1780760072537,13.287,0,1.457637e-7,8.487045e-7,8.611309e-7,80.255,8.639472e-7,0,0,0,0
5518,1780760072587,14.395,0,1.234027e-7,8.470533e-7,8.559950e-7,81.711,8.638734e-7,0,0,0,0
5519,1780760072636,13.511,0,1.127136e-7,8.614995e-7,8.688416e-7,82.546,8.638451e-7,0,0,0,0
5520,1780760072686,14.573,0,9.912965e-8,8.558133e-7,8.615353e-7,83.393,8.638296e-7,0,0,0,0
5521,1780760072736,11.895,1,9.912965e-8,8.558133e-7,8.615353e-7,83.393,8.638296e-7,0,0,0,0
5522,1780760072786,13.560,0,9.419971e-8,8.305315e-7,8.358565e-7,83.529,8.638094e-7,0,0,0,0
5523,1780760072837,13.666,0,1.006902e-7,8.044622e-7,8.107392e-7,82.866,8.637446e-7,0,0,0,0
5524,1780760072887,14.534,0,1.145090e-7,7.797245e-7,7.880880e-7,81.645,8.636585e-7,0,0,0,0
5525,1780760072938,14.505,0,1.219709e-7,7.401343e-7,7.501171e-7,80.642,8.635330e-7,0,0,0,0
5526,1780760072989,14.611,0,1.427622e-7,7.120170e-7,7.261881e-7,78.662,8.633051e-7,0,0,0,0
5527,1780760073040,14.525,0,1.596882e-7,6.719603e-7,6.906743e-7,76.632,8.630699e-7,0,0,0,0
5528,1780760073091,11.644,0,1.940511e-7,6.437589e-7,6.723700e-7,73.225,8.626638e-7,0,0,0,0
5529,1780760073140,13.220,0,2.242033e-7,6.191748e-7,6.585169e-7,70.095,8.622600e-7,0,0,0,0
5530,1780760073190,11.686,0,2.468414e-7,5.917428e-7,6.411632e-7,67.357,8.617728e-7,0,0,0,0
5531,1780760073239,13.284,0,2.700127e-7,5.742113e-7,6.345278e-7,64.816,8.609914e-7,0,0,0,0
5532,1780760073290,13.257,0,2.837979e-7,5.421891e-7,6.119724e-7,62.371,8.603112e-7,0,0,0,0
5533,1780760073341,13.323,0,3.061311e-7,5.319317e-7,6.137325e-7,60.079,8.592898e-7,0,0,0,0
5534,1780760073391,14.413,0,3.192055e-7,5.173210e-7,6.078759e-7,58.324,8.584310e-7,0,0,0,0
5535,1780760073441,12.373,0,3.330845e-7,5.123574e-7,6.111100e-7,56.972,8.571908e-7,0,0,0,0
5536,1780760073490,14.138,0,3.412395e-7,5.161988e-7,6.187936e-7,56.533,8.562029e-7,0,0,0,0
5537,1780760073541,14.527,0,3.402872e-7,5.161228e-7,6.182055e-7,56.603,8.551849e-7,0,0,0,0
5538,1780760073591,12.367,0,3.485544e-7,5.320305e-7,6.360398e-7,56.770,8.538012e-7,0,0,0,0
5539,1780760073640,14.143,0,3.438683e-7,5.410738e-7,6.410977e-7,57.563,8.527546e-7,0,0,0,0
5540,1780760073689,12.977,0,3.428523e-7,5.671385e-7,6.627170e-7,58.846,8.513890e-7,0,0,0,0
5541,1780760073738,12.703,0,3.278793e-7,5.927468e-7,6.773873e-7,61.051,8.503923e-7,0,0,0,0
5542,1780760073787,14.511,0,3.054517e-7,6.185562e-7,6.898641e-7,63.719,8.494310e-7,0,0,0,0
5543,1780760073837,12.279,0,2.821568e-7,6.509551e-7,7.094752e-7,66.566,8.481937e-7,0,0,0,0
5544,1780760073887,13.577,0,2.474403e-7,6.683033e-7,7.126401e-7,69.683,8.473120e-7,0,0,0,0
5545,1780760073937,14.597,0,2.174478e-7,6.997551e-7,7.327624e-7,72.737,8.462230e-7,0,0,0,0
5546,1780760073988,14.509,0,1.811203e-7,7.161352e-7,7.386841e-7,75.807,8.454817e-7,0,0,0,0
5547,1780760074037,13.558,0,1.383619e-7,7.366762e-7,7.495571e-7,79.363,8.448275e-7,0,0,0,0
5548,1780760074087,14.544,0,9.630211e-8,7.490746e-7,7.552396e-7,82.674,8.441199e-7,0,0,0,0
5549,1780760074138,14.562,0,5.527647e-8,7.556205e-7,7.576397e-7,85.816,8.437179e-7,0,0,0,0
5550,1780760074188,11.796,0,2.525487e-8,7.670603e-7,7.674759e-7,88.114,8.433495e-7,0,0,0,0
5551,1780760074237,14.511,0,-5.737260e-9,7.575935e-7,7.576152e-7,90.434,8.431887e-7,0,0,0,0
5552,1780760074288,14.515,0,-2.336645e-8,7.588232e-7,7.591828e-7,91.764,8.431060e-7,0,0,0,0
5553,1780760074337,13.402,0,-4.190949e-8,7.477570e-7,7.489305e-7,93.208,8.431118e-7,0,0,0,0
5554,1780760074386,12.401,1,-4.190949e-8,7.477570e-7,7.489305e-7,93.208,8.431118e-7,0,0,0,0
5555,1780760074436,13.707,0,-6.134876e-8,7.238544e-7,7.264495e-7,94.844,8.432998e-7,0,0,0,0
5556,1780760074487,13.273,0,-5.595303e-8,7.107851e-7,7.129840e-7,94.501,8.434148e-7,0,0,0,0
5557,1780760074537,14.437,0,-4.123017e-8,7.133446e-7,7.145351e-7,93.308,8.435194e-7,0,0,0,0
5558,1780760074587,12.527,0,-3.223024e-8,7.009351e-7,7.016757e-7,92.633,8.435518e-7,0,0,0,0
5559,1780760074637,13.289,0,-5.291837e-9,7.010720e-7,7.010919e-7,90.432,8.435431e-7,0,0,0,0
5560,1780760074685,12.823,1,-5.291837e-9,7.010720e-7,7.010919e-7,90.432,8.435431e-7,0,0,0,0
5561,1780760074734,12.298,0,2.723231e-8,6.915255e-7,6.920614e-7,87.745,8.434150e-7,0,0,0,0
5562,1780760074783,11.697,0,6.013082e-8,6.861266e-7,6.887564e-7,84.992,8.432175e-7,0,0,0,0
5563,1780760074831,13.954,0,9.238554e-8,6.821788e-7,6.884061e-7,82.288,8.428248e-7,0,0,0,0
5564,1780760074880,12.830,0,1.154938e-7,6.709402e-7,6.808081e-7,80.233,8.424459e-7,0,0,0,0
5565,1780760074931,13.326,0,1.370257e-7,6.736966e-7,6.874905e-7,78.503,8.419985e-7,0,0,0,0
5566,1780760074982,13.236,0,1.481584e-7,6.676761e-7,6.839169e-7,77.489,8.412995e-7,0,0,0,0
5567,1780760075033,13.330,0,1.543582e-7,6.911341e-7,7.081616e-7,77.410,8.407105e-7,0,0,0,0
5568,1780760075083,11.676,0,1.534854e-7,7.051127e-7,7.216244e-7,77.720,8.398424e-7,0,0,0,0
5569,1780760075132,13.238,0,1.519922e-7,7.243312e-7,7.401063e-7,78.149,8.391356e-7,0,0,0,0
5570,1780760075183,13.683,0,1.519716e-7,7.483486e-7,7.636236e-7,78.521,8.381036e-7,0,0,0,0
5571,1780760075234,13.254,0,1.413680e-7,7.638599e-7,7.768313e-7,79.515,8.372744e-7,0,0,0,0
5572,1780760075283,12.069,0,1.391976e-7,7.955626e-7,8.076483e-7,80.076,8.363918e-7,0,0,0,0
5573,1780760075332,14.170,0,1.294385e-7,8.093559e-7,8.196409e-7,80.914,8.351315e-7,0,0,0,0
5574,1780760075383,11.655,0,1.195334e-7,8.336092e-7,8.421357e-7,81.840,8.341611e-7,0,0,0,0
5575,1780760075432,13.627,0,1.030282e-7,8.511774e-7,8.573901e-7,83.098,8.328662e-7,0,0,0,0
5576,1780760075483,13.649,0,8.551525e-8,8.528258e-7,8.571025e-7,84.274,8.319328e-7,0,0,0,0
5577,1780760075534,13.274,0,6.812103e-8,8.569788e-7,8.596820e-7,85.455,8.310439e-7,0,0,0,0
5578,1780760075582,12.938,0,4.457584e-8,8.518988e-7,8.530643e-7,87.005,8.299559e-7,0,0,0,0
5579,1780760075632,14.248,0,2.787122e-8,8.615168e-7,8.619675e-7,88.147,8.292410e-7,0,0,0,0
5580,1780760075681,13.644,0,-1.055805e-9,8.583022e-7,8.583029e-7,90.070,8.284416e-7,0,0,0,0
5581,1780760075732,13.237,0,-2.883732e-8,8.605164e-7,8.609995e-7,91.919,8.279849e-7,0,0,0,0
5582,1780760075780,12.780,0,-5.331740e-8,8.649023e-7,8.665441e-7,93.528,8.276533e-7,0,0,0,0
5583,1780760075831,13.231,0,-7.897486e-8,8.616623e-7,8.652739e-7,95.237,8.274010e-7,0,0,0,0
5584,1780760075881,14.041,0,-9.646229e-8,8.680169e-7,8.733603e-7,96.341,8.273465e-7,0,0,0,0
5585,1780760075931,11.890,0,-1.186626e-7,8.570371e-7,8.652129e-7,97.883,8.274247e-7,0,0,0,0
5586,1780760075981,13.300,0,-1.415823e-7,8.566934e-7,8.683139e-7,99.384,8.275986e-7,0,0,0,0
5587,1780760076032,13.193,0,-1.581121e-7,8.440982e-7,8.587789e-7,100.609,8.279626e-7,0,0,0,0
5588,1780760076082,14.167,0,-1.651439e-7,8.292972e-7,8.455805e-7,101.262,8.283129e-7,0,0,0,0
5589,1780760076132,12.519,0,-1.614869e-7,8.125353e-7,8.284272e-7,101.241,8.286827e-7,0,0,0,0
5590,1780760076182,13.371,0,-1.574575e-7,7.806043e-7,7.963265e-7,101.404,8.291802e-7,0,0,0,0
5591,1780760076233,13.579,0,-1.451562e-7,7.670583e-7,7.806720e-7,100.716,8.295308e-7,0,0,0,0
5592,1780760076283,14.416,0,-1.344637e-7,7.410813e-7,7.531813e-7,100.284,8.299544e-7,0,0,0,0
5593,1780760076333,12.620,0,-1.169946e-7,7.244660e-7,7.338520e-7,99.174,8.302399e-7,0,0,0,0
5594,1780760076382,13.789,0,-9.814354e-8,7.028602e-7,7.096792e-7,97.949,8.304786e-7,0,0,0,0
5595,1780760076431,13.345,0,-7.970521e-8,6.749636e-7,6.796535e-7,96.735,8.307018e-7,0,0,0,0
5596,1780760076481,14.550,0,-6.465952e-8,6.579272e-7,6.610968e-7,95.613,8.307863e-7,0,0,0,0
5597,1780760076531,12.085,0,-5.079200e-8,6.360299e-7,6.380548e-7,94.566,8.307993e-7,0,0,0,0
5598,1780760076581,13.324,0,-3.013569e-8,6.380058e-7,6.387171e-7,92.704,8.307238e-7,0,0,0,0
5599,1780760076632,13.236,0,-1.796561e-8,6.366129e-7,6.368664e-7,91.616,8.305139e-7,0,0,0,0
5600,1780760076681,12.375,0,-8.232409e-9,6.469919e-7,6.470443e-7,90.729,8.302888e-7,0,0,0,0
5601,1780760076731,13.273,0,-2.284858e-9,6.590305e-7,6.590344e-7,90.199,8.299969e-7,0,0,0,0
5602,1780760076782,13.605,0,1.219777e-10,6.737161e-7,6.737162e-7,89.990,8.295251e-7,0,0,0,0
5603,1780760076832,14.638,0,1.999933e-9,7.062056e-7,7.062085e-7,89.838,8.291069e-7,0,0,0,0
5604,1780760076883,14.474,0,-4.402687e-9,7.263838e-7,7.263972e-7,90.347,8.285108e-7,0,0,0,0
5605,1780760076932,13.703,0,-1.446555e-8,7.550911e-7,7.552296e-7,91.098,8.280540e-7,0,0,0,0
5606,1780760076983,13.724,0,-2.832637e-8,7.759786e-7,7.764954e-7,92.091,8.275872e-7,0,0,0,0
5607,1780760077033,14.285,0,-4.178153e-8,8.033617e-7,8.044475e-7,92.977,8.269525e-7,0,0,0,0
5608,1780760077083,12.261,0,-5.268633e-8,8.327254e-7,8.343904e-7,93.620,8.264518e-7,0,0,0,0
5609,1780760077132,14.164,0,-6.536884e-8,8.502098e-7,8.527191e-7,94.397,8.257482e-7,0,0,0,0
5610,1780760077183,14.545,0,-7.353861e-8,8.822009e-7,8.852606e-7,94.765,8.251944e-7,0,0,0,0
5611,1780760077233,12.649,0,-8.782792e-8,8.959988e-7,9.002931e-7,95.598,8.246242e-7,0,0,0,0
5612,1780760077282,14.582,0,-1.021502e-7,9.224300e-7,9.280688e-7,96.319,8.238599e-7,0,0,0,0
5613,1780760077332,11.783,0,-1.208126e-7,9.371193e-7,9.448747e-7,97.346,8.232856e-7,0,0,0,0
5614,1780760077382,13.131,0,-1.350721e-7,9.509649e-7,9.605096e-7,98.084,8.225527e-7,0,0,0,0
5615,1780760077433,13.567,0,-1.473549e-7,9.614382e-7,9.726648e-7,98.714,8.220018e-7,0,0,0,0
5616,1780760077483,11.634,0,-1.630872e-7,9.546522e-7,9.684825e-7,99.694,8.213018e-7,0,0,0,0
5617,1780760077532,13.272,0,-1.761245e-7,9.574109e-7,9.734760e-7,100.424,8.208064e-7,0,0,0,0
5618,1780760077583,13.624,0,-1.843411e-7,9.435283e-7,9.613674e-7,101.055,8.203548e-7,0,0,0,0
5619,1780760077632,12.586,0,-1.919011e-7,9.322448e-7,9.517911e-7,101.632,8.198078e-7,0,0,0,0
5620,1780760077681,11.747,0,-1.960905e-7,9.084230e-7,9.293459e-7,102.181,8.194311e-7,0,0,0,0
5621,1780760077730,13.295,0,-1.957884e-7,8.795133e-7,9.010420e-7,102.550,8.189856e-7,0,0,0,0
5622,1780760077781,13.271,0,-1.907603e-7,8.544557e-7,8.754908e-7,102.585,8.186778e-7,0,0,0,0
5623,1780760077832,13.588,0,-1.820421e-7,8.208822e-7,8.408251e-7,102.504,8.184012e-7,0,0,0,0
5624,1780760077883,13.360,0,-1.539098e-7,8.122623e-7,8.267153e-7,100.729,8.180353e-7,0,0,0,0
5625,1780760077933,11.632,0,-1.260266e-7,7.874761e-7,7.974969e-7,99.092,8.177261e-7,0,0,0,0
5626,1780760077981,13.890,0,-1.028298e-7,7.734312e-7,7.802370e-7,97.573,8.172964e-7,0,0,0,0
5627,1780760078032,11.727,0,-8.070203e-8,7.583487e-7,7.626307e-7,96.074,8.169590e-7,0,0,0,0
5628,1780760078081,13.151,0,-5.904633e-8,7.442269e-7,7.465655e-7,94.536,8.166169e-7,0,0,0,0
5629,1780760078131,14.457,0,-3.674760e-8,7.400781e-7,7.409898e-7,92.843,8.161769e-7,0,0,0,0
5630,1780760078181,11.813,0,-1.917276e-8,7.324022e-7,7.326531e-7,91.500,8.158659e-7,0,0,0,0
5631,1780760078231,13.247,0,-3.217170e-9,7.470473e-7,7.470542e-7,90.247,8.154919e-7,0,0,0,0
5632,1780760078282,13.276,0,3.458347e-9,7.559623e-7,7.559702e-7,89.738,8.152400e-7,0,0,0,0
5633,1780760078331,12.121,0,7.505440e-9,7.663673e-7,7.664040e-7,89.439,8.149636e-7,0,0,0,0
5634,1780760078381,13.265,0,7.026509e-9,7.792040e-7,7.792357e-7,89.483,8.147772e-7,0,0,0,0
5635,1780760078430,11.810,0,-2.917840e-9,7.853185e-7,7.853240e-7,90.213,8.146120e-7,0,0,0,0
5636,1780760078480,13.347,0,-1.625226e-8,8.091511e-7,8.093143e-7,91.151,8.144115e-7,0,0,0,0
5637,1780760078531,13.640,0,-2.890771e-8,8.187470e-7,8.192572e-7,92.022,8.142733e-7,0,0,0,0
5638,1780760078579,13.308,0,-3.947655e-8,8.407523e-7,8.416785e-7,92.688,8.140933e-7,0,0,0,0
5639,1780760078628,11.873,0,-5.515078e-8,8.554247e-7,8.572007e-7,93.689,8.139552e-7,0,0,0,0
5640,1780760078677,13.883,0,-7.362823e-8,8.714367e-7,8.745417e-7,94.829,8.138282e-7,0,0,0,0
5641,1780760078729,13.296,0,-9.542107e-8,8.915066e-7,8.965987e-7,96.109,8.136670e-7,0,0,0,0
5642,1780760078778,12.155,0,-1.180279e-7,8.960798e-7,9.038194e-7,97.504,8.135598e-7,0,0,0,0
5643,1780760078828,13.238,0,-1.348047e-7,9.071691e-7,9.171304e-7,98.452,8.134061e-7,0,0,0,0
5644,1780760078877,12.002,0,-1.522640e-7,9.019789e-7,9.147405e-7,99.582,8.132728e-7,0,0,0,0
5645,1780760078927,13.321,0,-1.731446e-7,8.992459e-7,9.157632e-7,100.899,8.131285e-7,0,0,0,0
5646,1780760078976,11.774,0,-1.992972e-7,8.902941e-7,9.123283e-7,102.618,8.129212e-7,0,0,0,0
5647,1780760079025,13.750,0,-2.226300e-7,8.724460e-7,9.004033e-7,104.315,8.127795e-7,0,0,0,0
5648,1780760079075,12.053,0,-2.338521e-7,8.638342e-7,8.949281e-7,105.148,8.125794e-7,0,0,0,0
5649,1780760079124,14.478,0,-2.384099e-7,8.365541e-7,8.698632e-7,105.907,8.124110e-7,0,0,0,0
5650,1780760079174,12.095,0,-2.438962e-7,8.216979e-7,8.571306e-7,106.532,8.121611e-7,0,0,0,0
5651,1780760079223,14.487,0,-2.474570e-7,7.929825e-7,8.306963e-7,107.331,8.119635e-7,0,0,0,0
5652,1780760079273,11.830,0,-2.584209e-7,7.685826e-7,8.108641e-7,108.584,8.117758e-7,0,0,0,0
5653,1780760079322,14.431,0,-2.615176e-7,7.459454e-7,7.904594e-7,109.320,8.115607e-7,0,0,0,0
5654,1780760079372,12.657,0,-2.546201e-7,7.215348e-7,7.651430e-7,109.437,8.114301e-7,0,0,0,0
5655,1780760079420,12.170,0,-2.368351e-7,7.183517e-7,7.563862e-7,108.247,8.112403e-7,0,0,0,0
5656,1780760079470,13.299,0,-2.178522e-7,7.048691e-7,7.377669e-7,107.175,8.110715e-7,0,0,0,0
5657,1780760079520,14.228,0,-1.964480e-7,7.056287e-7,7.324642e-7,105.557,8.108965e-7,0,0,0,0
5658,1780760079570,12.273,0,-1.767796e-7,6.971442e-7,7.192086e-7,104.229,8.106554e-7,0,0,0,0
5659,1780760079620,13.292,0,-1.590789e-7,6.953251e-7,7.132904e-7,102.887,8.104950e-7,0,0,0,0
5660,1780760079670,14.166,0,-1.455999e-7,7.012480e-7,7.162040e-7,101.730,8.103003e-7,0,0,0,0
5661,1780760079720,12.113,0,-1.392478e-7,7.012746e-7,7.149658e-7,101.231,8.101933e-7,0,0,0,0
5662,1780760079770,13.373,0,-1.416375e-7,7.291519e-7,7.427811e-7,100.993,8.101321e-7,0,0,0,0
5663,1780760079820,13.865,0,-1.472127e-7,7.440631e-7,7.584863e-7,101.191,8.101353e-7,0,0,0,0
5664,1780760079872,13.271,0,-1.544064e-7,7.712180e-7,7.865231e-7,101.322,8.102012e-7,0,0,0,0
5665,1780760079923,13.302,0,-1.611730e-7,8.033643e-7,8.193722e-7,101.344,8.103479e-7,0,0,0,0
5666,1780760079974,13.302,0,-1.719666e-7,8.374812e-7,8.549546e-7,101.604,8.104993e-7,0,0,0,0
5667,1780760080023,12.192,0,-1.883810e-7,8.809105e-7,9.008278e-7,102.071,8.107382e-7,0,0,0,0
5668,1780760080073,13.259,0,-2.074065e-7,9.079249e-7,9.313136e-7,102.868,8.109647e-7,0,0,0,0
5669,1780760080124,13.260,0,-2.301566e-7,9.395570e-7,9.673362e-7,103.764,8.112395e-7,0,0,0,0
5670,1780760080174,13.935,0,-2.523903e-7,9.533775e-7,9.862198e-7,104.828,8.116886e-7,0,0,0,0
5671,1780760080224,12.024,0,-2.643776e-7,9.664664e-7,1.001974e-6,105.299,8.120877e-7,0,0,0,0
5672,1780760080274,13.680,0,-2.753424e-7,9.723467e-7,1.010580e-6,105.811,8.126225e-7,0,0,0,0
5673,1780760080325,13.372,0,-2.898104e-7,9.617267e-7,1.004444e-6,106.770,8.130323e-7,0,0,0,0
5674,1780760080374,12.222,0,-3.047598e-7,9.613742e-7,1.008523e-6,107.589,8.134388e-7,0,0,0,0
5675,1780760080424,13.359,0,-3.151617e-7,9.367578e-7,9.883532e-7,108.595,8.139712e-7,0,0,0,0
5676,1780760080473,11.901,0,-3.236680e-7,9.217268e-7,9.769039e-7,109.349,8.143385e-7,0,0,0,0
5677,1780760080522,14.021,0,-3.267089e-7,8.951929e-7,9.529476e-7,110.050,8.147628e-7,0,0,0,0
5678,1780760080572,12.119,0,-3.245296e-7,8.683744e-7,9.270348e-7,110.492,8.150361e-7,0,0,0,0
5679,1780760080622,13.306,0,-3.168872e-7,8.469053e-7,9.042489e-7,110.514,8.152458e-7,0,0,0,0
5680,1780760080672,14.203,0,-3.006624e-7,8.084127e-7,8.625132e-7,110.401,8.154264e-7,0,0,0,0
5681,1780760080723,14.501,0,-2.748007e-7,7.827033e-7,8.295420e-7,109.346,8.154560e-7,0,0,0,0
5682,1780760080771,13.997,0,-2.474307e-7,7.448403e-7,7.848624e-7,108.376,8.153186e-7,0,0,0,0
5683,1780760080822,14.485,0,-2.199670e-7,7.251988e-7,7.578250e-7,106.874,8.150827e-7,0,0,0,0
5684,1780760080873,14.583,0,-1.929514e-7,7.084115e-7,7.342187e-7,105.236,8.145765e-7,0,0,0,0
5685,1780760080924,14.487,0,-1.660445e-7,7.005036e-7,7.199140e-7,103.335,8.140783e-7,0,0,0,0
5686,1780760080974,11.869,0,-1.458456e-7,7.092387e-7,7.240791e-7,101.620,8.134727e-7,0,0,0,0
5687,1780760081023,13.890,0,-1.305810e-7,7.094648e-7,7.213818e-7,100.429,8.125611e-7,0,0,0,0
5688,1780760081073,12.657,0,-1.220500e-7,7.307200e-7,7.408427e-7,99.482,8.118269e-7,0,0,0,0
5689,1780760081121,11.719,0,-1.163466e-7,7.443290e-7,7.533672e-7,98.884,8.108046e-7,0,0,0,0
5690,1780760081171,13.302,0,-1.080720e-7,7.659318e-7,7.735186e-7,98.031,8.100312e-7,0,0,0,0
5691,1780760081220,12.041,0,-1.083394e-7,7.879043e-7,7.953179e-7,97.829,8.092447e-7,0,0,0,0
5692,1780760081269,14.283,0,-1.216049e-7,8.033838e-7,8.125351e-7,98.607,8.082435e-7,0,0,0,0
5693,1780760081320,14.155,0,-1.446823e-7,8.326249e-7,8.451019e-7,99.858,8.075529e-7,0,0,0,0
5694,1780760081371,14.084,0,-1.695458e-7,8.443475e-7,8.612018e-7,101.354,8.067644e-7,0,0,0,0
5695,1780760081420,13.063,0,-2.034186e-7,8.667052e-7,8.902567e-7,103.208,8.062609e-7,0,0,0,0
5696,1780760081469,12.079,0,-2.386098e-7,8.739862e-7,9.059727e-7,105.270,8.058329e-7,0,0,0,0
5697,1780760081519,13.379,0,-2.739194e-7,8.835927e-7,9.250773e-7,107.224,8.054291e-7,0,0,0,0
5698,1780760081569,13.890,0,-3.046149e-7,8.959116e-7,9.462811e-7,108.778,8.052448e-7,0,0,0,0
5699,1780760081619,12.019,0,-3.286361e-7,8.891567e-7,9.479458e-7,110.285,8.052008e-7,0,0,0,0
5700,1780760081669,13.269,0,-3.474861e-7,8.895266e-7,9.549891e-7,111.338,8.052924e-7,0,0,0,0
5701,1780760081719,14.452,0,-3.627790e-7,8.691577e-7,9.418300e-7,112.655,8.055566e-7,0,0,0,0
5702,1780760081770,14.365,0,-3.797295e-7,8.525040e-7,9.332511e-7,114.010,8.058507e-7,0,0,0,0
5703,1780760081819,12.905,0,-3.913020e-7,8.229948e-7,9.112836e-7,115.429,8.062020e-7,0,0,0,0
5704,1780760081870,13.264,0,-3.928077e-7,7.892993e-7,8.816412e-7,116.458,8.067444e-7,0,0,0,0
5705,1780760081920,14.156,0,-3.860844e-7,7.611442e-7,8.534645e-7,116.896,8.071529e-7,0,0,0,0
5706,1780760081971,13.850,0,-3.739601e-7,7.210738e-7,8.122768e-7,117.412,8.076661e-7,0,0,0,0
5707,1780760082020,13.160,0,-3.638522e-7,7.011310e-7,7.899197e-7,117.427,8.080028e-7,0,0,0,0
5708,1780760082070,13.717,0,-3.502370e-7,6.720199e-7,7.578104e-7,117.527,8.082762e-7,0,0,0,0
5709,1780760082122,13.373,0,-3.447945e-7,6.487077e-7,7.346462e-7,117.991,8.085465e-7,0,0,0,0
5710,1780760082173,13.336,0,-3.379254e-7,6.289409e-7,7.139750e-7,118.249,8.086802e-7,0,0,0,0
5711,1780760082221,12.678,0,-3.261069e-7,6.133493e-7,6.946532e-7,117.999,8.087694e-7,0,0,0,0
5712,1780760082270,12.190,0,-3.177278e-7,6.195256e-7,6.962491e-7,117.151,8.087502e-7,0,0,0,0
5713,1780760082320,13.536,0,-3.052232e-7,6.194510e-7,6.905656e-7,116.231,8.086046e-7,0,0,0,0
5714,1780760082371,13.186,0,-2.964973e-7,6.414261e-7,7.066386e-7,114.809,8.083802e-7,0,0,0,0
5715,1780760082422,13.322,0,-2.907556e-7,6.586545e-7,7.199754e-7,113.819,8.080487e-7,0,0,0,0
5716,1780760082473,13.232,0,-2.892808e-7,6.826348e-7,7.413998e-7,112.966,8.074920e-7,0,0,0,0
5717,1780760082521,12.805,0,-2.908343e-7,7.108569e-7,7.680508e-7,112.251,8.069945e-7,0,0,0,0
5718,1780760082571,14.428,0,-2.936217e-7,7.336603e-7,7.902349e-7,111.812,8.062914e-7,0,0,0,0
5719,1780760082622,14.528,0,-3.014311e-7,7.785457e-7,8.348617e-7,111.165,8.057447e-7,0,0,0,0
5720,1780760082672,11.992,0,-3.114546e-7,8.057749e-7,8.638733e-7,111.133,8.052042e-7,0,0,0,0
5721,1780760082722,13.694,0,-3.296124e-7,8.374203e-7,8.999539e-7,111.485,8.045574e-7,0,0,0,0
5722,1780760082773,13.250,0,-3.488357e-7,8.545948e-7,9.230485e-7,112.205,8.041359e-7,0,0,0,0
5723,1780760082824,13.341,0,-3.711332e-7,8.604333e-7,9.370620e-7,113.332,8.037170e-7,0,0,0,0
5724,1780760082875,13.269,0,-3.957036e-7,8.792735e-7,9.642112e-7,114.229,8.035222e-7,0,0,0,0
5725,1780760082923,12.915,0,-4.165041e-7,8.813638e-7,9.748220e-7,115.294,8.034570e-7,0,0,0,0
5726,1780760082973,13.884,0,-4.410261e-7,8.931320e-7,9.960867e-7,116.280,8.035757e-7,0,0,0,0
5727,1780760083024,14.013,0,-4.607947e-7,8.836475e-7,9.965765e-7,117.541,8.038008e-7,0,0,0,0
5728,1780760083075,14.475,0,-4.807985e-7,8.604541e-7,9.856716e-7,119.195,8.042788e-7,0,0,0,0
5729,1780760083124,12.881,0,-4.966823e-7,8.363953e-7,9.727541e-7,120.703,8.047402e-7,0,0,0,0
5730,1780760083175,13.361,0,-5.020417e-7,8.042063e-7,9.480472e-7,121.975,8.054816e-7,0,0,0,0
5731,1780760083224,12.001,0,-5.091735e-7,7.837105e-7,9.345907e-7,123.012,8.060933e-7,0,0,0,0
5732,1780760083274,13.283,0,-5.075130e-7,7.453402e-7,9.017214e-7,124.252,8.067481e-7,0,0,0,0
5733,1780760083324,13.967,0,-5.006651e-7,7.205230e-7,8.773933e-7,124.794,8.076303e-7,0,0,0,0
5734,1780760083373,13.531,0,-4.899046e-7,6.906065e-7,8.467254e-7,125.351,8.082396e-7,0,0,0,0
5735,1780760083424,13.577,0,-4.735695e-7,6.661917e-7,8.173613e-7,125.408,8.089692e-7,0,0,0,0
5736,1780760083474,13.988,0,-4.567779e-7,6.504136e-7,7.947855e-7,125.080,8.094152e-7,0,0,0,0
5737,1780760083524,11.968,0,-4.289552e-7,6.258489e-7,7.587420e-7,124.427,8.097722e-7,0,0,0,0
5738,1780760083574,13.245,0,-3.966428e-7,6.190943e-7,7.352573e-7,122.647,8.100607e-7,0,0,0,0
5739,1780760083624,14.520,0,-3.605880e-7,6.056367e-7,7.048543e-7,120.769,8.101060e-7,0,0,0,0
5740,1780760083674,11.961,0,-3.310928e-7,6.064231e-7,6.909206e-7,118.634,8.099538e-7,0,0,0,0
5741,1780760083723,13.885,0,-3.035959e-7,6.133653e-7,6.843883e-7,116.334,8.096740e-7,0,0,0,0
5742,1780760083775,13.200,0,-2.801811e-7,6.187730e-7,6.792507e-7,114.361,8.092713e-7,0,0,0,0
5743,1780760083826,13.271,0,-2.650935e-7,6.386754e-7,6.915062e-7,112.542,8.085145e-7,0,0,0,0
5744,1780760083877,13.310,0,-2.511062e-7,6.477629e-7,6.947310e-7,111.189,8.078112e-7,0,0,0,0
5745,1780760083928,13.244,0,-2.510314e-7,6.778429e-7,7.228332e-7,110.322,8.067260e-7,0,0,0,0
5746,1780760083979,13.335,0,-2.585051e-7,6.998439e-7,7.460606e-7,110.273,8.058197e-7,0,0,0,0
5747,1780760084030,13.358,0,-2.802374e-7,7.303876e-7,7.823037e-7,110.991,8.045683e-7,0,0,0,0
5748,1780760084081,13.218,0,-3.008835e-7,7.586119e-7,8.161023e-7,111.634,8.036092e-7,0,0,0,0
5749,1780760084132,13.288,0,-3.228982e-7,7.812262e-7,8.453269e-7,112.456,8.026887e-7,0,0,0,0
5750,1780760084181,11.726,0,-3.509841e-7,8.131121e-7,8.856303e-7,113.348,8.015517e-7,0,0,0,0
5751,1780760084231,13.509,0,-3.739550e-7,8.223789e-7,9.034099e-7,114.452,8.008159e-7,0,0,0,0
5752,1780760084280,11.703,0,-3.980353e-7,8.384547e-7,9.281370e-7,115.395,8.000125e-7,0,0,0,0
5753,1780760084330,13.309,0,-4.205099e-7,8.433821e-7,9.424022e-7,116.501,7.995581e-7,0,0,0,0
5754,1780760084381,13.233,0,-4.406559e-7,8.418069e-7,9.501666e-7,117.630,7.992559e-7,0,0,0,0
5755,1780760084430,12.408,0,-4.594703e-7,8.446761e-7,9.615564e-7,118.544,7.990262e-7,0,0,0,0
5756,1780760084478,11.984,0,-4.707247e-7,8.236224e-7,9.486494e-7,119.749,7.989937e-7,0,0,0,0
5757,1780760084528,13.402,0,-4.867161e-7,8.140116e-7,9.484237e-7,120.876,7.991074e-7,0,0,0,0
5758,1780760084578,14.229,0,-5.012347e-7,7.931455e-7,9.382516e-7,122.291,7.993305e-7,0,0,0,0
5759,1780760084627,13.429,0,-5.181876e-7,7.761371e-7,9.332241e-7,123.729,7.996772e-7,0,0,0,0
5760,1780760084678,13.257,0,-5.363224e-7,7.554773e-7,9.264921e-7,125.371,8.002996e-7,0,0,0,0
5761,1780760084727,12.511,0,-5.435523e-7,7.260259e-7,9.069524e-7,126.821,8.009003e-7,0,0,0,0
5762,1780760084777,13.229,0,-5.488309e-7,7.097608e-7,8.972044e-7,127.713,8.017806e-7,0,0,0,0
5763,1780760084827,13.722,0,-5.448775e-7,6.765272e-7,8.686659e-7,128.848,8.024877e-7,0,0,0,0
5764,1780760084879,13.309,0,-5.456809e-7,6.536163e-7,8.514588e-7,129.857,8.034506e-7,0,0,0,0
5765,1780760084930,13.258,0,-5.367142e-7,6.198366e-7,8.199144e-7,130.889,8.041812e-7,0,0,0,0
5766,1780760084981,13.339,0,-5.378263e-7,5.884354e-7,7.971909e-7,132.427,8.049052e-7,0,0,0,0
5767,1780760085031,13.758,0,-5.312868e-7,5.624432e-7,7.736976e-7,133.368,8.058431e-7,0,0,0,0
5768,1780760085082,14.662,0,-5.126981e-7,5.320321e-7,7.388623e-7,133.940,8.064918e-7,0,0,0,0
5769,1780760085132,12.270,0,-4.931079e-7,5.270520e-7,7.217612e-7,133.094,8.071928e-7,0,0,0,0
5770,1780760085180,11.896,0,-4.676705e-7,5.145133e-7,6.952982e-7,132.269,8.075999e-7,0,0,0,0
5771,1780760085230,13.194,0,-4.478211e-7,5.160478e-7,6.832635e-7,130.951,8.079133e-7,0,0,0,0
5772,1780760085281,13.334,0,-4.264076e-7,5.187029e-7,6.714731e-7,129.422,8.081704e-7,0,0,0,0
5773,1780760085332,13.291,0,-4.047547e-7,5.235691e-7,6.617786e-7,127.706,8.082623e-7,0,0,0,0
5774,1780760085382,14.309,0,-3.850351e-7,5.386596e-7,6.621225e-7,125.557,8.082416e-7,0,0,0,0
5775,1780760085433,14.600,0,-3.743406e-7,5.470720e-7,6.628866e-7,124.382,8.081615e-7,0,0,0,0
5776,1780760085484,14.571,0,-3.801921e-7,5.800467e-7,6.935418e-7,123.243,8.080494e-7,0,0,0,0
5777,1780760085535,14.550,0,-3.939377e-7,6.308226e-7,7.437231e-7,121.984,8.078199e-7,0,0,0,0
5778,1780760085585,11.722,1,-3.939377e-7,6.308226e-7,7.437231e-7,121.984,8.078199e-7,0,0,0,0
5779,1780760085635,13.033,0,-4.095122e-7,6.628166e-7,7.791188e-7,121.709,8.077433e-7,0,0,0,0
5780,1780760085684,11.774,0,-4.242333e-7,6.880174e-7,8.082956e-7,121.658,8.077662e-7,0,0,0,0
5781,1780760085733,14.437,0,-4.442820e-7,7.272291e-7,8.522022e-7,121.422,8.078865e-7,0,0,0,0
5782,1780760085782,13.626,0,-4.537954e-7,7.522923e-7,8.785636e-7,121.099,8.080688e-7,0,0,0,0
5783,1780760085832,14.619,0,-4.704272e-7,7.819981e-7,9.125913e-7,121.030,8.083082e-7,0,0,0,0
5784,1780760085882,12.543,0,-4.893788e-7,7.993103e-7,9.372238e-7,121.477,8.087562e-7,0,0,0,0
5785,1780760085932,13.603,0,-5.168574e-7,8.064878e-7,9.578957e-7,122.655,8.092116e-7,0,0,0,0
5786,1780760085981,12.471,0,-5.493284e-7,8.177843e-7,9.851562e-7,123.890,8.099821e-7,0,0,0,0
5787,1780760086031,13.325,0,-5.730216e-7,8.116379e-7,9.935341e-7,125.222,8.107124e-7,0,0,0,0
5788,1780760086082,13.377,0,-6.035164e-7,8.230263e-7,1.020590e-6,126.252,8.115367e-7,0,0,0,0
5789,1780760086130,12.980,0,-6.219871e-7,8.165229e-7,1.026439e-6,127.298,8.128299e-7,0,0,0,0
5790,1780760086179,12.246,0,-6.417613e-7,8.054760e-7,1.029878e-6,128.546,8.139113e-7,0,0,0,0
5791,1780760086229,13.400,0,-6.562601e-7,7.830900e-7,1.021718e-6,129.964,8.154810e-7,0,0,0,0
5792,1780760086280,13.234,0,-6.648414e-7,7.459442e-7,9.992231e-7,131.710,8.167218e-7,0,0,0,0
5793,1780760086330,13.893,0,-6.756198e-7,7.151066e-7,9.837884e-7,133.374,8.179824e-7,0,0,0,0
5794,1780760086379,13.225,0,-6.654136e-7,6.808781e-7,9.520347e-7,134.342,8.196898e-7,0,0,0,0
5795,1780760086430,13.337,0,-6.567795e-7,6.603741e-7,9.313717e-7,134.844,8.208925e-7,0,0,0,0
5796,1780760086478,12.783,0,-6.392337e-7,6.278577e-7,8.960050e-7,135.514,8.223823e-7,0,0,0,0
5797,1780760086529,13.301,0,-6.177257e-7,5.937395e-7,8.568031e-7,136.134,8.233597e-7,0,0,0,0
5798,1780760086580,13.248,0,-5.918819e-7,5.604023e-7,8.150920e-7,136.565,8.244300e-7,0,0,0,0
5799,1780760086631,13.332,0,-5.603728e-7,5.213882e-7,7.654171e-7,137.064,8.250518e-7,0,0,0,0
5800,1780760086682,13.252,0,-5.399704e-7,5.086050e-7,7.417864e-7,136.713,8.254905e-7,0,0,0,0
5801,1780760086730,12.984,0,-5.151007e-7,4.904908e-7,7.112735e-7,136.402,8.258699e-7,0,0,0,0
5802,1780760086781,13.433,0,-5.002817e-7,4.837335e-7,6.959022e-7,135.963,8.259883e-7,0,0,0,0
5803,1780760086832,13.170,0,-4.840093e-7,4.790455e-7,6.809916e-7,135.295,8.259699e-7,0,0,0,0
5804,1780760086882,14.434,0,-4.670992e-7,4.688068e-7,6.617866e-7,134.895,8.258360e-7,0,0,0,0
5805,1780760086932,12.358,0,-4.589386e-7,4.772677e-7,6.621247e-7,133.878,8.256021e-7,0,0,0,0
5806,1780760086982,13.538,0,-4.488273e-7,4.833178e-7,6.595772e-7,132.881,8.252373e-7,0,0,0,0
5807,1780760087031,11.688,0,-4.505221e-7,5.104283e-7,6.808136e-7,131.433,8.249285e-7,0,0,0,0
5808,1780760087081,13.118,0,-4.504294e-7,5.300039e-7,6.955507e-7,130.360,8.245642e-7,0,0,0,0
5809,1780760087132,13.289,0,-4.580257e-7,5.545965e-7,7.192808e-7,129.552,8.243129e-7,0,0,0,0
5810,1780760087182,14.471,0,-4.743291e-7,5.824157e-7,7.511299e-7,129.160,8.241176e-7,0,0,0,0
5811,1780760087233,14.537,0,-4.896978e-7,6.007365e-7,7.750408e-7,129.186,8.240126e-7,0,0,0,0
5812,1780760087283,12.142,0,-5.170943e-7,6.333728e-7,8.176476e-7,129.229,8.240412e-7,0,0,0,0
5813,1780760087332,14.101,0,-5.277908e-7,6.490643e-7,8.365690e-7,129.117,8.242982e-7,0,0,0,0
5814,1780760087382,11.697,0,-5.435794e-7,6.720898e-7,8.643976e-7,128.966,8.245814e-7,0,0,0,0
5815,1780760087431,14.382,0,-5.599440e-7,6.822832e-7,8.826367e-7,129.375,8.251175e-7,0,0,0,0
5816,1780760087480,12.815,0,-5.815065e-7,6.902347e-7,9.025374e-7,130.113,8.256182e-7,0,0,0,0
5817,1780760087531,13.206,0,-6.074084e-7,7.031255e-7,9.291558e-7,130.823,8.262103e-7,0,0,0,0
5818,1780760087581,14.564,0,-6.257525e-7,7.015183e-7,9.400501e-7,131.733,8.271233e-7,0,0,0,0
5819,1780760087630,13.205,0,-6.535834e-7,7.150653e-7,9.687568e-7,132.428,8.278569e-7,0,0,0,0
5820,1780760087678,12.754,0,-6.695837e-7,7.104635e-7,9.762688e-7,133.303,8.289405e-7,0,0,0,0
5821,1780760087728,14.505,0,-6.851513e-7,7.052950e-7,9.832972e-7,134.170,8.297671e-7,0,0,0,0
5822,1780760087779,14.506,0,-6.965191e-7,6.922040e-7,9.819803e-7,135.178,8.306393e-7,0,0,0,0
5823,1780760087829,12.285,0,-7.084581e-7,6.720619e-7,9.765143e-7,136.510,8.318314e-7,0,0,0,0
5824,1780760087879,13.304,0,-7.188442e-7,6.504824e-7,9.694660e-7,137.858,8.327325e-7,0,0,0,0
5825,1780760087927,12.605,0,-7.086745e-7,6.134908e-7,9.373316e-7,139.118,8.339143e-7,0,0,0,0
5826,1780760087976,11.702,0,-6.986391e-7,5.883929e-7,9.134017e-7,139.896,8.346921e-7,0,0,0,0
5827,1780760088025,14.267,0,-6.749317e-7,5.574896e-7,8.754013e-7,140.443,8.356011e-7,0,0,0,0
5828,1780760088075,12.368,0,-6.517634e-7,5.292637e-7,8.395925e-7,140.922,8.361248e-7,0,0,0,0
5829,1780760088124,13.903,0,-6.324410e-7,5.052821e-7,8.095009e-7,141.377,8.365436e-7,0,0,0,0
5830,1780760088173,12.944,0,-6.067416e-7,4.824387e-7,7.751661e-7,141.511,8.369354e-7,0,0,0,0
5831,1780760088223,13.818,0,-5.918378e-7,4.821699e-7,7.633870e-7,140.830,8.370698e-7,0,0,0,0
5832,1780760088275,13.327,0,-5.602549e-7,4.655660e-7,7.284485e-7,140.274,8.370973e-7,0,0,0,0
5833,1780760088325,13.966,0,-5.400362e-7,4.632366e-7,7.114965e-7,139.377,8.369571e-7,0,0,0,0
5834,1780760088376,14.516,0,-5.204886e-7,4.620646e-7,6.959972e-7,138.403,8.367452e-7,0,0,0,0
5835,1780760088427,14.566,0,-5.080598e-7,4.658275e-7,6.892895e-7,137.483,8.363575e-7,0,0,0,0
5836,1780760088478,14.558,0,-5.100883e-7,4.796809e-7,7.002027e-7,136.760,8.360284e-7,0,0,0,0
5837,1780760088529,14.496,0,-5.059975e-7,4.873219e-7,7.025070e-7,136.077,8.356420e-7,0,0,0,0
5838,1780760088579,12.489,0,-5.174876e-7,5.150827e-7,7.301394e-7,135.133,8.353830e-7,0,0,0,0
5839,1780760088629,13.275,0,-5.192508e-7,5.335877e-7,7.445382e-7,134.220,8.352172e-7,0,0,0,0
5840,1780760088677,13.009,0,-5.286933e-7,5.576626e-7,7.684427e-7,133.472,8.350795e-7,0,0,0,0
5841,1780760088726,12.326,0,-5.480281e-7,5.776282e-7,7.962344e-7,133.494,8.350867e-7,0,0,0,0
5842,1780760088774,14.648,0,-5.700965e-7,5.914985e-7,8.215111e-7,133.944,8.352817e-7,0,0,0,0
5843,1780760088825,12.484,0,-5.958272e-7,6.191790e-7,8.592978e-7,133.899,8.355645e-7,0,0,0,0
5844,1780760088874,14.027,0,-6.144305e-7,6.320689e-7,8.814964e-7,134.189,8.361305e-7,0,0,0,0
5845,1780760088924,14.636,0,-6.483888e-7,6.515338e-7,9.191868e-7,134.861,8.366478e-7,0,0,0,0
5846,1780760088974,12.855,0,-6.780444e-7,6.622963e-7,9.478294e-7,135.673,8.373052e-7,0,0,0,0
5847,1780760089024,13.805,0,-7.066660e-7,6.708930e-7,9.744097e-7,136.488,8.383358e-7,0,0,0,0
5848,1780760089075,13.634,0,-7.361032e-7,6.731446e-7,9.974826e-7,137.558,8.392335e-7,0,0,0,0
5849,1780760089127,13.288,0,-7.524940e-7,6.600811e-7,1.000977e-6,138.743,8.405570e-7,0,0,0,0
5850,1780760089177,14.289,0,-7.754771e-7,6.541074e-7,1.014505e-6,139.853,8.415964e-7,0,0,0,0
5851,1780760089228,14.538,0,-7.930734e-7,6.278184e-7,1.011495e-6,141.634,8.426918e-7,0,0,0,0
5852,1780760089278,12.129,0,-8.118019e-7,6.003770e-7,1.009690e-6,143.515,8.441648e-7,0,0,0,0
5853,1780760089327,13.809,0,-8.199319e-7,5.707358e-7,9.990133e-7,145.159,8.452973e-7,0,0,0,0
5854,1780760089377,12.270,0,-8.190397e-7,5.439710e-7,9.832245e-7,146.410,8.467268e-7,0,0,0,0
5855,1780760089427,13.326,0,-8.226719e-7,5.290574e-7,9.781057e-7,147.255,8.477606e-7,0,0,0,0
5856,1780760089475,12.712,0,-8.053012e-7,5.028049e-7,9.493803e-7,148.021,8.487795e-7,0,0,0,0
5857,1780760089525,14.314,0,-7.922022e-7,4.894231e-7,9.311924e-7,148.292,8.499981e-7,0,0,0,0
5858,1780760089575,12.117,0,-7.653536e-7,4.675080e-7,8.968444e-7,148.582,8.508311e-7,0,0,0,0
5859,1780760089624,13.938,0,-7.404169e-7,4.514650e-7,8.672011e-7,148.627,8.517457e-7,0,0,0,0
5860,1780760089674,11.973,0,-7.208809e-7,4.472642e-7,8.483599e-7,148.183,8.523401e-7,0,0,0,0
5861,1780760089724,13.371,0,-6.961907e-7,4.481036e-7,8.279362e-7,147.233,8.530105e-7,0,0,0,0
5862,1780760089772,12.713,0,-6.859079e-7,4.661417e-7,8.293116e-7,145.800,8.534546e-7,0,0,0,0
5863,1780760089823,13.292,0,-6.667640e-7,4.757938e-7,8.191178e-7,144.489,8.538819e-7,0,0,0,0
5864,1780760089874,13.248,0,-6.564493e-7,4.959777e-7,8.227512e-7,142.927,8.543795e-7,0,0,0,0
5865,1780760089924,13.899,0,-6.454571e-7,5.164604e-7,8.266476e-7,141.335,8.547492e-7,0,0,0,0
5866,1780760089974,11.893,0,-6.390574e-7,5.378172e-7,8.352495e-7,139.917,8.552023e-7,0,0,0,0
5867,1780760090024,13.260,0,-6.425283e-7,5.656485e-7,8.560379e-7,138.641,8.555863e-7,0,0,0,0
5868,1780760090074,13.967,0,-6.374315e-7,5.819154e-7,8.631016e-7,137.607,8.560151e-7,0,0,0,0
5869,1780760090124,11.952,0,-6.516983e-7,6.060952e-7,8.899787e-7,137.076,8.566309e-7,0,0,0,0
5870,1780760090173,13.832,0,-6.518795e-7,6.232150e-7,9.018558e-7,136.288,8.571717e-7,0,0,0,0
5871,1780760090224,14.187,0,-6.650633e-7,6.398002e-7,9.228507e-7,136.109,8.579209e-7,0,0,0,0
5872,1780760090275,14.124,0,-6.820125e-7,6.447703e-7,9.385466e-7,136.608,8.585670e-7,0,0,0,0
5873,1780760090324,12.880,0,-7.030077e-7,6.405367e-7,9.510558e-7,137.662,8.592641e-7,0,0,0,0
5874,1780760090373,11.863,0,-7.384858e-7,6.368232e-7,9.751436e-7,139.228,8.603287e-7,0,0,0,0
5875,1780760090423,13.302,0,-7.597610e-7,6.238668e-7,9.830802e-7,140.609,8.612414e-7,0,0,0,0
5876,1780760090474,13.315,0,-7.882187e-7,6.182536e-7,1.001762e-6,141.890,8.625418e-7,0,0,0,0
5877,1780760090523,11.812,0,-8.068387e-7,6.047117e-7,1.008298e-6,143.149,8.636019e-7,0,0,0,0
5878,1780760090573,13.343,0,-8.256754e-7,5.903249e-7,1.014999e-6,144.437,8.650435e-7,0,0,0,0
5879,1780760090622,12.561,0,-8.434520e-7,5.683082e-7,1.017047e-6,146.028,8.661748e-7,0,0,0,0
5880,1780760090671,13.836,0,-8.444859e-7,5.392480e-7,1.001971e-6,147.440,8.673106e-7,0,0,0,0
5881,1780760090720,12.889,0,-8.532769e-7,5.237514e-7,1.001198e-6,148.458,8.687956e-7,0,0,0,0
5882,1780760090770,14.154,0,-8.416032e-7,4.988761e-7,9.783524e-7,149.342,8.698769e-7,0,0,0,0
5883,1780760090819,12.838,0,-8.375555e-7,4.794345e-7,9.650682e-7,150.212,8.711885e-7,0,0,0,0
5884,1780760090869,13.996,0,-8.240536e-7,4.553411e-7,9.414881e-7,151.077,8.721061e-7,0,0,0,0
5885,1780760090920,14.606,0,-8.041336e-7,4.320330e-7,9.128435e-7,151.752,8.729025e-7,0,0,0,0
5886,1780760090971,14.484,0,-7.872346e-7,4.229068e-7,8.936378e-7,151.755,8.738228e-7,0,0,0,0
5887,1780760091022,14.567,0,-7.549272e-7,4.095903e-7,8.588826e-7,151.518,8.743854e-7,0,0,0,0
5888,1780760091073,14.473,0,-7.351176e-7,4.097008e-7,8.415775e-7,150.868,8.749648e-7,0,0,0,0
5889,1780760091124,14.603,0,-7.142586e-7,4.007518e-7,8.190039e-7,150.704,8.753073e-7,0,0,0,0
5890,1780760091174,11.901,0,-6.928993e-7,3.972762e-7,7.987101e-7,150.172,8.755637e-7,0,0,0,0
5891,1780760091223,13.999,0,-6.697876e-7,3.948533e-7,7.775118e-7,149.480,8.758322e-7,0,0,0,0
5892,1780760091274,14.623,0,-6.434620e-7,3.926068e-7,7.537795e-7,148.611,8.759625e-7,0,0,0,0
5893,1780760091323,12.830,0,-6.330800e-7,4.067176e-7,7.524689e-7,147.282,8.761122e-7,0,0,0,0
5894,1780760091373,13.894,0,-6.149779e-7,4.110552e-7,7.397054e-7,146.241,8.762109e-7,0,0,0,0
5895,1780760091424,13.898,0,-6.109142e-7,4.237102e-7,7.434692e-7,145.256,8.763562e-7,0,0,0,0
5896,1780760091475,13.895,0,-6.028994e-7,4.332091e-7,7.424000e-7,144.301,8.765100e-7,0,0,0,0
5897,1780760091527,13.282,0,-5.978321e-7,4.415009e-7,7.431866e-7,143.554,8.766746e-7,0,0,0,0
5898,1780760091575,12.698,0,-6.109082e-7,4.550709e-7,7.617732e-7,143.317,8.769599e-7,0,0,0,0
5899,1780760091624,14.612,0,-6.230682e-7,4.637598e-7,7.767156e-7,143.339,8.772412e-7,0,0,0,0
5900,1780760091674,12.897,0,-6.517972e-7,4.849683e-7,8.124247e-7,143.349,8.777487e-7,0,0,0,0
5901,1780760091724,13.869,0,-6.706146e-7,4.991875e-7,8.360097e-7,143.337,8.782310e-7,0,0,0,0
5902,1780760091774,12.281,0,-6.947762e-7,5.101455e-7,8.619527e-7,143.712,8.787829e-7,0,0,0,0
5903,1780760091824,13.274,0,-7.197362e-7,5.183210e-7,8.869480e-7,144.240,8.796765e-7,0,0,0,0
5904,1780760091875,13.349,0,-7.359308e-7,5.174621e-7,8.996451e-7,144.887,8.804321e-7,0,0,0,0
5905,1780760091924,11.932,0,-7.665385e-7,5.209234e-7,9.267915e-7,145.801,8.815470e-7,0,0,0,0
5906,1780760091974,13.305,0,-7.850540e-7,5.112991e-7,9.368760e-7,146.924,8.824555e-7,0,0,0,0
5907,1780760092025,13.270,0,-8.154669e-7,5.031864e-7,9.582185e-7,148.323,8.834101e-7,0,0,0,0
5908,1780760092074,12.209,0,-8.292972e-7,4.815011e-7,9.589459e-7,149.860,8.847807e-7,0,0,0,0
5909,1780760092122,11.766,0,-8.377315e-7,4.591251e-7,9.552957e-7,151.275,8.858209e-7,0,0,0,0
5910,1780760092171,13.819,0,-8.441514e-7,4.347655e-7,9.495329e-7,152.750,8.872138e-7,0,0,0,0
5911,1780760092223,13.182,0,-8.358091e-7,4.059698e-7,9.291870e-7,154.093,8.882160e-7,0,0,0,0
5912,1780760092274,13.297,0,-8.371479e-7,3.880347e-7,9.227067e-7,155.131,8.894649e-7,0,0,0,0
5913,1780760092324,13.942,0,-8.195682e-7,3.625954e-7,8.961961e-7,156.134,8.902984e-7,0,0,0,0
5914,1780760092373,12.817,0,-8.071014e-7,3.425443e-7,8.767835e-7,157.003,8.910171e-7,0,0,0,0
5915,1780760092423,14.602,0,-7.837142e-7,3.176196e-7,8.456300e-7,157.939,8.918167e-7,0,0,0,0
5916,1780760092474,14.508,0,-7.560344e-7,2.954673e-7,8.117198e-7,158.654,8.922694e-7,0,0,0,0
5917,1780760092523,12.800,0,-7.354297e-7,2.866989e-7,7.893372e-7,158.702,8.926998e-7,0,0,0,0
5918,1780760092572,11.964,0,-7.087804e-7,2.796746e-7,7.619630e-7,158.467,8.928885e-7,0,0,0,0
5919,1780760092622,13.313,0,-6.932153e-7,2.797701e-7,7.475418e-7,158.022,8.929915e-7,0,0,0,0
5920,1780760092673,13.299,0,-6.632926e-7,2.765824e-7,7.186480e-7,157.365,8.929981e-7,0,0,0,0
5921,1780760092724,13.252,0,-6.490236e-7,2.803845e-7,7.069987e-7,156.635,8.929213e-7,0,0,0,0
5922,1780760092773,12.444,0,-6.328700e-7,2.857332e-7,6.943831e-7,155.701,8.928168e-7,0,0,0,0
5923,1780760092822,13.717,0,-6.197403e-7,2.980548e-7,6.876879e-7,154.315,8.927451e-7,0,0,0,0
5924,1780760092874,13.261,0,-6.174516e-7,3.168688e-7,6.940118e-7,152.834,8.927201e-7,0,0,0,0
5925,1780760092923,11.937,0,-6.025418e-7,3.334235e-7,6.886421e-7,151.042,8.927361e-7,0,0,0,0
5926,1780760092973,13.139,0,-6.109091e-7,3.606607e-7,7.094266e-7,149.444,8.928006e-7,0,0,0,0
5927,1780760093023,14.478,0,-6.200805e-7,3.880532e-7,7.314951e-7,147.961,8.929806e-7,0,0,0,0
5928,1780760093072,13.493,0,-6.352022e-7,4.162425e-7,7.594338e-7,146.764,8.931874e-7,0,0,0,0
5929,1780760093122,13.784,0,-6.511887e-7,4.416180e-7,7.868121e-7,145.856,8.935776e-7,0,0,0,0
5930,1780760093172,11.961,0,-6.675729e-7,4.632336e-7,8.125509e-7,145.243,8.939410e-7,0,0,0,0
5931,1780760093221,14.068,0,-7.000340e-7,4.870302e-7,8.527872e-7,145.173,8.943958e-7,0,0,0,0
5932,1780760093271,14.569,0,-7.224555e-7,4.970629e-7,8.769341e-7,145.471,8.951616e-7,0,0,0,0
5933,1780760093320,14.064,0,-7.588510e-7,5.077043e-7,9.130271e-7,146.216,8.958422e-7,0,0,0,0
5934,1780760093369,12.688,0,-7.834437e-7,5.109275e-7,9.353239e-7,146.889,8.968904e-7,0,0,0,0
5935,1780760093420,13.173,0,-8.082469e-7,5.069977e-7,9.541015e-7,147.901,8.977530e-7,0,0,0,0
5936,1780760093469,12.082,0,-8.404398e-7,5.015491e-7,9.787188e-7,149.173,8.986945e-7,0,0,0,0
5937,1780760093519,13.380,0,-8.614276e-7,4.877564e-7,9.899312e-7,150.481,9.000536e-7,0,0,0,0
5938,1780760093570,13.307,0,-8.931054e-7,4.730920e-7,1.010670e-6,152.089,9.011432e-7,0,0,0,0
5939,1780760093619,12.226,0,-9.023794e-7,4.480362e-7,1.007484e-6,153.595,9.026756e-7,0,0,0,0
5940,1780760093669,13.296,0,-9.071796e-7,4.179620e-7,9.988328e-7,155.263,9.038319e-7,0,0,0,0
5941,1780760093717,12.691,0,-8.949060e-7,3.833103e-7,9.735418e-7,156.813,9.053495e-7,0,0,0,0
5942,1780760093766,11.839,0,-8.800759e-7,3.495357e-7,9.469471e-7,158.339,9.064157e-7,0,0,0,0
5943,1780760093816,13.321,0,-8.662699e-7,3.175804e-7,9.226489e-7,159.867,9.074309e-7,0,0,0,0
5944,1780760093866,13.688,0,-8.394887e-7,2.845224e-7,8.863940e-7,161.277,9.086638e-7,0,0,0,0
5945,1780760093918,13.266,0,-8.185633e-7,2.566150e-7,8.578445e-7,162.594,9.094961e-7,0,0,0,0
5946,1780760093968,13.807,0,-7.717534e-7,2.254070e-7,8.039972e-7,163.718,9.104458e-7,0,0,0,0
5947,1780760094019,14.406,0,-7.374971e-7,1.990403e-7,7.638842e-7,164.897,9.110169e-7,0,0,0,0
5948,1780760094070,14.015,0,-7.013894e-7,1.769052e-7,7.233551e-7,165.844,9.114995e-7,0,0,0,0
5949,1780760094119,13.391,0,-6.679180e-7,1.591827e-7,6.866248e-7,166.595,9.120076e-7,0,0,0,0
5950,1780760094169,13.900,0,-6.504822e-7,1.497558e-7,6.674982e-7,167.035,9.123312e-7,0,0,0,0
5951,1780760094219,12.211,0,-6.251561e-7,1.442593e-7,6.415847e-7,167.006,9.127254e-7,0,0,0,0
5952,1780760094269,13.284,0,-6.187676e-7,1.476882e-7,6.361486e-7,166.576,9.130154e-7,0,0,0,0
5953,1780760094320,13.289,0,-6.025266e-7,1.539662e-7,6.218874e-7,165.666,9.133076e-7,0,0,0,0
5954,1780760094370,14.525,0,-6.008551e-7,1.676011e-7,6.237924e-7,164.414,9.137017e-7,0,0,0,0
5955,1780760094420,12.216,0,-6.084475e-7,1.755866e-7,6.332764e-7,163.903,9.140251e-7,0,0,0,0
5956,1780760094468,14.628,0,-6.155041e-7,1.871363e-7,6.433237e-7,163.089,9.144933e-7,0,0,0,0
5957,1780760094519,11.886,0,-6.341739e-7,2.056296e-7,6.666784e-7,162.035,9.148862e-7,0,0,0,0
5958,1780760094569,13.316,0,-6.461115e-7,2.257597e-7,6.844176e-7,160.740,9.154619e-7,0,0,0,0
5959,1780760094619,13.885,0,-6.781608e-7,2.484945e-7,7.222545e-7,159.876,9.159389e-7,0,0,0,0
5960,1780760094669,12.338,0,-6.999945e-7,2.698757e-7,7.502168e-7,158.916,9.164646e-7,0,0,0,0
5961,1780760094718,13.502,0,-7.316287e-7,2.882200e-7,7.863532e-7,158.498,9.172288e-7,0,0,0,0
5962,1780760094769,13.565,0,-7.621098e-7,2.965062e-7,8.177574e-7,158.741,9.178725e-7,0,0,0,0
5963,1780760094821,13.382,0,-7.849865e-7,2.988278e-7,8.399415e-7,159.159,9.188125e-7,0,0,0,0
5964,1780760094872,13.236,0,-8.130886e-7,2.956103e-7,8.651581e-7,160.021,9.195856e-7,0,0,0,0
5965,1780760094923,13.337,0,-8.250564e-7,2.763721e-7,8.701147e-7,161.481,9.204060e-7,0,0,0,0
5966,1780760094974,13.179,0,-8.489618e-7,2.626128e-7,8.886516e-7,162.811,9.215483e-7,0,0,0,0
5967,1780760095024,14.011,0,-8.573930e-7,2.473506e-7,8.923593e-7,163.908,9.224514e-7,0,0,0,0
5968,1780760095075,14.376,0,-8.676581e-7,2.325327e-7,8.982772e-7,164.997,9.236662e-7,0,0,0,0
5969,1780760095124,12.800,0,-8.728519e-7,2.166121e-7,8.993282e-7,166.063,9.246007e-7,0,0,0,0
5970,1780760095174,13.831,0,-8.642367e-7,1.996414e-7,8.869959e-7,166.993,9.255262e-7,0,0,0,0
5971,1780760095226,13.281,0,-8.646479e-7,1.859970e-7,8.844269e-7,167.860,9.267218e-7,0,0,0,0
5972,1780760095274,12.721,0,-8.463905e-7,1.685522e-7,8.630102e-7,168.737,9.275863e-7,0,0,0,0
5973,1780760095324,13.764,0,-8.359278e-7,1.521685e-7,8.496650e-7,169.683,9.286592e-7,0,0,0,0
5974,1780760095374,11.930,0,-8.095458e-7,1.459259e-7,8.225927e-7,169.782,9.294067e-7,0,0,0,0
5975,1780760095424,13.236,0,-7.860852e-7,1.402934e-7,7.985063e-7,169.881,9.302835e-7,0,0,0,0
5976,1780760095473,11.781,0,-7.591791e-7,1.318268e-7,7.705396e-7,170.149,9.308643e-7,0,0,0,0
5977,1780760095523,13.193,0,-7.220668e-7,1.252231e-7,7.328447e-7,170.161,9.313616e-7,0,0,0,0
5978,1780760095574,13.333,0,-6.934870e-7,1.189306e-7,7.036112e-7,170.269,9.319074e-7,0,0,0,0
5979,1780760095624,13.816,0,-6.518786e-7,1.127358e-7,6.615551e-7,170.188,9.322411e-7,0,0,0,0
5980,1780760095674,11.841,0,-6.260942e-7,1.113211e-7,6.359138e-7,169.918,9.325906e-7,0,0,0,0
5981,1780760095722,14.542,0,-5.942773e-7,1.110179e-7,6.045581e-7,169.418,9.328000e-7,0,0,0,0
5982,1780760095772,12.681,0,-5.740786e-7,1.129730e-7,5.850890e-7,168.867,9.329688e-7,0,0,0,0
5983,1780760095821,12.161,0,-5.647414e-7,1.141462e-7,5.761616e-7,168.573,9.331696e-7,0,0,0,0
5984,1780760095870,13.992,0,-5.553019e-7,1.104947e-7,5.661884e-7,168.746,9.333140e-7,0,0,0,0
5985,1780760095920,12.069,0,-5.644414e-7,1.179219e-7,5.766278e-7,168.200,9.335259e-7,0,0,0,0
5986,1780760095970,13.267,0,-5.628447e-7,1.303427e-7,5.777399e-7,166.961,9.337092e-7,0,0,0,0
5987,1780760096019,14.626,0,-5.758855e-7,1.498343e-7,5.950583e-7,165.416,9.339114e-7,0,0,0,0
5988,1780760096070,14.541,0,-5.845070e-7,1.700950e-7,6.087534e-7,163.775,9.342277e-7,0,0,0,0
5989,1780760096121,14.548,0,-5.974169e-7,1.916076e-7,6.273918e-7,162.218,9.344904e-7,0,0,0,0
5990,1780760096172,11.745,0,-6.239985e-7,2.156303e-7,6.602049e-7,160.937,9.348913e-7,0,0,0,0
5991,1780760096221,13.638,0,-6.391458e-7,2.407243e-7,6.829755e-7,159.362,9.352345e-7,0,0,0,0
5992,1780760096272,14.461,0,-6.726487e-7,2.667802e-7,7.236214e-7,158.366,9.357395e-7,0,0,0,0
5993,1780760096322,14.609,0,-6.936389e-7,3.020650e-7,7.565568e-7,156.468,9.361676e-7,0,0,0,0
5994,1780760096371,14.287,0,-7.267591e-7,3.324477e-7,7.991873e-7,155.419,9.366257e-7,0,0,0,0
5995,1780760096422,14.443,0,-7.571188e-7,3.545052e-7,8.360041e-7,154.910,9.373224e-7,0,0,0,0
5996,1780760096472,14.642,0,-7.808786e-7,3.642774e-7,8.616667e-7,154.991,9.378946e-7,0,0,0,0
5997,1780760096524,14.477,0,-8.122687e-7,3.664263e-7,8.910941e-7,155.719,9.387303e-7,0,0,0,0
5998,1780760096573,12.727,0,-8.279407e-7,3.618426e-7,9.035573e-7,156.393,9.394069e-7,0,0,0,0
5999,1780760096623,14.051,0,-8.589585e-7,3.525888e-7,9.285088e-7,157.683,9.401121e-7,0,0,0,0
